g_D,v,lambda,beta_lambda,m_rho,Tn,Tp,Tr,alpha,beta_H,f_peak_est,eternal_inflation,status,failure_reason,scan_id
0.8804444864382975,0.01,0.002853970290934362,0.0028540734504189083,0.0005342352899630376,3.092532501243742e-07,1.9008227033618824e-07,0.000831185802586491,365616699395144.94,15.456895982666195,1.430549043158019e-09,False,viable,,coarse_pta
0.8804444864382975,0.01438449888287663,0.002853970290934362,0.0028540734504189083,0.0007684706931666587,3.9679522564514036e-07,2.4249032959812096e-07,0.0011956186880014107,591007623822658.5,15.094075937014395,2.0094707148935064e-09,False,viable,,coarse_pta
0.9675141093816337,0.01,0.004161699935790405,0.004161919292940546,0.000645129389575498,6.0235886902655225e-06,3.989361086590145e-06,0.0009133636848690032,2747651020.082207,23.601019739246002,2.4002944871682044e-09,False,viable,,coarse_pta
0.8804444864382975,0.0206913808111479,0.002853970290934362,0.0028540734504189083,0.0011054065827379232,5.072341414004615e-07,3.0809410954541815e-07,0.0017198367815390197,970991327079056.9,14.732546319976336,2.821289396695912e-09,False,viable,,coarse_pta
0.9675141093816337,0.01438449888287663,0.004161699935790405,0.004161919292940546,0.0009279862983659632,8.1159796573449e-06,5.3618005301956384e-06,0.0013138153202329637,3604912052.3651385,23.14125661614241,3.3854316466900174e-09,False,viable,,coarse_pta
1.063194291373574,0.01,0.006068649842142382,0.006069116280681986,0.0007790453312023625,4.1180263153708184e-05,3.082613083340964e-05,0.0010035073689526324,1123067.3660977865,35.167124277421635,3.930081796938792e-09,False,viable,,coarse_pta
0.8804444864382975,0.029763514416313176,0.002853970290934362,0.0028540734504189083,0.001590071975451812,6.458666719816461e-07,3.897572740722447e-07,0.0024738976177247855,1623117546631926.8,14.372226333733808,3.959027548008387e-09,False,viable,,coarse_pta
0.9675141093816337,0.0206913808111479,0.004161699935790405,0.004161919292940546,0.0013348617872170018,1.0917672548924425e-05,7.194088975060034e-06,0.0018898333619103238,4762015741.467407,22.684120265139995,4.773555103820204e-09,False,viable,,coarse_pta
1.063194291373574,0.01438449888287663,0.006068649842142382,0.006069116280681986,0.0011206176696390638,5.6842468735255866e-05,4.2350538936461796e-05,0.001443379146392711,1349228.8481013605,34.49115191891394,5.544412485177042e-09,False,viable,,coarse_pta
0.8804444864382975,0.04281332398719394,0.002853970290934362,0.0028540734504189083,0.0022872388554580026,8.189542737929222e-07,4.907956771697314e-07,0.00355857524501013,2763768722212175.0,14.013026026063358,5.552531606215198e-09,False,viable,,coarse_pta
1.1683365547318127,0.01,0.008849391228284261,0.008850383057869428,0.0009407647451870967,0.00015216583720624523,0.00012126931931683828,0.001067755403316154,6009.122884090541,50.912610814748405,6.185743685898471e-09,False,viable,,coarse_pta
0.9675141093816337,0.029763514416313176,0.004161699935790405,0.004161919292940546,0.0019201317887017652,1.4661995571941905e-05,9.635324251865475e-06,0.002718384329774521,6335459147.984887,22.229589539719537,6.728894453629716e-09,False,viable,,coarse_pta
0.8804444864382975,0.06158482110660264,0.002853970290934362,0.0028540734504189083,0.003290078476120766,1.033806966562763e-06,6.149828717985287e-07,0.005118827731541447,4799875532365026.0,13.654844882410089,7.782882846283607e-09,False,viable,,coarse_pta
1.063194291373574,0.0206913808111479,0.006068649842142382,0.006069116280681986,0.0016119523617054924,7.839263366266885e-05,5.7763347469736634e-05,0.0020730884184830102,1659058.2203706852,33.73368148344014,7.796275688003937e-09,False,viable,,coarse_pta
1.1683365547318127,0.01438449888287663,0.008849391228284261,0.008850383057869428,0.001353242942619351,0.0002130847901402053,0.00016920875555919142,0.0014924035134685192,6050.370242780903,49.95162946941888,8.646707795734075e-09,False,viable,,coarse_pta
0.9675141093816337,0.04281332398719394,0.004161699935790405,0.004161919292940546,0.002762013356955645,1.965615724629804e-05,1.2880940930595526e-05,0.00391017117870381,8491662530.850736,21.777641288124983,9.482319282266893e-09,False,viable,,coarse_pta
1.2838766312026584,0.01,0.012904307737021845,0.012906416752127777,0.001136064115801911,0.00036921647826678,0.0003130163893100055,0.0010974362094593796,150.0945612587528,76.60105261879835,1.0012587627599026e-08,False,viable,,coarse_pta
0.8804444864382975,0.08858667904100823,0.002853970290934362,0.0028540734504189083,0.004732613016433558,1.2988224877404388e-06,7.665234056182394e-07,0.007363169399042979,8514467388942261.0,13.297570108022684,1.0902361915718867e-08,False,viable,,coarse_pta
1.063194291373574,0.029763514416313176,0.006068649842142382,0.006069116280681986,0.002318712694620299,0.00010801472926314389,7.926977043947494e-05,0.0029629909263343924,1952048.7597946275,33.08497050652193,1.0975429302129645e-08,False,viable,,coarse_pta
1.1683365547318127,0.0206913808111479,0.008849391228284261,0.008850383057869428,0.0019465721596368737,0.0002982294468534693,0.0002371424312586741,0.002094407437954669,6083.257888252891,49.15342061187289,1.2138814228259455e-08,False,viable,,coarse_pta
0.9675141093816337,0.06158482110660264,0.004161699935790405,0.004161919292940546,0.00397301780476188,2.630347845459843e-05,1.7572730887765583e-05,0.005624401384477072,10494172361.630133,21.45962390711986,1.3440512966928045e-08,False,viable,,coarse_pta
1.2838766312026584,0.01438449888287663,0.012904307737021845,0.012906416752127777,0.0016341713004628814,0.0005224138261015194,0.00044286572310867767,0.0015599795438866605,152.95271119424658,75.21746507588034,1.4086324763838242e-08,False,viable,,coarse_pta
0.8804444864382975,0.12742749857031335,0.002853970290934362,0.0028540734504189083,0.006807626664797591,1.6234673755518065e-06,9.499786936711642e-07,0.01059153665233003,1.5451848236480294e+16,12.941074561069854,1.5262061428451206e-08,False,viable,,coarse_pta
1.063194291373574,0.04281332398719394,0.006068649842142382,0.006069116280681986,0.003335352016547755,0.0001486901978230881,0.00010856699102359079,0.004192673089580362,2224193.684557948,32.429336228219086,1.5390245140727423e-08,False,viable,,coarse_pta
1.1683365547318127,0.029763514416313176,0.008849391228284261,0.008850383057869428,0.0028000465055735345,0.000417161746838718,0.0003302146936730714,0.0029601612434592803,6456.670710785993,48.18680582660306,1.7017582323178317e-08,False,viable,,coarse_pta
0.9675141093816337,0.08858667904100823,0.004161699935790405,0.004161919292940546,0.005714987017424619,3.5131852944211984e-05,2.3404123675994405e-05,0.0080900908006684,14277232976.36674,21.00991238012284,1.8928091792255173e-08,False,viable,,coarse_pta
1.4108427896674494,0.01,0.018817244472086412,0.01882172905772851,0.0013719230684600542,0.0006339757951976734,0.0005756390475848151,0.001199443568523857,17.850301308277896,131.2869779522714,1.8974654311022063e-08,False,viable,,coarse_pta
1.2838766312026584,0.0206913808111479,0.012904307737021845,0.012906416752127777,0.0023506735245937367,0.0007388900651905968,0.0006240660039018642,0.0022290280131717645,161.75712363974503,73.56612320729994,1.977242685889639e-08,False,viable,,coarse_pta
0.8804444864382975,0.18329807108324356,0.002853970290934362,0.0028540734504189083,0.00979242981548221,2.0181649420364666e-06,1.170126376122597e-06,0.015235371330057191,2.873962511347787e+16,12.585214213629568,2.135000516999397e-08,False,viable,,coarse_pta
1.063194291373574,0.06158482110660264,0.006068649842142382,0.006069116280681986,0.00479773673560315,0.0002044837716037031,0.0001485192087077369,0.005882820522613875,2461567.2889572904,31.778944378444862,2.1515013959068313e-08,False,viable,,coarse_pta
1.1683365547318127,0.04281332398719394,0.008849391228284261,0.008850383057869428,0.004027726583142511,0.0005831858874365497,0.00045946937760201276,0.004214224075398525,7075.918707346301,47.229818225659415,2.3910147618885246e-08,False,viable,,coarse_pta
1.5503649873991951,0.01,0.027439572640258952,0.027449108611966654,0.0016567772515328262,0.0009798241318028534,0.0008906157682563494,0.0013617687841107917,4.465777876152693,156.01868565420318,2.5674096030982337e-08,False,viable,,coarse_pta
0.9675141093816337,0.12742749857031335,0.004161699935790405,0.004161919292940546,0.00822072243677989,4.682998513209371e-05,2.991731161385377e-05,0.011636662154214479,22888822048.863987,20.348209899410108,2.6369200891010954e-08,False,viable,,coarse_pta
1.4108427896674494,0.01438449888287663,0.018817244472086412,0.01882172905772851,0.0019734425845656326,0.0009036922047433682,0.0008191504249584313,0.0017184151901857658,18.366795583907784,128.86647154597597,2.6748330602295908e-08,False,viable,,coarse_pta
1.2838766312026584,0.029763514416313176,0.012904307737021845,0.012906416752127777,0.003381326068852626,0.001044651967797596,0.000879968764461448,0.003195845408865719,172.9698649804411,72.03375926604849,2.7816933743748538e-08,False,viable,,coarse_pta
1.063194291373574,0.08858667904100823,0.006068649842142382,0.006069116280681986,0.006901303871361964,0.0002809294447298938,0.00020435480261957816,0.00824480711768939,2649612.973069889,31.220443394857966,3.014181186918928e-08,False,viable,,coarse_pta
1.1683365547318127,0.06158482110660264,0.008849391228284261,0.008850383057869428,0.005793682853574597,0.00081479901334901,0.0006399848927604358,0.00602613469173321,7859.975607143261,46.33229503360781,3.3673299335431406e-08,False,viable,,coarse_pta
1.5503649873991951,0.01438449888287663,0.027439572640258952,0.027449108611966654,0.002383191052384935,0.0013981096957532814,0.001268307464945031,0.001953391268759282,4.626764960179501,153.47425231126977,3.625630979093505e-08,False,viable,,coarse_pta
0.9675141093816337,0.18329807108324356,0.004161699935790405,0.004161919292940546,0.011825097270829915,6.229327560799886e-05,4.004102917390655e-05,0.01673757507196307,30531576188.892365,19.959718386431287,3.720571869266318e-08,False,viable,,coarse_pta
1.4108427896674494,0.0206913808111479,0.018817244472086412,0.01882172905772851,0.0028386982653105515,0.001288398041311859,0.0011650301886174128,0.0024671277331913327,19.110266445736954,126.23974680818151,3.765520180389031e-08,False,viable,,coarse_pta
1.2838766312026584,0.04281332398719394,0.012904307737021845,0.012906416752127777,0.004863868106005222,0.0014763335546261554,0.001240453455603235,0.004591205551752808,186.665765409569,70.54286836944357,3.916570119621779e-08,False,viable,,coarse_pta
1.7036849263126388,0.01,0.04001277380420642,0.04003305098557108,0.002000826104027311,0.0013869585442362912,0.0012890293374644868,0.0016170772446859648,1.4766911733579027,213.6715199411583,4.178886825789636e-08,False,viable,,coarse_pta
1.063194291373574,0.12742749857031335,0.006068649842142382,0.006069116280681986,0.009927179782799833,0.000385550722177107,0.0002785615141524057,0.011623994334187236,3032054.1797879916,30.564488586961144,4.2163391723982864e-08,False,viable,,coarse_pta
1.1683365547318127,0.08858667904100823,0.008849391228284261,0.008850383057869428,0.008333922453498522,0.0011376979760374796,0.0008910353344310604,0.008642754204568727,8850.745974289504,45.450890654450404,4.7469081183086545e-08,False,viable,,coarse_pta
1.5503649873991951,0.0206913808111479,0.027439572640258952,0.027449108611966654,0.003428100903071268,0.0019947133452369523,0.00180767071194697,0.0028029931973224675,4.781105416167003,151.22397096430973,5.1297122944029825e-08,False,viable,,coarse_pta
0.9675141093816337,0.26366508987303583,0.004161699935790405,0.004161919292940546,0.01700980984821604,8.268154971520615e-05,5.266767683544047e-05,0.02405541077630782,43518554474.05426,19.493314740969936,5.225295889638783e-08,False,viable,,coarse_pta
1.4108427896674494,0.029763514416313176,0.018817244472086412,0.01882172905772851,0.004083325202618343,0.001837434557666355,0.0016570340727708405,0.0035424161629930883,19.886831744769566,123.56948332858052,5.297023295336166e-08,False,viable,,coarse_pta
1.2838766312026584,0.06158482110660264,0.012904307737021845,0.012906416752127777,0.0069964305337291395,0.0020855198188561934,0.0017477435633861114,0.006596427699253243,201.91977924991875,69.0770993781342,5.514188253148931e-08,False,viable,,coarse_pta
1.7036849263126388,0.01438449888287663,0.04001277380420642,0.04003305098557108,0.0028780880858211254,0.001983924533550883,0.0018414253177589483,0.0023183313292224478,1.512381442257385,209.7057647254843,5.883594772052289e-08,False,viable,,coarse_pta
1.063194291373574,0.18329807108324356,0.006068649842142382,0.006069116280681986,0.014279750649579965,0.0005285604849116199,0.00038112851173570416,0.016500428955612052,3513136.7776651313,29.97297723210579,5.921404452389076e-08,False,viable,,coarse_pta
1.1683365547318127,0.12742749857031335,0.008849391228284261,0.008850383057869428,0.011987929822232997,0.0015875527419278465,0.0012396313189090174,0.012418872810432727,10071.99357142105,44.5771369708865,6.694519919263368e-08,False,viable,,coarse_pta
1.8721671037050718,0.01,0.0583471939777076,0.0583903111446517,0.002416408722560232,0.0018129152289868564,0.0017158770390285035,0.0019545553495126347,0.6836322746830762,303.66183719955586,7.182418210140829e-08,False,viable,,coarse_pta
1.5503649873991951,0.029763514416313176,0.027439572640258952,0.027449108611966654,0.004931151361061699,0.00284552574812514,0.00257579898166418,0.004024186894232902,4.95750891197747,148.99733055449357,7.258036585116736e-08,False,viable,,coarse_pta
0.9675141093816337,0.37926901907322497,0.004161699935790405,0.004161919292940546,0.02446775907596075,0.00010949118940218762,6.908411678828875e-05,0.034488124976942564,62110567268.471275,19.029804580881663,7.329510108270521e-08,False,viable,,coarse_pta
1.4108427896674494,0.04281332398719394,0.018817244472086412,0.01882172905772851,0.005873658681548555,0.002621842587029377,0.0023568656669842388,0.00509062049501384,20.764243025420424,120.88140063775654,7.448813307476576e-08,False,viable,,coarse_pta
1.2838766312026584,0.08858667904100823,0.012904307737021845,0.012906416752127777,0.010064014719655068,0.0029448019585652085,0.0024601965500661177,0.009483622040716178,219.8094869618526,67.60773881018167,7.761276777365909e-08,False,viable,,coarse_pta
1.7036849263126388,0.0206913808111479,0.04001277380420642,0.04003305098557108,0.0041399854855314515,0.0028375656059216976,0.002630951326656493,0.0033251766489982293,1.5515708600976763,205.9457116895089,8.289531731235613e-08,False,viable,,coarse_pta
1.063194291373574,0.26366508987303583,0.006068649842142382,0.006069116280681986,0.02054070572666399,0.0007238005361011923,0.0005183777210363018,0.02355225619503271,4261324.953000946,29.332289870922065,8.314121981104399e-08,False,viable,,coarse_pta
1.1683365547318127,0.18329807108324356,0.008849391228284261,0.008850383057869428,0.017244036313591397,0.0022138357204904836,0.0017221555617248083,0.01784483785066495,11527.18427400655,43.69495296579373,9.435775559381049e-08,False,viable,,coarse_pta
1.8721671037050718,0.01438449888287663,0.0583471939777076,0.0583903111446517,0.0034758828570240997,0.0025977542491022153,0.002456231980205634,0.0028029377769977016,0.6958065216683512,297.9026703407754,1.0107654211678831e-07,False,viable,,coarse_pta
1.5503649873991951,0.04281332398719394,0.027439572640258952,0.027449108611966654,0.007093214124448759,0.0040586887874013156,0.003669577025759328,0.005779371988499728,5.15259831438678,146.80545303394865,1.0270352725287034e-07,False,viable,,coarse_pta
0.9675141093816337,0.5455594781168517,0.004161699935790405,0.004161919292940546,0.03519564530946517,0.00014464455106895594,9.221600093689712e-05,0.04911970622260522,80500375191.61142,18.666496313670677,1.0307704950822792e-07,False,viable,,coarse_pta
1.4108427896674494,0.06158482110660264,0.018817244472086412,0.01882172905772851,0.00844896367431338,0.0037451747067870998,0.0033501565652942836,0.007318555795953156,21.774095525500133,118.04974224497754,1.0458103952877657e-07,False,viable,,coarse_pta
1.2838766312026584,0.12742749857031335,0.012904307737021845,0.012906416752127777,0.01447658084921323,0.004156282293780382,0.003462201994485262,0.013640419313772119,239.93576645844269,66.18187633429784,1.0927713990189864e-07,False,viable,,coarse_pta
1.7036849263126388,0.029763514416313176,0.04001277380420642,0.04003305098557108,0.005955161659175259,0.004058111168689199,0.0037587025358249157,0.004770405403201782,1.5945934963538702,202.25555124913797,1.1679338929416464e-07,False,viable,,coarse_pta
1.063194291373574,0.37926901907322497,0.006068649842142382,0.006069116280681986,0.029546775857869568,0.0009900001523752138,0.0007062740690628511,0.03372753054575731,5200499.370547119,28.73154315361148,1.1697055218768625e-07,False,viable,,coarse_pta
2.0573109558358813,0.01,0.08508270538130867,0.08517438923281902,0.0029184651656790255,0.002245579967650184,0.002153323854488788,0.0023429607158993774,0.40159526443333765,426.54944331619055,1.2096279038978884e-07,False,viable,,coarse_pta
1.1683365547318127,0.26366508987303583,0.008849391228284261,0.008850383057869428,0.02480468210891395,0.003085102450165389,0.0023915481595069466,0.025657416002414654,13246.53695635011,42.83119865469587,1.3302573504489649e-07,False,viable,,coarse_pta
1.8721671037050718,0.0206913808111479,0.0583471939777076,0.0583903111446517,0.004999883307387319,0.0037221314052878892,0.003516615507912943,0.004020780066505391,0.7089986706181802,292.49922801514566,1.4236314231061649e-07,False,viable,,coarse_pta
0.9675141093816337,0.7847599703514611,0.004161699935790405,0.004161919292940546,0.05062717206361239,0.0001905998372278308,0.00012035702669910201,0.06943062723801632,110743578583.73639,18.20970043787895,1.4380155153335456e-07,False,viable,,coarse_pta
1.5503649873991951,0.06158482110660264,0.027439572640258952,0.027449108611966654,0.01020323306491379,0.00578825185420834,0.005226809538248377,0.008299552624820026,5.357290133301038,144.65444016269657,1.4533778649017904e-07,False,viable,,coarse_pta
1.4108427896674494,0.08858667904100823,0.018817244472086412,0.01882172905772851,0.012153410853462597,0.005360762410124007,0.004760802737244011,0.01052120765227192,22.852923800714038,115.18950637508853,1.4671027353388146e-07,False,viable,,coarse_pta
1.2838766312026584,0.18329807108324356,0.012904307737021845,0.012906416752127777,0.02082383610533809,0.005863488999021581,0.004869737534144415,0.019617837382205128,262.379702494106,64.78062466024426,1.5384402501068225e-07,False,viable,,coarse_pta
1.7036849263126388,0.04281332398719394,0.04001277380420642,0.04003305098557108,0.008566201623375626,0.0058030421977041625,0.0053689635854850416,0.006843167337665406,1.6391666009344013,198.588345790867,1.6451521910409777e-07,False,viable,,coarse_pta
1.063194291373574,0.5455594781168517,0.006068649842142382,0.006069116280681986,0.042501556432013074,0.0013524580501205119,0.0009597216100824383,0.04842282833435312,6480663.138579562,28.12170237478995,1.6458018770241628e-07,False,viable,,coarse_pta
2.0573109558358813,0.01438449888287663,0.08508270538130867,0.08517438923281902,0.00419806589154243,0.003221415105270515,0.0030865579198390385,0.0033616384456602528,0.4070394810256078,418.47276633964725,1.7028669825472436e-07,False,viable,,coarse_pta
1.1683365547318127,0.37926901907322497,0.008849391228284261,0.008850383057869428,0.03568029220857826,0.004296266925518309,0.0033186156445324053,0.036906813873003035,15295.722694921895,41.97711236643897,1.8753469976056813e-07,False,viable,,coarse_pta
1.8721671037050718,0.029763514416313176,0.0583471939777076,0.0583903111446517,0.007192081584962636,0.005332792796656693,0.005034510578875943,0.005767492774389425,0.7223412591371206,287.1871117801277,2.005118013639698e-07,False,viable,,coarse_pta
0.9675141093816337,1.1288378916846884,0.004161699935790405,0.004161919292940546,0.07282464999922351,0.0002504847365443914,0.00015817121617714387,0.09757989869245891,144854381419.9816,17.800503264041367,2.006439030762272e-07,False,viable,,coarse_pta
1.4108427896674494,0.12742749857031335,0.018817244472086412,0.01882172905772851,0.017482072484477345,0.007629184854206783,0.006761778155828712,0.015124200695103097,24.029147321121396,112.26312332347275,2.0555820139340232e-07,False,viable,,coarse_pta
1.5503649873991951,0.08858667904100823,0.027439572640258952,0.027449108611966654,0.014676839462398221,0.00825366261825745,0.007443512947831706,0.0119183236004492,5.572777023042555,142.54959186652627,2.0569376779864568e-07,False,viable,,coarse_pta
1.2838766312026584,0.26366508987303583,0.012904307737021845,0.012906416752127777,0.029954044719444184,0.008268071841607048,0.006847255272810557,0.02821279529820317,287.216204500149,63.41594550301011,2.1660660366564414e-07,False,viable,,coarse_pta
1.063194291373574,0.7847599703514611,0.006068649842142382,0.006069116280681986,0.06113635910168101,0.001845284699445694,0.001303115711641029,0.06957831750819027,8127626.041551244,27.523928288204043,2.3162429424575964e-07,False,viable,,coarse_pta
1.7036849263126388,0.06158482110660264,0.04001277380420642,0.04003305098557108,0.012322051768194267,0.008297370322735916,0.007669435304580884,0.009816801344117693,1.684271603063586,195.05488176992003,2.3183109595405048e-07,False,viable,,coarse_pta
2.0573109558358813,0.0206913808111479,0.08508270538130867,0.08517438923281902,0.006038707412713457,0.0046210991022043076,0.0044266184035502785,0.004825253256739673,0.4118615437014769,411.80173930915487,2.405376605195779e-07,False,viable,,coarse_pta
1.1683365547318127,0.5455594781168517,0.008849391228284261,0.008850383057869428,0.05132431234150054,0.005978612644223905,0.004602207410727261,0.05308553851596976,17701.726497951546,41.13627282823984,2.6435026876794466e-07,False,viable,,coarse_pta
0.9675141093816337,1.623776739188721,0.004161699935790405,0.004161919292940546,0.1047546096559712,0.0003282570720448944,0.0002048337613755155,0.1375016269675616,203060376683.65225,17.342295438652396,2.792624750549043e-07,False,viable,,coarse_pta
1.8721671037050718,0.04281332398719394,0.0583471939777076,0.0583903111446517,0.010345448952445262,0.00763988054441039,0.007206901155970989,0.008272478469861958,0.7359943982156553,281.921566199145,2.82357167545904e-07,False,viable,,coarse_pta
1.4108427896674494,0.18329807108324356,0.018817244472086412,0.01882172905772851,0.02514708521233326,0.010855535606126671,0.009603774382138233,0.021740204054262205,25.259513095810547,109.41635629504276,2.8802652783801037e-07,False,viable,,coarse_pta
1.5503649873991951,0.12742749857031335,0.027439572640258952,0.027449108611966654,0.02111189808510269,0.01176745240147792,0.010599549705234168,0.017114604656287676,5.797008653782397,140.51596385172616,2.912062239297543e-07,False,viable,,coarse_pta
1.2838766312026584,0.37926901907322497,0.012904307737021845,0.012906416752127777,0.04308739228044814,0.011653170503185527,0.009620761980796495,0.04057116852625901,315.25120173589954,62.063667471036865,3.048891315481616e-07,False,viable,,coarse_pta
1.063194291373574,1.1288378916846884,0.006068649842142382,0.006069116280681986,0.08794158892012746,0.0025143838645062507,0.0017670423646191167,0.10000107168974245,10257244.966060845,26.93267210722183,3.259316498836855e-07,False,viable,,coarse_pta
1.7036849263126388,0.08858667904100823,0.04001277380420642,0.04003305098557108,0.017724653989433833,0.011862515642840509,0.010951756135867814,0.014080743399847004,1.7325447176777022,191.45563984069727,3.264445801222416e-07,False,viable,,coarse_pta
2.0573109558358813,0.029763514416313176,0.08508270538130867,0.08517438923281902,0.00868637800321955,0.00662862039056903,0.006345797508578232,0.006923886231060929,0.4172773723722426,404.3792738628155,3.3896517466477114e-07,False,viable,,coarse_pta
1.1683365547318127,0.7847599703514611,0.008849391228284261,0.008850383057869428,0.07382745135407258,0.008313551821578273,0.006374865876651229,0.076350633508185,20575.25682519236,40.296891411543356,3.724783953538924e-07,False,viable,,coarse_pta
0.9675141093816337,2.3357214690901213,0.004161699935790405,0.004161919292940546,0.15068425655724954,0.0004288952534142536,0.0002663819060679422,0.19438137839814165,283530472289.7714,16.919316801377704,3.896436378168655e-07,False,viable,,coarse_pta
1.8721671037050718,0.06158482110660264,0.0583471939777076,0.0583903111446517,0.014881409889930607,0.010944259105520968,0.010314631789419266,0.011864005716305673,0.7502918571326432,276.59774677429994,3.9735799142813764e-07,False,viable,,coarse_pta
1.4108427896674494,0.26366508987303583,0.018817244472086412,0.01882172905772851,0.03617282191444113,0.015443296099812064,0.01363558667988333,0.031228753379170596,26.512070643863584,106.58738652193733,4.032916333553873e-07,False,viable,,coarse_pta
1.5503649873991951,0.18329807108324356,0.027439572640258952,0.027449108611966654,0.030368407442056485,0.016774116773998773,0.015090231920226455,0.02454242582999296,5.996587839551466,138.52453577875679,4.1218585964725197e-07,False,viable,,coarse_pta
1.2838766312026584,0.5455594781168517,0.012904307737021845,0.012906416752127777,0.06197905461241731,0.016416072955412777,0.013510544125682974,0.05830457028170317,345.8318995845446,60.736263688525575,4.2903282756810326e-07,False,viable,,coarse_pta
1.063194291373574,1.623776739188721,0.006068649842142382,0.006069116280681986,0.12649956875799692,0.003421406056288005,0.002392033702539803,0.1437868798936843,13055930.473341625,26.34462505100998,4.5853638705763964e-07,False,viable,,coarse_pta
1.7036849263126388,0.12742749857031335,0.04001277380420642,0.04003305098557108,0.02549602655103858,0.016956708463439992,0.015636377261896293,0.02016874485305507,1.7680308552911035,187.89376615879405,4.5962216839620285e-07,False,viable,,coarse_pta
2.0573109558358813,0.04281332398719394,0.08508270538130867,0.08517438923281902,0.012494919468355575,0.009507796639853223,0.009096245213543127,0.009934562881230978,0.4228083798721111,396.97144576253146,4.775113528024723e-07,False,viable,,coarse_pta
1.1683365547318127,1.1288378916846884,0.008849391228284261,0.008850383057869428,0.10619708915282854,0.011551512160731876,0.008823210674527408,0.10980631449638263,23987.476367094732,39.467756376254215,5.247343913791881e-07,False,viable,,coarse_pta
0.9675141093816337,3.359818286283781,0.004161699935790405,0.004161919292940546,0.2167517520114851,0.0005586203207936541,0.0003441964080052774,0.27616554506145885,414431389368.44116,16.48646768951778,5.438934386268817e-07,False,viable,,coarse_pta
1.8721671037050718,0.08858667904100823,0.0583471939777076,0.0583903111446517,0.021406162393733594,0.015676164557662863,0.014762678503547438,0.01700559023767937,0.7607844456223485,271.44303994758445,5.595291167673397e-07,False,viable,,coarse_pta
1.4108427896674494,0.37926901907322497,0.018817244472086412,0.01882172905772851,0.05203279164187736,0.021965131867682477,0.019353408947129048,0.04466775053268035,27.37569017438421,103.7918285025512,5.637282754335123e-07,False,viable,,coarse_pta
1.5503649873991951,0.26366508987303583,0.027439572640258952,0.027449108611966654,0.043683432292500386,0.023906054561418644,0.02147908809383526,0.0350319895032699,6.076130787896813,136.58605960446835,5.829296319303868e-07,False,viable,,coarse_pta
1.2838766312026584,0.7847599703514611,0.012904307737021845,0.012906416752127777,0.08915376418340665,0.023113913119673726,0.018962148003958325,0.08344290294128079,373.9794694620449,59.43139707036949,6.028391402131516e-07,False,viable,,coarse_pta
1.063194291373574,2.3357214690901213,0.006068649842142382,0.006069116280681986,0.18196329054837823,0.004648975162233651,0.003234319717715704,0.20683022045176824,16723383.91284943,25.765603469139364,6.450848412769874e-07,False,viable,,coarse_pta
1.7036849263126388,0.18329807108324356,0.04001277380420642,0.04003305098557108,0.03667475654412073,0.024233659029063354,0.0223208578150017,0.028787316321600462,1.7666944303608865,184.36171470784757,6.47067677830881e-07,False,viable,,coarse_pta
2.0573109558358813,0.06158482110660264,0.08508270538130867,0.08517438923281902,0.01797331551341942,0.01363676930011202,0.013038788172683351,0.014252495882150353,0.42762708015259804,389.7608091408955,6.729109629033058e-07,False,viable,,coarse_pta
1.1683365547318127,1.623776739188721,0.008849391228284261,0.008850383057869428,0.1527591910283612,0.016037827285109107,0.012201422215534271,0.15791087919655403,28053.748755667042,38.64820481871334,7.390674048248115e-07,False,viable,,coarse_pta
0.9675141093816337,4.832930238571752,0.004161699935790405,0.004161919292940546,0.311786533467076,0.0007251495289872573,0.0004437372739489321,0.39429966244888315,623450499352.1328,16.06183244493309,7.603205985658446e-07,False,viable,,coarse_pta
1.4108427896674494,0.5455594781168517,0.018817244472086412,0.01882172905772851,0.0748465633245537,0.031233522044910162,0.02745671052607732,0.06343168697007902,27.485970915991942,101.0217918860832,7.858603409208971e-07,False,viable,,coarse_pta
1.8721671037050718,0.12742749857031335,0.0583471939777076,0.0583903111446517,0.03079169190393366,0.022450381231932777,0.021122395650982603,0.02431321136898381,0.7554829249462547,266.1349267887658,7.880379195470364e-07,False,viable,,coarse_pta
1.5503649873991951,0.37926901907322497,0.027439572640258952,0.027449108611966654,0.06283642830116887,0.03406228379710903,0.03056595647371507,0.04968320386764233,5.980498120258234,134.70250092439073,8.233671894736759e-07,False,viable,,coarse_pta
1.2838766312026584,1.1288378916846884,0.012904307737021845,0.012906416752127777,0.12824322213004588,0.03252745823275428,0.02659920594661567,0.11865193674431244,394.9356780268488,58.150976203364735,8.451956158142883e-07,False,viable,,coarse_pta
1.063194291373574,3.359818286283781,0.006068649842142382,0.006069116280681986,0.2617450749617702,0.006307576318653701,0.004363493306509165,0.2975036999987748,21608877.566143993,25.18639138236267,9.070510868583473e-07,False,viable,,coarse_pta
1.7036849263126388,0.26366508987303583,0.04001277380420642,0.04003305098557108,0.052754799453867705,0.034624820576814534,0.031854757349641376,0.04088677695680594,1.714152861485849,180.82868886712333,9.107535193068288e-07,False,viable,,coarse_pta
2.0573109558358813,0.08858667904100823,0.08508270538130867,0.08517438923281902,0.025853713692437073,0.019556754122046695,0.01868651177578958,0.020417999187191595,0.4254099078613404,382.36205904546244,9.488594858454916e-07,False,viable,,coarse_pta
1.1683365547318127,2.3357214690901213,0.008849391228284261,0.008850383057869428,0.2197364412696599,0.022248181461266146,0.016859094469835193,0.22634324053443852,32487.760339768276,37.83923460434835,1.0396289495119048e-06,False,viable,,coarse_pta
0.9675141093816337,6.951927961775605,0.004161699935790405,0.004161919292940546,0.4484893042353132,0.0009379784061293883,0.0005688671371350035,0.5641405018233359,967176507540.3147,15.633342358427171,1.0626011635539006e-06,False,viable,,coarse_pta
1.4108427896674494,0.7847599703514611,0.018817244472086412,0.01882172905772851,0.10766303065291977,0.044401838147150076,0.03893787209145666,0.08981476071356903,27.307532336047448,98.30037487517984,1.0942395062470492e-06,False,viable,,coarse_pta
1.8721671037050718,0.18329807108324356,0.0583471939777076,0.0583903111446517,0.044292305779401506,0.032145465891433175,0.03021736386515552,0.034645674771184076,0.728103700010775,260.8454383892962,1.1114620701786618e-06,False,viable,,coarse_pta
1.5503649873991951,0.5455594781168517,0.027439572640258952,0.027449108611966654,0.09038705327021206,0.04852561923860872,0.04348967263111895,0.070377023898496,5.8577087380810156,132.8898025715688,1.1630458802813641e-06,False,viable,,coarse_pta
1.2838766312026584,1.623776739188721,0.012904307737021845,0.012906416752127777,0.18447144854661446,0.04575041976256061,0.037290009423860425,0.16797983864508784,410.7737586002463,56.89227181645151,1.183142496403885e-06,False,viable,,coarse_pta
1.063194291373574,4.832930238571752,0.006068649842142382,0.006069116280681986,0.3765071738386043,0.008544602083686815,0.0058781245245647035,0.42789577976436216,28079984.825280417,24.614383080105995,1.2750673448067417e-06,False,viable,,coarse_pta
1.7036849263126388,0.37926901907322497,0.04001277380420642,0.04003305098557108,0.07588513538105406,0.049465345710716264,0.04545106485857607,0.05803024013607799,1.6573038724871378,177.31845964439685,1.2815931655101925e-06,False,viable,,coarse_pta
2.0573109558358813,0.12742749857031335,0.08508270538130867,0.08517438923281902,0.037189271572707336,0.028042377600692642,0.02677703415544717,0.029186490678862757,0.41148942179184733,374.9210927898616,1.340759367134601e-06,False,viable,,coarse_pta
1.1683365547318127,3.359818286283781,0.008849391228284261,0.008850383057869428,0.3160798593970709,0.030837061654968887,0.023270266041577968,0.32302722890927654,37131.23868610833,37.036955027986096,1.459905379627966e-06,False,viable,,coarse_pta
0.9675141093816337,10.0,0.004161699935790405,0.004161919292940546,0.6451293895754979,0.0012086835868577457,0.0007276277237415259,0.8090869272433898,1528775748059.5925,15.214242957171109,1.4860539899623558e-06,False,viable,,coarse_pta
1.4108427896674494,1.1288378916846884,0.018817244472086412,0.01882172905772851,0.1548678744154036,0.06310552992894751,0.055199454649285294,0.12712252302693305,27.128778094660372,95.63845146448102,1.5232155049825739e-06,False,viable,,coarse_pta
1.8721671037050718,0.26366508987303583,0.0583471939777076,0.0583903111446517,0.06371226230038311,0.046022277830084286,0.043220719722524635,0.04933573340775356,0.6977681276026685,255.55296931320012,1.5675622350592433e-06,False,viable,,coarse_pta
1.5503649873991951,0.7847599703514611,0.027439572640258952,0.027449108611966654,0.13001724667918757,0.06912113970341631,0.061868837243032174,0.09977354796164167,5.763536658220049,131.15890294110955,1.643866524509461e-06,False,viable,,coarse_pta
1.2838766312026584,2.3357214690901213,0.012904307737021845,0.012906416752127777,0.26535293455414094,0.06431355827539312,0.05224628251996974,0.23785381446186554,428.5551243322857,55.655065802582726,1.656133450097528e-06,False,viable,,coarse_pta
1.063194291373574,6.951927961775605,0.006068649842142382,0.006069116280681986,0.5415867021476442,0.011556189551775448,0.007905711851683801,0.6154135300361341,36720131.20034529,24.048919303211846,1.7918950483030044e-06,False,viable,,coarse_pta
1.7036849263126388,0.5455594781168517,0.04001277380420642,0.04003305098557108,0.10915696451157134,0.07066007309104295,0.06484468833578955,0.08246332015359237,1.615445272154573,173.8867575926548,1.8034209133888717e-06,False,viable,,coarse_pta
2.0573109558358813,0.18329807108324356,0.08508270538130867,0.08517438923281902,0.053494903539260424,0.040206267901103404,0.038364444746886474,0.041665448939298355,0.39119687881208653,367.4047950190271,1.8965430956774325e-06,False,viable,,coarse_pta
1.1683365547318127,4.832930238571752,0.008849391228284261,0.008850383057869428,0.45466503843969686,0.04270389705964327,0.03208959325226591,0.45796256528495033,41481.32297463123,36.244348196731835,2.045139631351683e-06,False,viable,,coarse_pta
1.4108427896674494,1.623776739188721,0.018817244472086412,0.01882172905772851,0.2227696766521851,0.08966144384956913,0.0782183164593687,0.18045047006891715,27.326845534776872,93.03110947141136,2.121843549586261e-06,False,viable,,coarse_pta
1.8721671037050718,0.37926901907322497,0.0583471939777076,0.0583903111446517,0.09164689658854036,0.06588563577870327,0.06181373280610942,0.07028325157972408,0.6713503615479935,250.33941023690429,2.2101656910367724e-06,False,viable,,coarse_pta
1.2838766312026584,3.359818286283781,0.012904307737021845,0.012906416752127777,0.3816968990662075,0.09035758042857832,0.0731540499595391,0.3378067957306815,453.6948446628675,54.43756893083673,2.320220491906522e-06,False,viable,,coarse_pta
1.5503649873991951,1.1288378916846884,0.027439572640258952,0.027449108611966654,0.1870232939611468,0.09843771743040235,0.08800182205460584,0.1414379083680287,5.672623860206187,129.51632095119692,2.3245802725505623e-06,False,viable,,coarse_pta
1.063194291373574,10.0,0.006068649842142382,0.006069116280681986,0.7790453312023625,0.01560264798812844,0.010610778076062677,0.8850630032045513,48406960.47725893,23.48691383916446,2.517146534930657e-06,False,viable,,coarse_pta
1.7036849263126388,0.7847599703514611,0.04001277380420642,0.04003305098557108,0.15701682340749018,0.10091446631317881,0.09249370917768612,0.11704593318267469,1.5643454553852085,170.4838861871565,2.5373127619623385e-06,False,viable,,coarse_pta
2.0573109558358813,0.26366508987303583,0.08508270538130867,0.08517438923281902,0.07694973802000847,0.057642464171035426,0.054961717233605184,0.05948350281012364,0.37197110876479084,359.9668635780943,2.6824038141624486e-06,False,viable,,coarse_pta
1.1683365547318127,6.951927961775605,0.008849391228284261,0.008850383057869428,0.654012873751888,0.05908317958666646,0.04420663043209161,0.6491199065510154,46487.98452356,35.46042260990134,2.864097933589208e-06,False,viable,,coarse_pta
1.4108427896674494,2.3357214690901213,0.018817244472086412,0.01882172905772851,0.32044301649421447,0.12734192955939816,0.11078612517974677,0.254069903491467,26.661224339432884,90.48126776579579,2.9478304088904867e-06,False,viable,,coarse_pta
1.8721671037050718,0.5455594781168517,0.0583471939777076,0.0583903111446517,0.13182946815969682,0.09430899892842011,0.08839323134683762,0.10012206700067068,0.6460506171334833,245.1735107958086,3.1155497739402893e-06,False,viable,,coarse_pta
1.2838766312026584,4.832930238571752,0.012904307737021845,0.012906416752127777,0.5490518618215335,0.12687297849030874,0.10236280236762586,0.4773586311046402,471.94479459914515,53.240169782640116,3.2447838262074344e-06,False,viable,,coarse_pta
1.5503649873991951,1.623776739188721,0.027439572640258952,0.027449108611966654,0.2690236363056024,0.14011974517059095,0.12512423890955673,0.19769368828264192,5.231683966245916,127.9412654063634,3.2785216167954818e-06,False,viable,,coarse_pta
1.7036849263126388,1.1288378916846884,0.04001277380420642,0.04003305098557108,0.22586083208978788,0.14402877482618637,0.13184792744029245,0.1640300377488967,1.3955228064179053,166.951203191843,3.5705543500167454e-06,False,viable,,coarse_pta
2.0573109558358813,0.37926901907322497,0.08508270538130867,0.08517438923281902,0.1106883420586461,0.08263739722338416,0.07873647546139921,0.08499780673886537,0.35808513849767565,352.6897772774191,3.789706258700332e-06,False,viable,,coarse_pta
1.4108427896674494,3.359818286283781,0.018817244472086412,0.01882172905772851,0.46094122127866455,0.18054147206659873,0.1566425326602881,0.291021706836431,10.914141358407457,87.79948931967851,3.846242505738471e-06,False,viable,,coarse_pta
1.1683365547318127,10.0,0.008849391228284261,0.008850383057869428,0.9407647451870966,0.081667079466774,0.06083411500056755,0.92105055906439,52545.6585382194,34.68480208884728,4.01142801808725e-06,False,viable,,coarse_pta
1.8721671037050718,0.7847599703514611,0.0583471939777076,0.0583903111446517,0.18963008374733792,0.1349234860885638,0.126338494760702,0.14165314066718032,0.5803818695052506,239.75587099306492,4.406944864271591e-06,False,viable,,coarse_pta
2.2607642024187125,0.26366508987303583,0.12406880710953068,0.12426376260460456,0.0929447537995769,0.06944236673660645,0.06694369980866527,0.07063712172704509,0.2396330149675869,496.8828089092199,4.41792960261756e-06,False,viable,,coarse_pta
1.2838766312026584,6.951927961775605,0.012904307737021845,0.012906416752127777,0.7897835893013184,0.1779986373769816,0.14311636883841614,0.6581043109364968,446.1175405766541,52.05582353961801,4.499569816149809e-06,False,viable,,coarse_pta
1.5503649873991951,2.3357214690901213,0.027439572640258952,0.027449108611966654,0.3869770195905346,0.19877329942338068,0.17733248912035393,0.2380480552665189,2.2471721323376066,126.1276719665716,4.524970309177813e-06,False,viable,,coarse_pta
1.7036849263126388,1.623776739188721,0.04001277380420642,0.04003305098557108,0.32488948868811396,0.20467676039751842,0.18704258423613776,0.21088715730229413,0.6159895720656696,161.78156754565975,5.14534118853079e-06,False,viable,,coarse_pta
1.4108427896674494,4.832930238571752,0.018817244472086412,0.01882172905772851,0.6630408482554739,0.25626221581784525,0.22167652454112383,0.4156905042807611,11.365212947909685,85.3967117499792,5.365650253487214e-06,False,viable,,coarse_pta
2.0573109558358813,0.5455594781168517,0.08508270538130867,0.08517438923281902,0.15921963326900604,0.1184406367443729,0.11276671435344114,0.12115041152256895,0.33221975033679824,345.1996257537928,5.36891872247157e-06,False,viable,,coarse_pta
1.2838766312026584,10.0,0.012904307737021845,0.012906416752127777,1.136064115801911,0.24963571068270626,0.19999385537138603,0.768805704990537,217.37342178796032,50.89792441455643,5.906665073070248e-06,False,viable,,coarse_pta
2.2607642024187125,0.37926901907322497,0.12406880710953068,0.12426376260460456,0.1336963707199257,0.09964255983695673,0.09600180346469579,0.10102380294097989,0.22624510188396546,486.8454358603174,6.2631275535564495e-06,False,viable,,coarse_pta
1.5503649873991951,3.359818286283781,0.027439572640258952,0.027449108611966654,0.5566470505998973,0.2829642017927419,0.2521374156359873,0.3394954831799459,2.2869024416776482,124.88175475775164,6.420502110194554e-06,False,viable,,coarse_pta
1.8721671037050718,1.1288378916846884,0.0583471939777076,0.0583903111446517,0.27277337278233826,0.19228519369483021,0.17971991242078766,0.18991498363207343,0.2469588690701159,230.76662661640057,6.606104151082167e-06,False,viable,,coarse_pta
1.7036849263126388,2.3357214690901213,0.04001277380420642,0.04003305098557108,0.46733724870925347,0.29220967035154244,0.2666765175439753,0.3008161418052174,0.6190693320565709,158.62553963236792,7.2329462545609324e-06,False,viable,,coarse_pta
1.4108427896674494,6.951927961775605,0.018817244472086412,0.01882172905772851,0.9537510341032439,0.3635941335728109,0.3135564216912755,0.5926331588486301,11.76089075952576,83.05497749256573,7.480858529824607e-06,False,viable,,coarse_pta
2.0573109558358813,0.7847599703514611,0.08508270538130867,0.08517438923281902,0.2290294636890044,0.16918657224864428,0.16083411186616467,0.16590018921662134,0.13207412614406938,331.2213037882827,8.27350840490574e-06,False,viable,,coarse_pta
2.2607642024187125,0.5455594781168517,0.12406880710953068,0.12426376260460456,0.19231552952654302,0.14292899646158122,0.13762037135741936,0.14384981551703224,0.19373062382310788,475.90087086554433,8.966576736533297e-06,False,viable,,coarse_pta
1.5503649873991951,4.832930238571752,0.027439572640258952,0.027449108611966654,0.8007088877510793,0.4027295606847322,0.358430956454535,0.4834538358766767,2.3097713865311373,123.79481136345305,9.119917467987501e-06,False,viable,,coarse_pta
1.8721671037050718,1.623776739188721,0.0583471939777076,0.0583903111446517,0.3923708276066036,0.2751702864735434,0.25691646569996557,0.27142457598613384,0.24574432199577323,225.97686604142098,9.291429171283814e-06,False,viable,,coarse_pta
1.7036849263126388,3.359818286283781,0.04001277380420642,0.04003305098557108,0.6722412131984894,0.41708899402303856,0.3801240088177871,0.4286747342889544,0.6173735869386594,155.49724282068667,1.0170124055282508e-05,False,viable,,coarse_pta
1.4108427896674494,10.0,0.018817244472086412,0.01882172905772851,1.3719230684600543,0.5156635588745457,0.4432897240623383,0.8432131138989611,12.091781633045866,80.77347901907216,1.0423481641854816e-05,False,viable,,coarse_pta
2.0573109558358813,1.1288378916846884,0.08508270538130867,0.08517438923281902,0.3294474064580316,0.2425057926577032,0.23035153208948236,0.23754454300488992,0.13087814630530123,324.43279761568533,1.1654867610771025e-05,False,viable,,coarse_pta
1.5503649873991951,6.951927961775605,0.027439572640258952,0.027449108611966654,1.151779610136479,0.5730828212061122,0.5094516252869581,0.6875335123875069,2.317139064286078,122.91012452456583,1.2973266295745042e-05,False,viable,,coarse_pta
1.8721671037050718,2.3357214690901213,0.0583471939777076,0.0583903111446517,0.5644057731380567,0.39372285720737177,0.36720056180709304,0.38769143959763697,0.24260042787953617,221.20005362639003,1.3074598411275382e-05,False,viable,,coarse_pta
2.2607642024187125,0.7847599703514611,0.12406880710953068,0.12426376260460456,0.27663625196343855,0.20459627791927662,0.19677116252992358,0.20081715888273516,0.08481946234490416,457.559965951944,1.3866839825152134e-05,False,viable,,coarse_pta
1.7036849263126388,4.832930238571752,0.04001277380420642,0.04003305098557108,0.96698529802773,0.5952344132343176,0.541720631813083,0.6105644901677104,0.6137069333416261,152.41057216412912,1.430045700013336e-05,False,viable,,coarse_pta
2.0573109558358813,1.623776739188721,0.08508270538130867,0.08517438923281902,0.47389358501621587,0.3475609896930617,0.3298705823989804,0.34000008888923705,0.1286044892160839,317.6442678118576,1.642937058384084e-05,False,viable,,coarse_pta
1.8721671037050718,3.359818286283781,0.0583471939777076,0.0583903111446517,0.8118694213193497,0.5632782992200797,0.5247371730776274,0.5535321996547204,0.23823829824961548,216.46240488554722,1.8403472630044266e-05,False,viable,,coarse_pta
1.5503649873991951,10.0,0.027439572640258952,0.027449108611966654,1.656777251532826,0.8153620381434605,0.7240236493987785,0.9784257882023903,2.3350362175092174,122.29133950350501,1.8494010473732263e-05,False,viable,,coarse_pta
2.2607642024187125,1.1288378916846884,0.12406880710953068,0.12426376260460456,0.3979273857331258,0.29354825362581133,0.28214905844021576,0.2878425647750981,0.0831924933102147,448.3177615648657,1.9578972976386252e-05,False,viable,,coarse_pta
1.7036849263126388,6.951927961775605,0.04001277380420642,0.04003305098557108,1.3909598939238008,0.8493338545982337,0.7718740713991656,0.8696571989484093,0.6114119337066383,149.37639339353836,2.0102665201517514e-05,False,viable,,coarse_pta
2.0573109558358813,2.3357214690901213,0.08508270538130867,0.08517438923281902,0.6816721744268158,0.498069846216671,0.47231651084918796,0.4864551843293535,0.12522360581013298,310.8586555294011,2.31777776096688e-05,False,viable,,coarse_pta
1.8721671037050718,4.832930238571752,0.0583471939777076,0.0583903111446517,1.1678334784009883,0.8057630831202469,0.7497665996197049,0.7903508657158571,0.23473959347383952,211.79849676006768,2.588978288818212e-05,False,viable,,coarse_pta
2.2607642024187125,1.623776739188721,0.12406880710953068,0.12426376260460456,0.5723986035544166,0.42114103883554926,0.404531317429321,0.41247971073886347,0.08094045039763065,439.0686833051944,2.766418511502823e-05,False,viable,,coarse_pta
1.7036849263126388,10.0,0.04001277380420642,0.04003305098557108,2.0008261040273108,1.2117211348453285,1.0995944146976582,1.2383773144465509,0.6087251441307171,146.39202388194406,2.8256510683575524e-05,False,viable,,coarse_pta
2.0573109558358813,3.359818286283781,0.08508270538130867,0.08517438923281902,0.9805512631530614,0.7137176081530422,0.676217816799279,0.6959939194263117,0.12221312718136156,304.17396230613747,3.268253234201346e-05,False,viable,,coarse_pta
1.8721671037050718,6.951927961775605,0.0583471939777076,0.0583903111446517,1.6798699365444945,1.1525009480863129,1.0711287525725777,1.1282287638115074,0.2308977037973438,207.18812303560694,3.641901375153724e-05,False,viable,,coarse_pta
2.2607642024187125,2.3357214690901213,0.12406880710953068,0.12426376260460456,0.8233667073388649,0.6041571768859498,0.5799525576152367,0.5910208291540553,0.07855246386878913,429.89204768559836,3.909149440344333e-05,False,viable,,coarse_pta
2.0573109558358813,4.832930238571752,0.08508270538130867,0.08517438923281902,1.410473854942848,1.0226418027989954,0.9680482723004419,0.9957381343891983,0.11941855870844742,297.5705243946294,4.6066706358005835e-05,False,viable,,coarse_pta
1.8721671037050718,10.0,0.0583471939777076,0.0583903111446517,2.4164087225602318,1.6482877442771482,1.5300561280191283,1.610764001439347,0.22828234647697287,202.66262980976535,5.119359888056003e-05,False,viable,,coarse_pta
2.2607642024187125,3.359818286283781,0.12406880710953068,0.12426376260460456,1.184371748191371,0.8666618978176622,0.8313849462718972,0.8467976040175893,0.07624180089182458,420.8114707366519,5.522534123682893e-05,False,viable,,coarse_pta
2.0573109558358813,6.951927961775605,0.08508270538130867,0.08517438923281902,2.0288959590752094,1.465179909610077,1.3856865154210007,1.4245084244121005,0.11686356912557855,291.0543730198185,6.490446132938455e-05,False,viable,,coarse_pta
2.2607642024187125,4.832930238571752,0.12406880710953068,0.12426376260460456,1.7036594088769417,1.2431646835403334,1.1917443022584058,1.2132356860564404,0.07410902981408146,411.8438260473454,7.798513526629761e-05,False,viable,,coarse_pta
2.0573109558358813,10.0,0.08508270538130867,0.08517438923281902,2.9184651656790255,2.0991655703482897,1.9834126987438694,2.038340330300432,0.11546110618553913,284.69468902243017,9.13264254166592e-05,False,viable,,coarse_pta
2.2607642024187125,6.951927961775605,0.12406880710953068,0.12426376260460456,2.450628686379263,1.7831557827641955,1.7081976486324302,1.7382576600242308,0.07226993381534179,403.0097557779442,0.00011005484954238873,False,viable,,coarse_pta
2.2607642024187125,10.0,0.12406880710953068,0.12426376260460456,3.5251065601567926,2.5576534740430175,2.4483932612464496,2.49089440899413,0.07126414472614762,394.38779324343903,0.00015506262779071747,False,viable,,coarse_pta
0.8012105313844353,0.01,0.001957168115723127,0.001957216629661446,0.00044240441110611077,1.5789175417329287e-09,7.584223982202839e-10,0.0007563836413818291,9.892906600614662e+23,8.730171185405311,7.352700151245866e-10,True,physical_failure,Eternal inflation detected,coarse_pta
0.8012105313844353,0.01438449888287663,0.001957168115723127,0.001957216629661446,0.0006363765757335544,1.7298594805085327e-09,8.071160402800504e-10,0.0010880199640789234,3.30220129749347e+24,8.406883919349184,1.0184832322816602e-09,True,physical_failure,Eternal inflation detected,coarse_pta
0.8012105313844353,0.0206913808111479,0.001957168115723127,0.001957216629661446,0.0009153958142728168,1.860153528432116e-09,8.387222110534383e-10,0.0015650621954391905,1.2124220538789806e+25,8.078129680271218,1.407746285759829e-09,True,physical_failure,Eternal inflation detected,coarse_pta
0.8012105313844353,0.029763514416313176,0.001957168115723127,0.001957216629661446,0.0013167510067797269,1.957574207030832e-09,8.478901428998643e-10,0.002251263540048845,4.969892623751711e+25,7.743235734565701,1.941023472870712e-09,True,physical_failure,Eternal inflation detected,coarse_pta
0.8012105313844353,0.04281332398719394,0.001957168115723127,0.001957216629661446,0.001894080338604966,2.0091187432077005e-09,8.289914393459302e-10,0.00323832978811605,2.328542215345676e+26,7.400344022798321,2.668424703354085e-09,True,physical_failure,Eternal inflation detected,coarse_pta
0.8012105313844353,0.06158482110660264,0.001957168115723127,0.001957216629661446,0.002724539651474172,2.0011760317496952e-09,7.775834960490629e-10,0.004658175123623755,1.2878791432526643e+27,7.046970357947657,3.655108091227701e-09,True,physical_failure,Eternal inflation detected,coarse_pta
0.8012105313844353,0.08858667904100823,0.001957168115723127,0.001957216629661446,0.003919113757298328,1.9203508833331533e-09,6.915301188837845e-10,0.006700551490221159,8.814502292040038e+27,6.679473931747282,4.983503598549316e-09,True,physical_failure,Eternal inflation detected,coarse_pta
0.8012105313844353,0.12742749857031335,0.001957168115723127,0.001957216629661446,0.005637448746372425,1.7592044371123065e-09,5.718005874642524e-10,0.009638407550620284,8.073145048408455e+28,6.291391227904342,6.752023519044431e-09,True,physical_failure,Eternal inflation detected,coarse_pta
0.8012105313844353,0.18329807108324356,0.001957168115723127,0.001957216629661446,0.00810918751944684,1.5153638944354392e-09,4.247134016818702e-10,0.013864366278678902,1.135576071318816e+30,5.87151296531374,9.064252919266491e-09,True,physical_failure,Eternal inflation detected,coarse_pta
0.8012105313844353,0.26366508987303583,0.001957168115723127,0.001957216629661446,0.011664659881452018,1.1980806182409158e-09,2.6490209209147576e-10,0.01994319614696632,3.2124582336233217e+31,5.3990864759967385,1.198938790031057e-08,True,physical_failure,Eternal inflation detected,coarse_pta
0.8012105313844353,0.37926901907322497,0.001957168115723127,0.001957216629661446,0.016779028703388238,8.289808418584243e-10,1.1060311761963373e-10,0.0286872883005645,4.525728707048009e+33,4.799285126338759,1.5330206930923208e-08,True,physical_failure,Eternal inflation detected,coarse_pta
0.8804444864382975,0.26366508987303583,0.002853970290934362,0.0028540734504189083,0.014085919574145166,2.4940501141799954e-06,1.4317301531726859e-06,0.0219152782167417,5.489632444106418e+16,12.229825023439387,2.984366035399874e-08,True,physical_failure,Eternal inflation detected,coarse_pta
0.8804444864382975,0.37926901907322497,0.002853970290934362,0.0028540734504189083,0.020261889437858116,3.062541372479408e-06,1.7391936753479298e-06,0.0315239619278242,1.0793725960159355e+17,11.874719039767001,4.1682102248929776e-08,True,physical_failure,Eternal inflation detected,coarse_pta
0.8804444864382975,0.5455594781168517,0.002853970290934362,0.0028540734504189083,0.02914571259838397,3.7346709066066904e-06,2.0960697266517146e-06,0.04534552669022849,2.190356976071682e+17,11.519679172153019,5.816490624412843e-08,True,physical_failure,Eternal inflation detected,coarse_pta
0.8804444864382975,0.7847599703514611,0.002853970290934362,0.0028540734504189083,0.04192464703120976,4.5201072590733415e-06,2.504399063981669e-06,0.06522708211525885,4.601481425626132e+17,11.164454207047925,8.108723093633059e-08,True,physical_failure,Eternal inflation detected,coarse_pta
0.8804444864382975,1.1288378916846884,0.002853970290934362,0.0028540734504189083,0.06030650383854335,5.425803733804956e-06,2.9638521355763113e-06,0.09382558844400876,1.0042898062779658e+18,10.808748741681029,1.1292358770747336e-07,True,physical_failure,Eternal inflation detected,coarse_pta
0.8804444864382975,1.623776739188721,0.002853970290934362,0.0028540734504189083,0.0867478837095722,6.4542087347948046e-06,3.4706711008461794e-06,0.13496293034741827,2.286673498089963e+18,10.452213900038032,1.5707669701747123e-07,True,physical_failure,Eternal inflation detected,coarse_pta
0.8804444864382975,2.3357214690901213,0.002853970290934362,0.0028540734504189083,0.12478248363122531,7.601002110081822e-06,4.016423017505868e-06,0.19413667344990249,5.458490333549794e+18,10.094432805090038,2.1821247699085914e-07,True,physical_failure,Eternal inflation detected,coarse_pta
0.8804444864382975,3.359818286283781,0.002853970290934362,0.0028540734504189083,0.17949334963959318,8.852357260174365e-06,4.5866210938455655e-06,0.279254766181581,1.374139806421438e+19,9.734901281234443,3.02707632127872e-07,True,physical_failure,Eternal inflation detected,coarse_pta
0.8804444864382975,4.832930238571752,0.002853970290934362,0.0028540734504189083,0.25819218873745126,1.0181805817989817e-05,5.159328674592462e-06,0.40169238346368136,3.6745283854060225e+19,9.373001000625436,4.1924186216312607e-07,True,physical_failure,Eternal inflation detected,coarse_pta
0.8804444864382975,6.951927961775605,0.002853970290934362,0.0028540734504189083,0.37139652504613396,1.15468970355499e-05,5.703945388204718e-06,0.5778121703949213,1.0530410598016321e+20,9.007961096564543,5.795710273835271e-07,True,physical_failure,Eternal inflation detected,coarse_pta
0.8804444864382975,10.0,0.002853970290934362,0.0028540734504189083,0.5342352899630376,1.2886013913211664e-05,6.180489771686748e-06,0.831151090860079,3.2706069006180824e+20,8.63880214902224,7.995174533257328e-07,True,physical_failure,Eternal inflation detected,coarse_pta
0.5,0.01,0.00029683940520216145,0.0002968405211743537,0.00017229060368295006,,,,,,,,physical_failure,Eternal inflation detected,coarse_pta
0.5,0.01438449888287663,0.00029683940520216145,0.0002968405211743537,0.00024783139962075354,,,,,,,,physical_failure,Eternal inflation detected,coarse_pta
0.5,0.0206913808111479,0.00029683940520216145,0.0002968405211743537,0.0003564930490986481,,,,,,,,physical_failure,Eternal inflation detected,coarse_pta
0.5,0.029763514416313176,0.00029683940520216145,0.0002968405211743537,0.0005127973866512784,,,,,,,,physical_failure,Eternal inflation detected,coarse_pta
0.5,0.04281332398719394,0.00029683940520216145,0.0002968405211743537,0.000737633343542737,,,,,,,,physical_failure,Eternal inflation detected,coarse_pta
0.5,0.06158482110660264,0.00029683940520216145,0.0002968405211743537,0.0010610486006163054,,,,,,,,physical_failure,Eternal inflation detected,coarse_pta
0.5,0.08858667904100823,0.00029683940520216145,0.0002968405211743537,0.0015262652410243046,,,,,,,,physical_failure,Eternal inflation detected,coarse_pta
0.5,0.12742749857031335,0.00029683940520216145,0.0002968405211743537,0.002195456065448754,,,,,,,,physical_failure,Eternal inflation detected,coarse_pta
0.5,0.18329807108324356,0.00029683940520216145,0.0002968405211743537,0.0031580535320852327,,,,,,,,physical_failure,Eternal inflation detected,coarse_pta
0.5,0.26366508987303583,0.00029683940520216145,0.0002968405211743537,0.0045427017504344625,,,,,,,,physical_failure,Eternal inflation detected,coarse_pta
0.5,0.37926901907322497,0.00029683940520216145,0.0002968405211743537,0.0065344488254366236,,,,,,,,physical_failure,Eternal inflation detected,coarse_pta
0.5,0.5455594781168517,0.00029683940520216145,0.0002968405211743537,0.009399477182970756,,,,,,,,physical_failure,Eternal inflation detected,coarse_pta
0.5,0.7847599703514611,0.00029683940520216145,0.0002968405211743537,0.013520676903806723,,,,,,,,physical_failure,Eternal inflation detected,coarse_pta
0.5,1.1288378916846884,0.00029683940520216145,0.0002968405211743537,0.019448816181854355,,,,,,,,physical_failure,Eternal inflation detected,coarse_pta
0.5,1.623776739188721,0.00029683940520216145,0.0002968405211743537,0.02797614746411569,,,,,,,,physical_failure,Eternal inflation detected,coarse_pta
0.5,2.3357214690901213,0.00029683940520216145,0.0002968405211743537,0.0402422861944764,,,,,,,,physical_failure,Eternal inflation detected,coarse_pta
0.5,3.359818286283781,0.00029683940520216145,0.0002968405211743537,0.05788651208088474,,,,,,,,physical_failure,Eternal inflation detected,coarse_pta
0.5,4.832930238571752,0.00029683940520216145,0.0002968405211743537,0.0832668468361111,,,,,,,,physical_failure,Eternal inflation detected,coarse_pta
0.5,6.951927961775605,0.00029683940520216145,0.0002968405211743537,0.11977518652946996,,,,,,,,physical_failure,Eternal inflation detected,coarse_pta
0.5,10.0,0.00029683940520216145,0.0002968405211743537,0.17229060368295007,,,,,,,,physical_failure,Eternal inflation detected,coarse_pta
0.5494464013827624,0.01,0.00043285542862657266,0.0004328578016171009,0.00020805234957027065,,,,,,,,physical_failure,Eternal inflation detected,coarse_pta
0.5494464013827624,0.01438449888287663,0.00043285542862657266,0.0004328578016171009,0.0002992728789973416,,,,,,,,physical_failure,Eternal inflation detected,coarse_pta
0.5494464013827624,0.0206913808111479,0.00043285542862657266,0.0004328578016171009,0.00043048903936125334,,,,,,,,physical_failure,Eternal inflation detected,coarse_pta
0.5494464013827624,0.029763514416313176,0.00043285542862657266,0.0004328578016171009,0.0006192369105782579,,,,,,,,physical_failure,Eternal inflation detected,coarse_pta
0.5494464013827624,0.04281332398719394,0.00043285542862657266,0.0004328578016171009,0.0008907412648448927,,,,,,,,physical_failure,Eternal inflation detected,coarse_pta
0.5494464013827624,0.06158482110660264,0.00043285542862657266,0.0004328578016171009,0.0012812866729093474,,,,,,,,physical_failure,Eternal inflation detected,coarse_pta
0.5494464013827624,0.08858667904100823,0.00043285542862657266,0.0004328578016171009,0.001843066671510921,,,,,,,,physical_failure,Eternal inflation detected,coarse_pta
0.5494464013827624,0.12742749857031335,0.00043285542862657266,0.0004328578016171009,0.0026511590477415995,,,,,,,,physical_failure,Eternal inflation detected,coarse_pta
0.5494464013827624,0.18329807108324356,0.00043285542862657266,0.0004328578016171009,0.0038135594360567304,,,,,,,,physical_failure,Eternal inflation detected,coarse_pta
0.5494464013827624,0.26366508987303583,0.00043285542862657266,0.0004328578016171009,0.005485614144774167,,,,,,,,physical_failure,Eternal inflation detected,coarse_pta
0.5494464013827624,0.37926901907322497,0.00043285542862657266,0.0004328578016171009,0.007890781053739625,,,,,,,,physical_failure,Eternal inflation detected,coarse_pta
0.5494464013827624,0.5455594781168517,0.00043285542862657266,0.0004328578016171009,0.011350493125254164,,,,,,,,physical_failure,Eternal inflation detected,coarse_pta
0.5494464013827624,0.7847599703514611,0.00043285542862657266,0.0004328578016171009,0.01632711556803174,,,,,,,,physical_failure,Eternal inflation detected,coarse_pta
0.5494464013827624,1.1288378916846884,0.00043285542862657266,0.0004328578016171009,0.02348573756489501,,,,,,,,physical_failure,Eternal inflation detected,coarse_pta
0.5494464013827624,1.623776739188721,0.00043285542862657266,0.0004328578016171009,0.0337830565765766,,,,,,,,physical_failure,Eternal inflation detected,coarse_pta
0.5494464013827624,2.3357214690901213,0.00043285542862657266,0.0004328578016171009,0.0485952339585924,,,,,,,,physical_failure,Eternal inflation detected,coarse_pta
0.5494464013827624,3.359818286283781,0.00043285542862657266,0.0004328578016171009,0.06990180885905008,,,,,,,,physical_failure,Eternal inflation detected,coarse_pta
0.5494464013827624,4.832930238571752,0.00043285542862657266,0.0004328578016171009,0.10055024914440616,,,,,,,,physical_failure,Eternal inflation detected,coarse_pta
0.5494464013827624,6.951927961775605,0.00043285542862657266,0.0004328578016171009,0.14463649464906772,,,,,,,,physical_failure,Eternal inflation detected,coarse_pta
0.5494464013827624,10.0,0.00043285542862657266,0.0004328578016171009,0.20805234957027063,,,,,,,,physical_failure,Eternal inflation detected,coarse_pta
0.6037826959849352,0.01,0.0006311959221313305,0.0006312009680312967,0.0002512371326120597,,,,,,,,physical_failure,Eternal inflation detected,coarse_pta
0.6037826959849352,0.01438449888287663,0.0006311959221313305,0.0006312009680312967,0.00036139202533953005,,,,,,,,physical_failure,Eternal inflation detected,coarse_pta
0.6037826959849352,0.0206913808111479,0.0006311959221313305,0.0006312009680312967,0.0005198443184776993,,,,,,,,physical_failure,Eternal inflation detected,coarse_pta
0.6037826959849352,0.029763514416313176,0.0006311959221313305,0.0006312009680312967,0.0007477700018412224,,,,,,,,physical_failure,Eternal inflation detected,coarse_pta
0.6037826959849352,0.04281332398719394,0.0006311959221313305,0.0006312009680312967,0.001075629675613372,,,,,,,,physical_failure,Eternal inflation detected,coarse_pta
0.6037826959849352,0.06158482110660264,0.0006311959221313305,0.0006312009680312967,0.00154723938672495,,,,,,,,physical_failure,Eternal inflation detected,coarse_pta
0.6037826959849352,0.08858667904100823,0.0006311959221313305,0.0006312009680312967,0.002225626322988775,,,,,,,,physical_failure,Eternal inflation detected,coarse_pta
0.6037826959849352,0.12742749857031335,0.0006311959221313305,0.0006312009680312967,0.0032014519356732864,,,,,,,,physical_failure,Eternal inflation detected,coarse_pta
0.6037826959849352,0.18329807108324356,0.0006311959221313305,0.0006312009680312967,0.004605128179227561,,,,,,,,physical_failure,Eternal inflation detected,coarse_pta
0.6037826959849352,0.26366508987303583,0.0006311959221313305,0.0006312009680312967,0.006624246114960254,,,,,,,,physical_failure,Eternal inflation detected,coarse_pta
0.6037826959849352,0.37926901907322497,0.0006311959221313305,0.0006312009680312967,0.009528646084054562,,,,,,,,physical_failure,Eternal inflation detected,coarse_pta
0.6037826959849352,0.5455594781168517,0.0006311959221313305,0.0006312009680312967,0.013706479895140955,,,,,,,,physical_failure,Eternal inflation detected,coarse_pta
0.6037826959849352,0.7847599703514611,0.0006311959221313305,0.0006312009680312967,0.019716084473982605,,,,,,,,physical_failure,Eternal inflation detected,coarse_pta
0.6037826959849352,1.1288378916846884,0.0006311959221313305,0.0006312009680312967,0.028360599509070394,,,,,,,,physical_failure,Eternal inflation detected,coarse_pta
0.6037826959849352,1.623776739188721,0.0006311959221313305,0.0006312009680312967,0.04079530119559346,,,,,,,,physical_failure,Eternal inflation detected,coarse_pta
0.6037826959849352,2.3357214690901213,0.0006311959221313305,0.0006312009680312967,0.05868199644746297,,,,,,,,physical_failure,Eternal inflation detected,coarse_pta
0.6037826959849352,3.359818286283781,0.0006311959221313305,0.0006312009680312967,0.08441111123435013,,,,,,,,physical_failure,Eternal inflation detected,coarse_pta
0.6037826959849352,4.832930238571752,0.0006311959221313305,0.0006312009680312967,0.12142115352528846,,,,,,,,physical_failure,Eternal inflation detected,coarse_pta
0.6037826959849352,6.951927961775605,0.0006311959221313305,0.0006312009680312967,0.17465824472421035,,,,,,,,physical_failure,Eternal inflation detected,coarse_pta
0.6037826959849352,10.0,0.0006311959221313305,0.0006312009680312967,0.2512371326120597,,,,,,,,physical_failure,Eternal inflation detected,coarse_pta
0.6634924590522101,0.01,0.0009204188414116669,0.0009204295709557449,0.0003033858221729791,,,,,,,,physical_failure,Eternal inflation detected,coarse_pta
0.6634924590522101,0.01438449888287663,0.0009204188414116669,0.0009204295709557449,0.0004364053020127826,,,,,,,,physical_failure,Eternal inflation detected,coarse_pta
0.6634924590522101,0.0206913808111479,0.0009204188414116669,0.0009204295709557449,0.0006277471579284309,,,,,,,,physical_failure,Eternal inflation detected,coarse_pta
0.6634924590522101,0.029763514416313176,0.0009204188414116669,0.0009204295709557449,0.0009029828291950489,,,,,,,,physical_failure,Eternal inflation detected,coarse_pta
0.6634924590522101,0.04281332398719394,0.0009204188414116669,0.0009204295709557449,0.001298895549781296,,,,,,,,physical_failure,Eternal inflation detected,coarse_pta
0.6634924590522101,0.06158482110660264,0.0009204188414116669,0.0009204295709557449,0.0018683961584802478,,,,,,,,physical_failure,Eternal inflation detected,coarse_pta
0.6634924590522101,0.08858667904100823,0.0009204188414116669,0.0009204295709557449,0.0026875942454430094,,,,,,,,physical_failure,Eternal inflation detected,coarse_pta
0.6634924590522101,0.12742749857031335,0.0009204188414116669,0.0009204295709557449,0.003865969642120063,,,,,,,,physical_failure,Eternal inflation detected,coarse_pta
0.6634924590522101,0.18329807108324356,0.0009204188414116669,0.0009204295709557449,0.005561003599831101,,,,,,,,physical_failure,Eternal inflation detected,coarse_pta
0.6634924590522101,0.26366508987303583,0.0009204188414116669,0.0009204295709557449,0.00799922500694434,,,,,,,,physical_failure,Eternal inflation detected,coarse_pta
0.6634924590522101,0.37926901907322497,0.0009204188414116669,0.0009204295709557449,0.011506484317626964,,,,,,,,physical_failure,Eternal inflation detected,coarse_pta
0.6634924590522101,0.5455594781168517,0.0009204188414116669,0.0009204295709557449,0.016551501081274244,,,,,,,,physical_failure,Eternal inflation detected,coarse_pta
0.6634924590522101,0.7847599703514611,0.0009204188414116669,0.0009204295709557449,0.02380850488135207,,,,,,,,physical_failure,Eternal inflation detected,coarse_pta
0.6634924590522101,1.1288378916846884,0.0009204188414116669,0.0009204295709557449,0.034247341186877146,,,,,,,,physical_failure,Eternal inflation detected,coarse_pta
0.6634924590522101,1.623776739188721,0.0009204188414116669,0.0009204295709557449,0.049263084104412914,,,,,,,,physical_failure,Eternal inflation detected,coarse_pta
0.6634924590522101,2.3357214690901213,0.0009204188414116669,0.0009204295709557449,0.0708624778266985,,,,,,,,physical_failure,Eternal inflation detected,coarse_pta
0.6634924590522101,3.359818286283781,0.0009204188414116669,0.0009204295709557449,0.10193212331360145,,,,,,,,physical_failure,Eternal inflation detected,coarse_pta
0.6634924590522101,4.832930238571752,0.0009204188414116669,0.0009204295709557449,0.1466242513933743,,,,,,,,physical_failure,Eternal inflation detected,coarse_pta
0.6634924590522101,6.951927961775605,0.0009204188414116669,0.0009204295709557449,0.21091163803706148,,,,,,,,physical_failure,Eternal inflation detected,coarse_pta
0.6634924590522101,10.0,0.0009204188414116669,0.0009204295709557449,0.3033858221729791,,,,,,,,physical_failure,Eternal inflation detected,coarse_pta
0.7291070879416733,0.01,0.001342167802296619,0.001342190617476644,0.0003663591977112959,,,,,,,,physical_failure,Eternal inflation detected,coarse_pta
0.7291070879416733,0.01438449888287663,0.001342167802296619,0.001342190617476644,0.0005269893470209715,,,,,,,,physical_failure,Eternal inflation detected,coarse_pta
0.7291070879416733,0.0206913808111479,0.001342167802296619,0.001342190617476644,0.0007580477673511048,,,,,,,,physical_failure,Eternal inflation detected,coarse_pta
0.7291070879416733,0.029763514416313176,0.001342167802296619,0.001342190617476644,0.0010904137262629087,,,,,,,,physical_failure,Eternal inflation detected,coarse_pta
0.7291070879416733,0.04281332398719394,0.001342167802296619,0.001342190617476644,0.0015685055027302153,,,,,,,,physical_failure,Eternal inflation detected,coarse_pta
0.7291070879416733,0.06158482110660264,0.001342167802296619,0.001342190617476644,0.0022562165651808627,,,,,,,,physical_failure,Eternal inflation detected,coarse_pta
0.7291070879416733,0.08858667904100823,0.001342167802296619,0.001342190617476644,0.003245454466137185,,,,,,,,physical_failure,Eternal inflation detected,coarse_pta
0.7291070879416733,0.12742749857031335,0.001342167802296619,0.001342190617476644,0.004668423614257731,,,,,,,,physical_failure,Eternal inflation detected,coarse_pta
0.7291070879416733,0.18329807108324356,0.001342167802296619,0.001342190617476644,0.00671529342640852,,,,,,,,physical_failure,Eternal inflation detected,coarse_pta
0.7291070879416733,0.26366508987303583,0.001342167802296619,0.001342190617476644,0.009659613079036214,,,,,,,,physical_failure,Eternal inflation detected,coarse_pta
0.7291070879416733,0.37926901907322497,0.001342167802296619,0.001342190617476644,0.01389486935444169,,,,,,,,physical_failure,Eternal inflation detected,coarse_pta
0.7291070879416733,0.5455594781168517,0.001342167802296619,0.001342190617476644,0.019987073270668308,,,,,,,,physical_failure,Eternal inflation detected,coarse_pta
0.7291070879416733,0.7847599703514611,0.001342167802296619,0.001342190617476644,0.028750403313390165,,,,,,,,physical_failure,Eternal inflation detected,coarse_pta
0.7291070879416733,1.1288378916846884,0.001342167802296619,0.001342190617476644,0.04135601443437132,,,,,,,,physical_failure,Eternal inflation detected,coarse_pta
0.7291070879416733,1.623776739188721,0.001342167802296619,0.001342190617476644,0.05948855434314441,,,,,,,,physical_failure,Eternal inflation detected,coarse_pta
0.7291070879416733,2.3357214690901213,0.001342167802296619,0.001342190617476644,0.08557130434929064,,,,,,,,physical_failure,Eternal inflation detected,coarse_pta
0.7291070879416733,3.359818286283781,0.001342167802296619,0.001342190617476644,0.12309003318186672,,,,,,,,physical_failure,Eternal inflation detected,coarse_pta
0.7291070879416733,4.832930238571752,0.001342167802296619,0.001342190617476644,0.1770588444797809,,,,,,,,physical_failure,Eternal inflation detected,coarse_pta
0.7291070879416733,6.951927961775605,0.001342167802296619,0.001342190617476644,0.25469027506228353,,,,,,,,physical_failure,Eternal inflation detected,coarse_pta
0.7291070879416733,10.0,0.001342167802296619,0.001342190617476644,0.36635919771129594,,,,,,,,physical_failure,Eternal inflation detected,coarse_pta
0.8012105313844353,0.5455594781168517,0.001957168115723127,0.001957216629661446,0.024135791963964287,4.483031921266692e-10,,,,,,,physical_failure,Eternal inflation detected,coarse_pta
0.8012105313844353,0.7847599703514611,0.001957168115723127,0.001957216629661446,0.03471812725429871,1.0340418465703672e-10,,,,,,,physical_failure,Eternal inflation detected,coarse_pta
0.8012105313844353,1.1288378916846884,0.001957168115723127,0.001957216629661446,0.04994028627050282,,,,,,,,physical_failure,Eternal inflation detected,coarse_pta
0.8012105313844353,1.623776739188721,0.001957168115723127,0.001957216629661446,0.07183659920685868,,,,,,,,physical_failure,Eternal inflation detected,coarse_pta
0.8012105313844353,2.3357214690901213,0.001957168115723127,0.001957216629661446,0.10333334810407149,,,,,,,,physical_failure,Eternal inflation detected,coarse_pta
0.8012105313844353,3.359818286283781,0.001957168115723127,0.001957216629661446,0.14863984303669184,,,,,,,,physical_failure,Eternal inflation detected,coarse_pta
0.8012105313844353,4.832930238571752,0.001957168115723127,0.001957216629661446,0.21381096561122512,,,,,,,,physical_failure,Eternal inflation detected,coarse_pta
0.8012105313844353,6.951927961775605,0.001957168115723127,0.001957216629661446,0.30755635959814415,,,,,,,,physical_failure,Eternal inflation detected,coarse_pta
0.8012105313844353,10.0,0.001957168115723127,0.001957216629661446,0.44240441110611073,,,,,,,,physical_failure,Eternal inflation detected,coarse_pta
2.2607642024187125,0.01,0.12406880710953068,0.12426376260460456,0.0035251065601567926,0.0026854138204838946,,,,,,,physical_failure,Eternal inflation detected,coarse_pta
2.2607642024187125,0.01438449888287663,0.12406880710953068,0.12426376260460456,0.0050706891376596465,0.0038552771148940594,,,,,,,physical_failure,Eternal inflation detected,coarse_pta
2.2607642024187125,0.0206913808111479,0.12406880710953068,0.12426376260460456,0.007293932223607984,0.005534594592951635,,,,,,,physical_failure,Eternal inflation detected,coarse_pta
2.2607642024187125,0.029763514416313176,0.12406880710953068,0.12426376260460456,0.010491955992226685,0.00794514397839815,,,,,,,physical_failure,Eternal inflation detected,coarse_pta
2.2607642024187125,0.04281332398719394,0.12406880710953068,0.12426376260460456,0.015092152924937553,0.011405202862110912,,,,,,,physical_failure,Eternal inflation detected,coarse_pta
2.2607642024187125,0.06158482110660264,0.12406880710953068,0.12426376260460456,0.021709305688896747,0.016371105077777844,,,,,,,physical_failure,Eternal inflation detected,coarse_pta
2.2607642024187125,0.08858667904100823,0.12406880710953068,0.12426376260460456,0.031227748342996235,0.02349711355952849,,,,,,,physical_failure,Eternal inflation detected,coarse_pta
2.2607642024187125,0.12742749857031335,0.12406880710953068,0.12426376260460456,0.044919551115458194,0.033721003178236744,,,,,,,physical_failure,Eternal inflation detected,coarse_pta
2.2607642024187125,0.18329807108324356,0.12406880710953068,0.12426376260460456,0.06461452328396279,0.04839122017588938,,,,,,,physical_failure,Eternal inflation detected,coarse_pta
2.4843375107878645,0.01,0.18091889331205402,0.18133344445092292,0.004258326484088824,,,,,,,,physical_failure,Eternal inflation detected,coarse_pta
2.4843375107878645,0.01438449888287663,0.18091889331205402,0.18133344445092292,0.0061253892553299666,,,,,,,,physical_failure,Eternal inflation detected,coarse_pta
2.4843375107878645,0.0206913808111479,0.18091889331205402,0.18133344445092292,0.00881106549004784,,,,,,,,physical_failure,Eternal inflation detected,coarse_pta
2.4843375107878645,0.029763514416313176,0.18091889331205402,0.18133344445092292,0.012674276169854594,0.009296630421723535,,,,,,,physical_failure,Eternal inflation detected,coarse_pta
2.4843375107878645,0.04281332398719394,0.18091889331205402,0.18133344445092292,0.01823131114065433,0.013352317858998049,,,,,,,physical_failure,Eternal inflation detected,coarse_pta
2.4843375107878645,0.06158482110660264,0.18091889331205402,0.18133344445092292,0.026224827473611847,0.019176222750040665,,,,,,,physical_failure,Eternal inflation detected,coarse_pta
2.4843375107878645,0.08858667904100823,0.18091889331205402,0.18133344445092292,0.03772310014978017,0.027538044571772582,,,,,,,physical_failure,Eternal inflation detected,coarse_pta
2.4843375107878645,0.12742749857031335,0.18091889331205402,0.18133344445092292,0.054262789196315615,0.039543960364037734,,,,,,,physical_failure,Eternal inflation detected,coarse_pta
2.4843375107878645,0.18329807108324356,0.18091889331205402,0.18133344445092292,0.0780543030576172,0.0567822693640201,,,,,,,physical_failure,Eternal inflation detected,coarse_pta
2.4843375107878645,0.26366508987303583,0.18091889331205402,0.18133344445092292,0.11227720351360086,0.08153429567085473,,,,,,,physical_failure,Eternal inflation detected,coarse_pta
2.4843375107878645,0.37926901907322497,0.18091889331205402,0.18133344445092292,0.16150513085139034,0.11706049737144253,,,,,,,physical_failure,Eternal inflation detected,coarse_pta
2.4843375107878645,0.5455594781168517,0.18091889331205402,0.18133344445092292,0.23231703743106671,0.16774880299023529,,,,,,,physical_failure,Eternal inflation detected,coarse_pta
2.4843375107878645,0.7847599703514611,0.18091889331205402,0.18133344445092292,0.33417641654003877,0.24085330766426705,,,,,,,physical_failure,Eternal inflation detected,coarse_pta
2.4843375107878645,1.1288378916846884,0.18091889331205402,0.18133344445092292,0.48069602904039005,0.3457974652573742,,,,,,,physical_failure,Eternal inflation detected,coarse_pta
2.4843375107878645,1.623776739188721,0.18091889331205402,0.18133344445092292,0.6914571492734722,0.4964387662671568,,,,,,,physical_failure,Eternal inflation detected,coarse_pta
2.4843375107878645,2.3357214690901213,0.18091889331205402,0.18133344445092292,0.9946264591281321,0.71268778243611,,,,,,,physical_failure,Eternal inflation detected,coarse_pta
2.4843375107878645,3.359818286283781,0.18091889331205402,0.18133344445092292,1.4307203190208153,1.0230900411441368,,,,,,,physical_failure,Eternal inflation detected,coarse_pta
2.4843375107878645,4.832930238571752,0.18091889331205402,0.18133344445092292,2.0580194830663814,1.468637360400165,,,,,,,physical_failure,Eternal inflation detected,coarse_pta
2.4843375107878645,6.951927961775605,0.18091889331205402,0.18133344445092292,2.96035789551067,2.1081968658296057,,,,,,,physical_failure,Eternal inflation detected,coarse_pta
2.4843375107878645,10.0,0.18091889331205402,0.18133344445092292,4.258326484088824,3.0262219911309796,,,,,,,physical_failure,Eternal inflation detected,coarse_pta
2.730020610245204,0.01,0.26381849491276416,0.2646999917214199,0.005144900307308392,0.0036076336643262393,,,,,,,physical_failure,Eternal inflation detected,coarse_pta
2.730020610245204,0.01438449888287663,0.26381849491276416,0.2646999917214199,0.00740068127229892,0.005183673261868683,,,,,,,physical_failure,Eternal inflation detected,coarse_pta
2.730020610245204,0.0206913808111479,0.26381849491276416,0.2646999917214199,0.01064550914939098,0.007448099769846181,,,,,,,physical_failure,Eternal inflation detected,coarse_pta
2.730020610245204,0.029763514416313176,0.26381849491276416,0.2646999917214199,0.015313031446706742,0.010701529283064452,,,,,,,physical_failure,Eternal inflation detected,coarse_pta
2.730020610245204,0.04281332398719394,0.26381849491276416,0.2646999917214199,0.022027028373860783,0.015375672399365738,,,,,,,physical_failure,Eternal inflation detected,coarse_pta
2.730020610245204,0.06158482110660264,0.26381849491276416,0.2646999917214199,0.03168477650368923,0.0220902589107522,,,,,,,physical_failure,Eternal inflation detected,coarse_pta
2.730020610245204,0.08858667904100823,0.26381849491276416,0.2646999917214199,0.04557696322215131,0.03173507266557251,,,,,,,physical_failure,Eternal inflation detected,coarse_pta
2.730020610245204,0.12742749857031335,0.26381849491276416,0.2646999917214199,0.06556017765539449,0.04558954303327516,,,,,,,physical_failure,Eternal inflation detected,coarse_pta
2.730020610245204,0.18329807108324356,0.26381849491276416,0.2646999917214199,0.09430503022452152,0.06549171947675815,,,,,,,physical_failure,Eternal inflation detected,coarse_pta
2.730020610245204,0.26366508987303583,0.26381849491276416,0.2646999917214199,0.1356530601914277,0.09407872432423983,,,,,,,physical_failure,Eternal inflation detected,coarse_pta
2.730020610245204,0.37926901907322497,0.26381849491276416,0.2646999917214199,0.19513012927823875,0.13512023010108704,,,,,,,physical_failure,Eternal inflation detected,coarse_pta
2.730020610245204,0.5455594781168517,0.26381849491276416,0.2646999917214199,0.28068491266183965,0.19382846684863111,,,,,,,physical_failure,Eternal inflation detected,coarse_pta
2.730020610245204,0.7847599703514611,0.26381849491276416,0.2646999917214199,0.4037511812624557,0.2784221817544202,,,,,,,physical_failure,Eternal inflation detected,coarse_pta
2.730020610245204,1.1288378916846884,0.26381849491276416,0.2646999917214199,0.5807758415829911,0.3999197253051845,,,,,,,physical_failure,Eternal inflation detected,coarse_pta
2.730020610245204,1.623776739188721,0.26381849491276416,0.2646999917214199,0.835416944445227,0.5744180996493666,,,,,,,physical_failure,Eternal inflation detected,coarse_pta
2.730020610245204,2.3357214690901213,0.26381849491276416,0.2646999917214199,1.2017054104108575,0.8250338123571875,,,,,,,physical_failure,Eternal inflation detected,coarse_pta
2.730020610245204,3.359818286283781,0.26381849491276416,0.2646999917214199,1.728593013360178,1.184961617540419,,,,,,,physical_failure,Eternal inflation detected,coarse_pta
2.730020610245204,4.832930238571752,0.26381849491276416,0.2646999917214199,2.486494426962783,1.701873471769032,,,,,,,physical_failure,Eternal inflation detected,coarse_pta
2.730020610245204,6.951927961775605,0.26381849491276416,0.2646999917214199,3.576697630692512,2.444259287686057,,,,,,,physical_failure,Eternal inflation detected,coarse_pta
2.730020610245204,10.0,0.26381849491276416,0.2646999917214199,5.144900307308392,3.510509436242305,,,,,,,physical_failure,Eternal inflation detected,coarse_pta
3.0,0.01,0.3847038691420013,0.3865782738916548,0.006217541908919108,,,,,,,,physical_failure,Eternal inflation detected,coarse_pta
3.0,0.01438449888287663,0.3847038691420013,0.3865782738916548,0.008943622464308555,,,,,,,,physical_failure,Eternal inflation detected,coarse_pta
3.0,0.0206913808111479,0.3847038691420013,0.3865782738916548,0.012864952734671673,,,,,,,,physical_failure,Eternal inflation detected,coarse_pta
3.0,0.029763514416313176,0.3847038691420013,0.3865782738916548,0.018505589824014523,,,,,,,,physical_failure,Eternal inflation detected,coarse_pta
3.0,0.04281332398719394,0.3847038691420013,0.3865782738916548,0.026619363615051007,,,,,,,,physical_failure,Eternal inflation detected,coarse_pta
3.0,0.06158482110660264,0.3847038691420013,0.3865782738916548,0.0382906206183588,,,,,,,,physical_failure,Eternal inflation detected,coarse_pta
3.0,0.08858667904100823,0.3847038691420013,0.3865782738916548,0.05507913895094347,,,,,,,,physical_failure,Eternal inflation detected,coarse_pta
3.0,0.12742749857031335,0.3847038691420013,0.3865782738916548,0.07922858127096531,,,,,,,,physical_failure,Eternal inflation detected,coarse_pta
3.0,0.18329807108324356,0.3847038691420013,0.3865782738916548,0.11396634387841006,,,,,,,,physical_failure,Eternal inflation detected,coarse_pta
3.0,0.26366508987303583,0.3847038691420013,0.3865782738916548,0.16393487462045236,,,,,,,,physical_failure,Eternal inflation detected,coarse_pta
3.0,0.37926901907322497,0.3847038691420013,0.3865782738916548,0.2358121020842417,,,,,,,,physical_failure,Eternal inflation detected,coarse_pta
3.0,0.5455594781168517,0.3847038691420013,0.3865782738916548,0.33920389189995626,,,,,,,,physical_failure,Eternal inflation detected,coarse_pta
3.0,0.7847599703514611,0.3847038691420013,0.3865782738916548,0.48792780041023265,,,,,,,,physical_failure,Eternal inflation detected,coarse_pta
3.0,1.1288378916846884,0.3847038691420013,0.3865782738916548,0.701859689992544,,,,,,,,physical_failure,Eternal inflation detected,coarse_pta
3.0,1.623776739188721,0.3847038691420013,0.3865782738916548,1.0095899926633887,,,,,,,,physical_failure,Eternal inflation detected,coarse_pta
3.0,2.3357214690901213,0.3847038691420013,0.3865782738916548,1.4522446121629937,,,,,,,,physical_failure,Eternal inflation detected,coarse_pta
3.0,3.359818286283781,0.3847038691420013,0.3865782738916548,2.0889811001322185,,,,,,,,physical_failure,Eternal inflation detected,coarse_pta
3.0,4.832930238571752,0.3847038691420013,0.3865782738916548,3.0048946301202295,,,,,,,,physical_failure,Eternal inflation detected,coarse_pta
3.0,6.951927961775605,0.3847038691420013,0.3865782738916548,4.322390345012643,,,,,,,,physical_failure,Eternal inflation detected,coarse_pta
3.0,10.0,0.3847038691420013,0.3865782738916548,6.217541908919109,,,,,,,,physical_failure,Eternal inflation detected,coarse_pta
