g_D,y,w,beta_lambda,m_Zp,m_chi,m_scalon,Tn,Tp,Treh,alpha,beta_H,eternal_inflation,f_peak_est,status,failure_reason
0.3,0.0,0.05,0.000307763095313601,0.015,0.0,0.0008771589013878856,nan,nan,nan,nan,nan,nan,nan,numerical_failure,non-finite backend output
0.3,0.0,0.12091355875609787,0.000307763095313601,0.03627406762682936,0.0,0.0021212080872279673,nan,nan,nan,nan,nan,nan,nan,numerical_failure,non-finite backend output
0.3,0.0,0.2924017738212866,0.000307763095313601,0.08772053214638599,0.0,0.0051296563737789755,nan,nan,nan,nan,nan,nan,nan,numerical_failure,non-finite backend output
0.3,0.0,0.7071067811865475,0.000307763095313601,0.21213203435596423,0.0,0.01240490014699032,nan,nan,nan,nan,nan,nan,nan,numerical_failure,non-finite backend output
0.3,0.0,1.7099759466766973,0.000307763095313601,0.5129927840030092,0.0,0.02999841245573283,nan,nan,nan,nan,nan,nan,nan,numerical_failure,non-finite backend output
0.3,0.0,4.135185542000139,0.000307763095313601,1.2405556626000416,0.0,0.07254429614111821,nan,nan,nan,nan,nan,nan,nan,numerical_failure,non-finite backend output
0.3,0.0,10.0,0.000307763095313601,3.0,0.0,0.1754317802775771,nan,nan,nan,nan,nan,nan,nan,numerical_failure,non-finite backend output
0.3,0.2,0.05,0.0002672346218566659,0.015,0.007071067811865476,0.0008173656187054021,nan,nan,nan,nan,nan,nan,nan,numerical_failure,non-finite backend output
0.3,0.2,0.12091355875609787,0.0002672346218566659,0.03627406762682936,0.01709975946676697,0.0019766117152509987,nan,nan,nan,nan,nan,nan,nan,numerical_failure,non-finite backend output
0.3,0.2,0.2924017738212866,0.0002672346218566659,0.08772053214638599,0.041351855420001374,0.0047799831353998595,nan,nan,nan,nan,nan,nan,nan,numerical_failure,non-finite backend output
0.3,0.2,0.7071067811865475,0.0002672346218566659,0.21213203435596423,0.09999999999999999,0.011559295433906555,nan,nan,nan,nan,nan,nan,nan,numerical_failure,non-finite backend output
0.3,0.2,1.7099759466766973,0.0002672346218566659,0.5129927840030092,0.24182711751219574,0.027953510952535086,nan,nan,nan,nan,nan,nan,nan,numerical_failure,non-finite backend output
0.3,0.2,4.135185542000139,0.0002672346218566659,1.2405556626000416,0.5848035476425735,0.06759916977997155,nan,nan,nan,nan,nan,nan,nan,numerical_failure,non-finite backend output
0.3,0.2,10.0,0.0002672346218566659,3.0,1.414213562373095,0.16347312374108042,nan,nan,nan,nan,nan,nan,nan,numerical_failure,non-finite backend output
0.5,0.0,0.05,0.0023747152416172916,0.025,0.0,0.002436552503855238,1.8445615906664109e-06,1.1260382822956512e-06,0.0037433310341764303,122129426215043.1,15.013371989695658,False,6.200692981874253e-09,viable,
0.5,0.0,0.12091355875609787,0.0023747152416172916,0.060456779378048935,0.0,0.005892244686744354,3.3203936895884074e-06,1.9947564898959067e-06,0.009052346166025096,424116399702371.94,14.121939609736954,False,1.4110903311695381e-08,viable,
0.5,0.0,0.2924017738212866,0.0023747152416172916,0.1462008869106433,0.0,0.014249045482719378,5.822055260736283e-06,3.432283282102001e-06,0.02189085424185747,1654696457763302.0,13.236894966141222,False,3.234558963656661e-08,viable,
0.5,0.0,0.7071067811865475,0.0023747152416172916,0.35355339059327373,0.0,0.034458055963862,9.89651314585368e-06,5.70403272523487e-06,0.05293735856750397,7418584290487106.0,12.356422534878675,False,7.62142514110046e-08,viable,
0.5,0.0,1.7099759466766973,0.0023747152416172916,0.8549879733383486,0.0,0.08332892348814674,1.62062690127554e-05,9.086547574180842e-06,0.128014500367642,3.939499440292146e+16,11.478033619013672,True,nan,physical_failure,eternal inflation (transition never completes)
0.5,0.0,4.135185542000139,0.0023747152416172916,2.0675927710000694,0.0,0.20151193372532836,2.5349970241091036e-05,1.372952480159158e-05,0.30956585053374447,2.5845810731877133e+17,10.598192899848868,True,nan,physical_failure,eternal inflation (transition never completes)
0.5,0.0,10.0,0.0023747152416172916,5.0,0.0,0.4873105007710476,3.7421684325576985e-05,1.9375493528591235e-05,0.7485908695428778,2.2282658725878467e+18,9.711620607838254,True,nan,physical_failure,eternal inflation (transition never completes)
0.5,0.2,0.05,0.0023341867681603563,0.025,0.007071067811865476,0.0024156711118032796,5.584819159877536e-07,3.284593541963385e-07,0.003727272637219197,1.6582045620927828e+16,13.162504514795613,False,5.4129428586504044e-09,viable,
0.5,0.2,0.12091355875609787,0.0023341867681603563,0.060456779378048935,0.01709975946676697,0.005841747818248681,9.455601315677678e-07,5.439137955004313e-07,0.009013545269184034,7.541578925501982e+16,12.312464077908203,False,1.2250067292629255e-08,viable,
0.5,0.2,0.2924017738212866,0.0023341867681603563,0.1462008869106433,0.041351855420001374,0.01412693036120237,1.543384240985643e-06,8.641925141147193e-07,0.02179715820544431,4.0472264565298074e+17,11.46416965164576,True,nan,physical_failure,eternal inflation (transition never completes)
0.5,0.2,0.7071067811865475,0.0023341867681603563,0.35355339059327373,0.09999999999999999,0.0341627484854509,2.4090467676086305e-06,1.30436135030468e-06,0.05271131141868104,2.667003578095659e+18,10.61439423160948,True,nan,physical_failure,eternal inflation (transition never completes)
0.5,0.2,1.7099759466766973,0.0023341867681603563,0.8549879733383486,0.24182711751219574,0.08261478992530724,3.5552601892451953e-06,1.843493815675588e-06,0.1274698659706342,2.285932364951355e+19,9.758379500667047,True,nan,physical_failure,eternal inflation (transition never completes)
0.5,0.2,4.135185542000139,0.0023341867681603563,2.0675927710000694,0.5848035476425735,0.19978496511512642,4.878358635477406e-06,2.386287109273447e-06,0.30825577975128626,2.784544305595577e+20,8.888657761460195,True,nan,physical_failure,eternal inflation (transition never completes)
0.5,0.2,10.0,0.0023341867681603563,5.0,1.414213562373095,0.48313422236065584,6.060565329220287e-06,2.7254179215617377e-06,0.7454446724556371,5.596663962153892e+21,7.992389424529733,True,nan,physical_failure,eternal inflation (transition never completes)
0.5,0.4,0.05,0.00172625966630633,0.025,0.014142135623730952,0.0020774140573717663,5.198464611670707e-10,1.7867228196242098e-10,0.0034564842124847586,1.400585331781156e+29,6.492587712038756,True,nan,physical_failure,eternal inflation (transition never completes)
0.5,0.4,0.12091355875609787,0.00172625966630633,0.060456779378048935,0.03419951893353394,0.005023750533735295,3.440728007507666e-10,7.868732934110794e-11,0.00835871614292564,1.273324473029501e+32,5.45701620347927,True,nan,physical_failure,eternal inflation (transition never completes)
0.5,0.4,0.2924017738212866,0.00172625966630633,0.1462008869106433,0.08270371084000275,0.012148791106735612,9.241113602243768e-11,nan,nan,nan,nan,nan,nan,numerical_failure,non-finite backend output
0.5,0.4,0.7071067811865475,0.00172625966630633,0.35355339059327373,0.19999999999999998,0.029379071345996707,nan,nan,nan,nan,nan,nan,nan,numerical_failure,non-finite backend output
0.5,0.4,1.7099759466766973,0.00172625966630633,0.8549879733383486,0.4836542350243915,0.0710465613878753,nan,nan,nan,nan,nan,nan,nan,numerical_failure,non-finite backend output
0.5,0.4,4.135185542000139,0.00172625966630633,2.0675927710000694,1.169607095285147,0.1718098514958315,nan,nan,nan,nan,nan,nan,nan,numerical_failure,non-finite backend output
0.5,0.4,10.0,0.00172625966630633,5.0,2.82842712474619,0.4154828114743533,nan,nan,nan,nan,nan,nan,nan,numerical_failure,non-finite backend output
0.7,0.0,0.05,0.009122706072196986,0.034999999999999996,0.0,0.004775642907556266,0.0015410635007056459,0.001272011713978241,0.004735683523253332,191.1171977845864,62.43939898325834,False,3.2627078106193576e-08,viable,
0.7,0.0,0.12091355875609787,0.009122706072196986,0.08463949112926851,0.0,0.011548799586018932,0.0035383876811059204,0.002899439093309064,0.011435482540711446,240.97027593564383,59.43557634832075,False,7.503948623273878e-08,viable,
0.7,0.0,0.2924017738212866,0.009122706072196986,0.20468124167490062,0.0,0.027928129146129976,0.008100996023013484,0.006589594266219465,0.02764297084274352,308.67358534762144,56.55371935344533,False,1.7641343358165516e-07,viable,
0.7,0.0,0.7071067811865475,0.009122706072196986,0.4949747468305832,0.0,0.06753778968916951,0.01848983670413201,0.014924143748794591,0.06672095530309362,398.4765857841082,53.77115154050216,False,4.2158762509438606e-07,viable,
0.7,0.0,1.7099759466766973,0.009122706072196986,1.196983162673688,0.0,0.1633246900367676,0.042061967844844304,0.03367777095770684,0.15762691441269858,478.89711703700596,51.08653893898918,False,1.1877116739555808e-06,viable,
0.7,0.0,4.135185542000139,0.009122706072196986,2.894629879400097,0.0,0.3949633901016435,0.09534770045041019,0.0756950863402747,0.36970119869568274,568.0267460314872,48.49168326211384,False,2.6826567003557528e-06,viable,
0.7,0.0,10.0,0.009122706072196986,7.0,0.0,0.9551285815112531,0.2152726384034669,0.16939698009629375,0.6994762197112231,289.7161523358682,45.9806227169537,False,4.8826909480775345e-06,viable,
0.7,0.2,0.05,0.009082177598740051,0.034999999999999996,0.007071067811865476,0.004765022979677027,0.0012861735144333955,0.0010510655133340076,0.004730118673978549,409.1748246294856,58.61547005747524,False,3.059291613557978e-08,viable,
0.7,0.2,0.12091355875609787,0.009082177598740051,0.08463949112926851,0.01709975946676697,0.011523117720546693,0.002940704529618923,0.0023853254205147543,0.011416387689846461,523.7159772526514,55.872147452561194,False,7.042262892824689e-08,viable,
0.7,0.2,0.2924017738212866,0.009082177598740051,0.20468124167490062,0.041351855420001374,0.027866023431135103,0.00670360312453834,0.005398261110973004,0.02760211550946209,682.5242494052269,53.236302637927224,False,1.6580476280303703e-07,viable,
0.7,0.2,0.7071067811865475,0.009082177598740051,0.4949747468305832,0.09999999999999999,0.06738760122878706,0.01523270159120509,0.01217017334377707,0.06671440453982042,902.0075886241248,50.67093941548251,False,3.972401424147487e-07,viable,
0.7,0.2,1.7099759466766973,0.009082177598740051,1.196983162673688,0.24182711751219574,0.1629614936121888,0.03449458556295104,0.027335598960407367,0.15873179091532114,1135.9497953008452,48.1875525196358,False,1.1282473686599796e-06,viable,
0.7,0.2,4.135185542000139,0.009082177598740051,2.894629879400097,0.5848035476425735,0.39408508265717723,0.07782472553197442,0.061142080489236875,0.3719430318617545,1368.4458293850225,45.77664583315766,False,2.548186128786571e-06,viable,
0.7,0.2,10.0,0.009082177598740051,7.0,1.414213562373095,0.9530045959354052,0.1748659608299935,0.1361495255269535,0.8509371868887343,1524.8979308704154,43.43779351557941,False,5.6350258789097374e-06,viable,
0.7,0.4,0.05,0.008474250496886023,0.034999999999999996,0.014142135623730952,0.004602784618273493,0.0007212579842897229,0.0005721649684880155,0.004665676600623901,4420.539142146838,49.11594273808362,False,2.5285484241305515e-08,viable,
0.7,0.4,0.12091355875609787,0.008474250496886023,0.08463949112926851,0.03419951893353394,0.011130781367665508,0.0016280745419861335,0.0012829091933701214,0.011228387635143888,5866.943449805582,46.914518129057114,False,5.8157503660111226e-08,viable,
0.7,0.4,0.2924017738212866,0.008474250496886023,0.20468124167490062,0.08270371084000275,0.026917247738010054,0.003661997885641736,0.0028609404632414584,0.027121749823359364,8075.729572395273,44.724738901166454,False,1.3672625748133514e-07,viable,
0.7,0.4,0.7071067811865475,0.008474250496886023,0.4949747468305832,0.19999999999999998,0.06509320431844641,0.00820538753756213,0.0063564332790867276,0.06557662246791864,11326.712216648111,42.603884557522065,False,3.2807752802195323e-07,viable,
0.7,0.4,1.7099759466766973,0.008474250496886023,1.196983162673688,0.4836542350243915,0.1574130196996231,0.01830963137597088,0.014055594363352355,0.158389477359576,16124.323734579553,40.531951604521055,False,9.469339047132698e-07,viable,
0.7,0.4,4.135185542000139,0.008474250496886023,2.894629879400097,1.169607095285147,0.38066736812850344,0.04067284761965937,0.030927580545496058,0.3753665214884463,21697.931891949782,38.51359420995947,False,2.1641014487032304e-06,viable,
0.7,0.4,10.0,0.008474250496886023,7.0,2.82842712474619,0.9205569236546984,0.08990822044299164,0.06768027112843639,0.8808071532292812,28685.328843713058,36.54539094848986,False,4.911346107003444e-06,viable,
0.7,0.6000000000000001,0.05,0.0058398997221852395,0.034999999999999996,0.021213203435596427,0.003820961829888268,0.00018039710246121546,0.00013377144505918073,0.004535642251013898,1321603.4576129587,34.46489756609594,False,1.7248250111423413e-08,viable,
0.7,0.6000000000000001,0.12091355875609787,0.0058398997221852395,0.08463949112926851,0.051299278400300914,0.009240121854460045,0.00039336940047234216,0.00028948219342347703,0.010465548749305291,1708285.0778484656,32.878423148133606,False,3.798616271759532e-08,viable,
0.7,0.6000000000000001,0.2924017738212866,0.0058398997221852395,0.20468124167490062,0.12405556626000415,0.022345120335255174,0.0008528719845042743,0.0006206960426997352,0.024836830056166714,2563708.1697416916,31.284640940953064,False,8.71330828204087e-08,viable,
0.7,0.6000000000000001,0.7071067811865475,0.0058398997221852395,0.4949747468305832,0.3,0.05403656041137907,0.0018375884642786008,0.001321455994655252,0.0598172403161547,4198503.952390342,29.723698776365378,False,2.0806514723612722e-07,viable,
0.7,0.6000000000000001,1.7099759466766973,0.0058398997221852395,1.196983162673688,0.7254813525365874,0.1306750564455743,0.003932149918209623,0.002795232791895291,0.1445074704260196,7143140.69854475,28.209776761755734,False,5.09530467703594e-07,viable,
0.7,0.6000000000000001,4.135185542000139,0.0058398997221852395,2.894629879400097,1.7544106429277204,0.31600772230976715,0.008350769434012145,0.005862185827167354,0.34941319409166194,12621728.72838629,26.72605969851816,False,1.3955375586261055e-06,viable,
0.7,0.6000000000000001,10.0,0.0058398997221852395,7.0,4.242640687119286,0.7641923659776535,0.017586827746485865,0.012184161411492398,0.8446324723650237,23093433.212421656,25.276995208088234,False,3.254231285302653e-06,viable,
0.8999999999999999,0.0,0.05,0.02492881072040167,0.045,0.0,0.007894430112490969,0.00617182137569462,0.005630491408507964,0.006973737873617103,1.3532999005764539,161.607852497184,False,1.2437960704102134e-07,viable,
0.8999999999999999,0.0,0.12091355875609787,0.02492881072040167,0.10882220288048808,0.0,0.019090872785051703,0.014650406297314076,0.013325348864789944,0.01670500435224134,1.4698582038626327,155.12845880454051,False,2.8724630866593e-07,viable,
0.8999999999999999,0.0,0.2924017738212866,0.02492881072040167,0.26316159643915793,0.0,0.04616690736401077,0.03473054806552185,0.031493101846674046,0.0395208194604834,1.4799447968169877,148.78292013716532,False,6.751196567513706e-07,viable,
0.8999999999999999,0.0,0.7071067811865475,0.02492881072040167,0.6363961030678926,0.0,0.11164410132291286,0.082245905659764,0.07433987358115764,0.09281762870980652,1.4301585154320275,142.65700364425982,False,1.5801418015491628e-06,viable,
0.8999999999999999,0.0,1.7099759466766973,0.02492881072040167,1.5389783520090274,0.0,0.2699857121015954,0.19332150525153963,0.17413523965515398,0.1960060761220504,0.6052085576792638,135.3794063169147,False,3.924597719527183e-06,viable,
0.8999999999999999,0.0,4.135185542000139,0.02492881072040167,3.7216669878001247,0.0,0.6528986652700637,0.45692251437318554,0.41020549143636204,0.46281202975474994,0.6203643357092938,130.0178351345096,False,9.051566327558427e-06,viable,
0.8999999999999999,0.0,10.0,0.02492881072040167,9.0,0.0,1.5788860224981938,1.0787159815371798,0.9650774918286994,1.0898705784169969,0.6264883901848648,124.9660341104004,False,2.088009102047511e-05,viable,
0.8999999999999999,0.2,0.05,0.024888282246944737,0.045,0.007071067811865476,0.007888010244501578,0.005802964547191075,0.005284019646479642,0.006799581128527538,1.7420220621462397,158.5623340232587,False,1.1898623837901513e-07,viable,
0.8999999999999999,0.2,0.12091355875609787,0.024888282246944737,0.10882220288048808,0.01709975946676697,0.01907534780334487,0.013767569442362224,0.012499691857789081,0.016309095000593087,1.8981590940948831,152.5149172735354,False,2.7558681625355046e-07,viable,
0.8999999999999999,0.2,0.2924017738212866,0.024888282246944737,0.26316159643915793,0.041351855420001374,0.04612936374825485,0.03262337695137585,0.029529974644328064,0.03863629031322796,1.930416739828854,146.64286129715265,False,6.499024852812273e-07,viable,
0.8999999999999999,0.2,0.7071067811865475,0.024888282246944737,0.6363961030678926,0.09999999999999999,0.11155331067912044,0.0772199196088314,0.06967853612938231,0.09066761505777565,1.8669010007188045,141.02097299250715,False,1.5236774247700632e-06,viable,
0.8999999999999999,0.2,1.7099759466766973,0.024888282246944737,1.5389783520090274,0.24182711751219574,0.26976615570474144,0.1815140718187043,0.16327498392574624,0.18871345913432336,0.7845671846223586,134.5961825004025,False,3.754570571823535e-06,viable,
0.8999999999999999,0.2,4.135185542000139,0.024888282246944737,3.7216669878001247,0.5848035476425735,0.6523677183642381,0.42885479946940586,0.38454431971365155,0.44588831831312165,0.8076684407634523,129.86659784090193,False,8.701821748109483e-06,viable,
0.8999999999999999,0.2,10.0,0.024888282246944737,9.0,1.414213562373095,1.5776020489003155,1.0120805863638462,0.9046038776628509,1.0501707385702233,0.816376491536646,125.57712354870885,False,2.0203781750030513e-05,viable,
0.8999999999999999,0.4,0.05,0.02428035514509071,0.045,0.014142135623730952,0.007791077451978434,0.004885586025045495,0.004429990328620654,0.00643083526618218,3.440771494482313,154.8191898484816,False,1.0987346876515105e-07,viable,
0.8999999999999999,0.4,0.12091355875609787,0.02428035514509071,0.10882220288048808,0.03419951893353394,0.018840938025262075,0.011575700375074268,0.01046987232954992,0.015469391266270914,3.7657071661312185,150.9902102571203,False,2.585305984623539e-07,viable,
0.8999999999999999,0.4,0.2924017738212866,0.02428035514509071,0.26316159643915793,0.08270371084000275,0.045562497338750486,0.027401020235886968,0.024725818749835805,0.03688235129337349,3.95075773555334,148.00751862898665,False,6.249921178257267e-07,viable,
0.8999999999999999,0.4,0.7071067811865475,0.02428035514509071,0.6363961030678926,0.19999999999999998,0.11018247398087117,0.06479798612475318,0.05834371898195923,0.08633490624703072,3.7947862582453964,146.43864334860268,False,1.5022529030148815e-06,viable,
0.8999999999999999,0.4,1.7099759466766973,0.02428035514509071,1.5389783520090274,0.4836542350243915,0.26645110083156587,0.15264557584638416,0.13756352131921368,0.19841831346285146,3.328265354432553,147.98979402951318,False,4.343786683078382e-06,viable,
0.8999999999999999,0.4,4.135185542000139,0.02428035514509071,3.7216669878001247,1.169607095285147,0.64435101672049,0.3600384046356449,0.32341227289766195,0.4109646255881747,1.607304639615933,165.41022181755238,False,1.019566301553704e-05,viable,
0.8999999999999999,0.4,10.0,0.02428035514509071,9.0,2.82842712474619,1.5582154903956869,0.8496711387210824,0.7644480828825169,0.9701137002581716,1.5935735477463622,126.81338911036732,False,1.8811905573772833e-05,viable,
0.8999999999999999,0.6000000000000001,0.05,0.021646004370389927,0.045,0.021213203435596427,0.007356290568348617,0.003732110233206015,0.003401195806211639,0.0060223006977888245,8.829313928715909,144.08848048833534,False,9.575842010705814e-08,viable,
0.8999999999999999,0.6000000000000001,0.12091355875609787,0.021646004370389927,0.10882220288048808,0.051299278400300914,0.017789505437258983,0.008904840644442998,0.00802665642269575,0.014525440713828051,9.72453764614024,135.78252893982778,False,2.1807193580992157e-07,viable,
0.8999999999999999,0.6000000000000001,0.2924017738212866,0.021646004370389927,0.26316159643915793,0.12405556626000415,0.04301984821859873,0.02106910502593058,0.01891529813746209,0.03488081252347375,10.563614584552973,127.51577807607362,False,5.078305686350398e-07,viable,
0.8999999999999999,0.6000000000000001,0.7071067811865475,0.021646004370389927,0.6363961030678926,0.3,0.10403365890515896,0.04979390939873295,0.044493925813702304,0.08181056856814374,10.429697549012541,119.45331828866301,False,1.1578035534605e-06,viable,
0.8999999999999999,0.6000000000000001,1.7099759466766973,0.021646004370389927,1.5389783520090274,0.7254813525365874,0.2515815985728157,0.1175329009881564,0.1044589353923946,0.19110030339784945,10.2011631977065,111.74908299901176,False,3.1572674890072417e-06,viable,
0.8999999999999999,0.6000000000000001,4.135185542000139,0.021646004370389927,3.7216669878001247,1.7544106429277204,0.6083925280197438,0.27637914645429323,0.24419583955856486,0.3744434303761586,4.528302758921743,104.01071013900776,False,5.82969844185439e-06,viable,
0.8999999999999999,0.6000000000000001,10.0,0.021646004370389927,9.0,4.242640687119286,1.4712581136697234,0.6502523126836938,0.5708254401018525,0.8830649630865581,4.727397619033732,97.25460086464466,False,1.3104388991194314e-05,viable,
0.8999999999999999,0.8,0.05,0.014553521515426283,0.045,0.028284271247461905,0.006031898854304978,0.002201944928969935,0.001905055384932529,0.005332305457933491,60.38039147078504,89.33425363329661,False,5.256447288655171e-08,viable,
0.8999999999999999,0.8,0.12091355875609787,0.014553521515426283,0.10882220288048808,0.06839903786706789,0.014586767130616888,0.005146028947143967,0.004426473171137312,0.012883201956330007,70.75694060676324,84.7730031206737,False,1.2063602227144735e-07,viable,
0.8999999999999999,0.8,0.2924017738212866,0.014553521515426283,0.26316159643915793,0.1654074216800055,0.03527475849018724,0.012001614497054502,0.010258299526487874,0.031126527333020605,83.76590062830306,80.39801863584728,False,2.840124317167384e-07,viable,
0.8999999999999999,0.8,0.7071067811865475,0.014553521515426283,0.6363961030678926,0.39999999999999997,0.08530393166620834,0.027928055479279863,0.023717162961800625,0.07445558143948047,96.12657788911775,76.23552820054158,False,6.699369153652538e-07,viable,
0.8999999999999999,0.8,1.7099759466766973,0.014553521515426283,1.5389783520090274,0.967308470048783,0.2062880390729648,0.06483619181410792,0.05468662057900829,0.17403111910422686,101.56125009486422,72.25505710415803,False,1.8566658652494418e-06,viable,
0.8999999999999999,0.8,4.135185542000139,0.014553521515426283,3.7216669878001247,2.339214190570294,0.49886041866258296,0.15012589017972652,0.1257462915691897,0.40165454563471015,103.09503163855689,68.45118651806104,False,4.121610274988505e-06,viable,
0.8999999999999999,0.8,10.0,0.014553521515426283,9.0,5.65685424949238,1.2063797708609956,0.3465867745904951,0.2881847108523191,0.7806575013525759,52.84661455076004,64.78842019255637,False,7.695608080773765e-06,viable,
1.0999999999999999,0.0,0.05,0.05562912936403,0.05499999999999999,0.0,0.01179291411865935,0.011308284849520808,0.010746381857572044,0.011310924339577163,0.22727903415550563,332.2769463925255,False,4.1493732976399114e-07,viable,
1.0999999999999999,0.0,0.12091355875609787,0.05562912936403,0.13300491463170763,0.0,0.02851846428384267,0.027107048086597144,0.025713811076975783,0.027050415791998333,0.22470075370279557,317.05989784745725,False,9.665694324062447e-07,viable,
1.0999999999999999,0.0,0.2924017738212866,0.05562912936403,0.32164195120341527,0.0,0.06896538013636178,0.06493149042586964,0.06147053252563537,0.06440363228235024,0.20496253772626408,301.6816171641068,False,2.2799781557217913e-06,viable,
1.0999999999999999,0.0,0.7071067811865475,0.05562912936403,0.7778174593052021,0.0,0.16677699086509204,0.15479530039311357,0.14676464479068752,0.15256816008223628,0.16780369241698248,285.92020000813534,False,6.144277676550538e-06,viable,
1.0999999999999999,0.0,1.7099759466766973,0.05562912936403,1.8809735413443667,0.0,0.4033119896826302,0.3704655415991497,0.34889052391737657,0.35557075999779947,0.07881621240493211,266.7037981719602,False,1.4177477474328232e-05,viable,
1.0999999999999999,0.0,4.135185542000139,0.05562912936403,4.548704096200153,0.0,0.975317759230589,0.8860306903890298,0.8324115714558942,0.8476361465461001,0.0751905503610029,252.9358426193937,False,3.268217868942445e-05,viable,
1.0999999999999999,0.0,10.0,0.05562912936403,10.999999999999998,0.0,2.35858282373187,2.118079858675839,1.9847955936926693,2.019965541711497,0.07278500706172901,239.67201132799687,False,7.504411981925777e-05,viable,
1.0999999999999999,0.2,0.05,0.05558860089057307,0.05499999999999999,0.007071067811865476,0.011788617485796741,0.010944206845586998,0.010391946120785703,0.0110094945321383,0.25974306119299007,325.9149769078107,False,3.9613623983566154e-07,viable,
1.0999999999999999,0.2,0.12091355875609787,0.05558860089057307,0.13300491463170763,0.01709975946676697,0.02850807386044094,0.026230531079299815,0.024861850903123026,0.02633271970364383,0.25848787246118665,311.02513433670254,False,9.215418434818116e-07,viable,
1.0999999999999999,0.2,0.2924017738212866,0.05558860089057307,0.32164195120341527,0.041351855420001374,0.06894025327495205,0.06282031165393306,0.05942125010424651,0.06264822831504331,0.23557194271710916,295.926297360225,False,2.1732130829594368e-06,viable,
1.0999999999999999,0.2,0.7071067811865475,0.05558860089057307,0.7778174593052021,0.09999999999999999,0.16671622730042365,0.15018407786963392,0.14184680327269064,0.14829981968452854,0.19476992195229553,280.52491139871444,False,5.213087357013544e-06,viable,
1.0999999999999999,0.2,1.7099759466766973,0.05558860089057307,1.8809735413443667,0.24182711751219574,0.40316504690569493,0.3582696119202615,0.33709405131303677,0.34449376243994645,0.09073964001328144,261.6699789561068,False,1.3466703333107422e-05,viable,
1.0999999999999999,0.2,4.135185542000139,0.05558860089057307,4.548704096200153,0.5848035476425735,0.9749624117487341,0.8566782347375921,0.8040647610653616,0.8209456795861327,0.08665972220352917,248.16364166889574,False,3.103298597584299e-05,viable,
1.0999999999999999,0.2,10.0,0.05558860089057307,10.999999999999998,1.414213562373095,2.357723497159348,2.047430125999424,1.9166738995675257,1.9556452442844372,0.0838455264166026,235.1446027912516,False,7.125041287212345e-05,viable,
1.0999999999999999,0.4,0.05,0.05498067378871904,0.05499999999999999,0.014142135623730952,0.011723979037502483,0.010004446422325617,0.009474620162416356,0.01025395469612841,0.37188701273912106,306.56723711540224,False,3.470256856802835e-07,viable,
1.0999999999999999,0.4,0.12091355875609787,0.05498067378871904,0.13300491463170763,0.03419951893353394,0.02835176056412632,0.023965945086759876,0.022653748779644343,0.02453053703067759,0.37488984378020757,292.6054393488471,False,8.04447070109398e-07,viable,
1.0999999999999999,0.4,0.2924017738212866,0.05498067378871904,0.32164195120341527,0.08270371084000275,0.06856224533618613,0.05736209216905336,0.054104708002549344,0.058242298559397304,0.3428076134749622,278.3799414521866,False,1.8955460240700255e-06,viable,
1.0999999999999999,0.4,0.7071067811865475,0.05498067378871904,0.7778174593052021,0.19999999999999998,0.16580210159813874,0.13716387704102417,0.12908711433781125,0.13770777796730663,0.2950970449090622,264.1586603625399,False,4.525673860868368e-06,viable,
1.0999999999999999,0.4,1.7099759466766973,0.05498067378871904,1.8809735413443667,0.4836542350243915,0.4009544430694212,0.32668835812916086,0.30645446491772743,0.3161521593767096,0.13271537886178159,246.45281710293432,False,1.16185992212447e-05,viable,
1.0999999999999999,0.4,4.135185542000139,0.05498067378871904,4.548704096200153,1.169607095285147,0.9696165722118593,0.7806075081212306,0.7303789884051134,0.7525799102648895,0.12724261800243034,233.77841676226294,False,2.6748891404572537e-05,viable,
1.0999999999999999,0.4,10.0,0.05498067378871904,10.999999999999998,2.82842712474619,2.344795807500496,1.8641778820026709,1.739466044999793,1.7906690045200004,0.12304573482686365,221.54993146951085,False,6.139762837840356e-05,viable,
1.0999999999999999,0.6000000000000001,0.05,0.05234632301401826,0.05499999999999999,0.021213203435596427,0.011439659415168167,0.008723460999890012,0.008218356248122108,0.009279873380591861,0.625654871526739,274.1726397160562,False,2.808497442735367e-07,viable,
1.0999999999999999,0.6000000000000001,0.12091355875609787,0.05234632301401826,0.13300491463170763,0.051299278400300914,0.027664198616913684,0.02087431791724195,0.019625198845772858,0.02221862839823773,0.6429060126026415,261.8066209476382,False,6.496548492558942e-07,viable,
1.0999999999999999,0.6000000000000001,0.2924017738212866,0.05234632301401826,0.32164195120341527,0.12405556626000415,0.06689953409813108,0.04990343040408808,0.04680842541974124,0.052615188834172814,0.5964245755641183,249.26328277884122,False,1.5276256386047426e-06,viable,
1.0999999999999999,0.6000000000000001,0.7071067811865475,0.05234632301401826,0.7778174593052021,0.3,0.16178121493859887,0.1192137804594,0.11155281454759557,0.12432776927457172,0.5429449693378461,237.00485425541729,False,3.6098657937584166e-06,viable,
1.0999999999999999,0.6000000000000001,1.7099759466766973,0.05234632301401826,1.8809735413443667,0.7254813525365874,0.3912308487622235,0.28343104051491075,0.26432938330998074,0.2784546017315836,0.23150399982704137,221.49684645545165,False,9.17557980307723e-06,viable,
1.0999999999999999,0.6000000000000001,4.135185542000139,0.05234632301401826,4.548704096200153,1.7544106429277204,0.9461022843801833,0.6762916586009344,0.6289865702211835,0.6615959218203837,0.22406868339902505,210.3473125482509,False,2.1103150067188e-05,viable,
1.0999999999999999,0.6000000000000001,10.0,0.05234632301401826,10.999999999999998,4.242640687119286,2.2879318830336333,1.6126232297086434,1.4954484219601245,1.570819676079425,0.21736153495087118,199.5849878318836,False,4.8418782224331576e-05,viable,
1.0999999999999999,0.8,0.05,0.04525384015905461,0.05499999999999999,0.028284271247461905,0.010636474998684317,0.00714538044900363,0.006670578275961251,0.008166761862063622,1.2467028123659158,230.83470334947262,False,2.080736062543473e-07,viable,
1.0999999999999999,0.8,0.12091355875609787,0.04525384015905461,0.13300491463170763,0.06839903786706789,0.025721880894223642,0.017062126363036504,0.015888458670909437,0.019590210247884272,1.3111562804962427,220.68048218065428,False,4.808460372256072e-07,viable,
1.0999999999999999,0.8,0.2924017738212866,0.04525384015905461,0.32164195120341527,0.1654074216800055,0.06220248313642123,0.04070270746975723,0.0378076835872233,0.04633117040441449,1.2551363571427259,210.69707901374102,False,1.130017894769067e-06,viable,
1.0999999999999999,0.8,0.7071067811865475,0.04525384015905461,0.7778174593052021,0.39999999999999997,0.1504224719898171,0.09702486229161342,0.08988272223578396,0.10915917434946623,1.175384849812094,200.97042462707293,False,2.6459095911243606e-06,viable,
1.0999999999999999,0.8,1.7099759466766973,0.04525384015905461,1.8809735413443667,0.967308470048783,0.36376232810356474,0.2300812644610469,0.2124507562974704,0.23466833234548937,0.4886233346009809,189.13722053834192,False,6.582360395098995e-06,viable,
1.0999999999999999,0.8,4.135185542000139,0.04525384015905461,4.548704096200153,2.339214190570294,0.8796759526481067,0.5476339971195986,0.5041813897339532,0.5561501227307685,0.48054259157036716,180.30366727778355,False,1.514384686826406e-05,viable,
1.0999999999999999,0.8,10.0,0.04525384015905461,10.999999999999998,5.65685424949238,2.1272949997368635,1.3024024151802869,1.19537187543309,1.316708377655541,0.47213033131765136,171.8204993493373,False,3.481461141816525e-05,viable,
1.2999999999999998,0.0,0.05,0.10851878722533029,0.06499999999999999,0.0,0.016471094926061403,nan,nan,nan,nan,nan,nan,nan,numerical_failure,non-finite backend output
1.2999999999999998,0.0,0.12091355875609787,0.10851878722533029,0.15718762638292721,0.0,0.03983157408239182,nan,nan,nan,nan,nan,nan,nan,numerical_failure,non-finite backend output
1.2999999999999998,0.0,0.2924017738212866,0.10851878722533029,0.38012230596767255,0.0,0.09632354746318296,0.09138143140026692,nan,nan,nan,nan,nan,nan,numerical_failure,non-finite backend output
1.2999999999999998,0.0,0.7071067811865475,0.10851878722533029,0.9192388155425115,0.0,0.23293645831570706,0.21922680563665903,nan,nan,nan,nan,nan,nan,numerical_failure,non-finite backend output
1.2999999999999998,0.0,1.7099759466766973,0.10851878722533029,2.2229687306797064,0.0,0.5633035227798718,0.5270688272321816,nan,nan,nan,nan,nan,nan,numerical_failure,non-finite backend output
1.2999999999999998,0.0,4.135185542000139,0.10851878722533029,5.37574120460018,0.0,1.3622206719832193,1.266817375608062,1.218061765064332,1.227289003093103,0.03064743702997438,450.93679351960253,False,8.503357831898745e-05,viable,
1.2999999999999998,0.0,10.0,0.10851878722533029,12.999999999999998,0.0,3.2942189852122805,3.0442430698296836,2.922432585707242,2.9437378269236354,0.02948140704404349,428.09927243715146,False,0.00019620143848482895,viable,
1.2999999999999998,0.2,0.05,0.10847825875187335,0.06499999999999999,0.007071067811865476,0.01646801891180853,0.01545259389161443,nan,nan,nan,nan,nan,nan,numerical_failure,non-finite backend output
1.2999999999999998,0.2,0.12091355875609787,0.10847825875187335,0.15718762638292721,0.01709975946676697,0.03982413544578983,0.0371792309529084,nan,nan,nan,nan,nan,nan,numerical_failure,non-finite backend output
1.2999999999999998,0.2,0.2924017738212866,0.10847825875187335,0.38012230596767255,0.041351855420001374,0.09630555882270617,0.08942731434852545,nan,nan,nan,nan,nan,nan,numerical_failure,non-finite backend output
1.2999999999999998,0.2,0.7071067811865475,0.10847825875187335,0.9192388155425115,0.09999999999999999,0.2328929569049624,0.2145222010673168,nan,nan,nan,nan,nan,nan,numerical_failure,non-finite backend output
1.2999999999999998,0.2,1.7099759466766973,0.10847825875187335,2.2229687306797064,0.24182711751219574,0.5631983245721909,0.5157281417973819,nan,nan,nan,nan,nan,nan,numerical_failure,non-finite backend output
1.2999999999999998,0.2,4.135185542000139,0.10847825875187335,5.37574120460018,0.5848035476425735,1.36196627418991,1.2394839558216484,1.1913827170551097,1.2012519006836329,0.033549232278018926,446.148380376556,False,8.23113958443608e-05,viable,
1.2999999999999998,0.2,10.0,0.10847825875187335,12.999999999999998,1.414213562373095,3.293603782361706,2.9783414923523748,2.858167891995086,2.8809333994104027,0.03224295947641577,423.4827222032606,False,0.00018991656643385657,viable,
1.2999999999999998,0.4,0.05,0.10787033165001933,0.06499999999999999,0.014142135623730952,0.01642180955695956,0.014565144449694624,nan,nan,nan,nan,nan,nan,numerical_failure,non-finite backend output
1.2999999999999998,0.4,0.12091355875609787,0.10787033165001933,0.15718762638292721,0.03419951893353394,0.03971238869493759,0.03503895159110885,nan,nan,nan,nan,nan,nan,numerical_failure,non-finite backend output
1.2999999999999998,0.4,0.2924017738212866,0.10787033165001933,0.38012230596767255,0.08270371084000275,0.09603532487620665,0.08426571000617443,nan,nan,nan,nan,nan,nan,numerical_failure,non-finite backend output
1.2999999999999998,0.4,0.7071067811865475,0.10787033165001933,0.9192388155425115,0.19999999999999998,0.23223945794160314,0.20208915323758903,nan,nan,nan,nan,nan,nan,numerical_failure,non-finite backend output
1.2999999999999998,0.4,1.7099759466766973,0.10787033165001933,2.2229687306797064,0.4836542350243915,0.5616179868661272,0.48574594307084235,0.4671214936827479,0.4723929726460473,0.04590998651130282,454.0531347276868,False,3.228258668013409e-05,viable,
1.2999999999999998,0.4,4.135185542000139,0.10787033165001933,5.37574120460018,1.169607095285147,1.3581445890683777,1.1671813468444678,1.120657246308497,1.1324796910682267,0.042870722428156656,431.06675779725373,False,7.48928278390815e-05,viable,
1.2999999999999998,0.4,10.0,0.10787033165001933,12.999999999999998,2.82842712474619,3.284361911391912,2.8039537542998128,2.6877176201766964,2.714923739354282,0.04110848544177362,408.9793443490066,False,0.00017276168992334532,viable,
1.2999999999999998,0.6000000000000001,0.05,0.10523598087531855,0.06499999999999999,0.021213203435596427,0.016220047847904037,0.013347544623356765,nan,nan,nan,nan,nan,nan,numerical_failure,non-finite backend output
1.2999999999999998,0.6000000000000001,0.12091355875609787,0.10523598087531855,0.15718762638292721,0.051299278400300914,0.039224474169685275,0.03210048703891799,nan,nan,nan,nan,nan,nan,numerical_failure,non-finite backend output
1.2999999999999998,0.6000000000000001,0.2924017738212866,0.10523598087531855,0.38012230596767255,0.12405556626000415,0.09485541524386566,0.0771722182682198,nan,nan,nan,nan,nan,nan,numerical_failure,non-finite backend output
1.2999999999999998,0.6000000000000001,0.7071067811865475,0.10523598087531855,0.9192388155425115,0.3,0.22938611648846421,0.18498726836752966,0.17780511938859736,0.18078058625989005,0.06863677991808319,448.04462361047115,False,1.1965382499013016e-05,viable,
1.2999999999999998,0.6000000000000001,1.7099759466766973,0.10523598087531855,2.2229687306797064,0.7254813525365874,0.5547178334772207,0.4444729614278284,0.42655162977451244,0.4333408495835977,0.0652023089659165,425.8614684132169,False,2.7711783622128445e-05,viable,
1.2999999999999998,0.6000000000000001,4.135185542000139,0.10523598087531855,5.37574120460018,1.7544106429277204,1.3414581470240647,1.0675474254605406,1.022789203811583,1.0380089484112742,0.06086433547204951,404.06386232027097,False,6.423767059013475e-05,viable,
1.2999999999999998,0.6000000000000001,10.0,0.10523598087531855,12.999999999999998,4.242640687119286,3.2440095695808076,2.563429502479745,2.451602640311408,2.486485931463623,0.05814139306126445,383.0992059362188,False,0.00014811599320467143,viable,
1.2999999999999998,0.8,0.05,0.0981434980203549,0.06499999999999999,0.028284271247461905,0.01566393134085078,0.011929448766030092,0.011485441720624042,0.012281106939857806,0.30725178183837343,477.23753618255665,False,6.471561637348126e-07,viable,
1.2999999999999998,0.8,0.12091355875609787,0.0981434980203549,0.15718762638292721,0.06839903786706789,0.03787963365066887,0.028674240664878742,0.0275685179237842,0.029415622413672318,0.29615963349290797,455.3265186735586,False,1.515973999846353e-06,viable,
1.2999999999999998,0.8,0.2924017738212866,0.0981434980203549,0.38012230596767255,0.1654074216800055,0.09160322618159225,0.06889183581135054,0.06613463414629771,0.07016863395475698,0.26723239187909903,433.36679782025556,False,3.580679567567801e-06,viable,
1.2999999999999998,0.8,0.7071067811865475,0.0981434980203549,0.9192388155425115,0.39999999999999997,0.2215214414231215,0.16499495133709918,0.15803847418427502,0.16196851811927723,0.10324285351908499,403.635175044954,False,9.645327779900061e-06,viable,
1.2999999999999998,0.8,1.7099759466766973,0.0981434980203549,2.2229687306797064,0.967308470048783,0.535698916465002,0.39616455435161274,0.3788152196122258,0.3878658647606053,0.09904775312112192,383.49637890237886,False,2.2282085616712096e-05,viable,
1.2999999999999998,0.8,4.135185542000139,0.0981434980203549,5.37574120460018,2.339214190570294,1.2954652482313798,0.9508019938187238,0.9074982985223652,0.9278787777307655,0.09290317882453866,363.68684053134353,False,5.1550040734098616e-05,viable,
1.2999999999999998,0.8,10.0,0.0981434980203549,12.999999999999998,5.65685424949238,3.1327862681701557,2.2812295553839994,2.1731075680030014,2.2197792237343528,0.08871506367494793,344.59858997409754,False,0.00011874476151787429,viable,
1.5,0.0,0.05,0.1923519345710006,0.07500000000000001,0.0,0.021928972534697142,nan,nan,nan,nan,nan,nan,nan,numerical_failure,non-finite backend output
1.5,0.0,0.12091355875609787,0.1923519345710006,0.1813703381341468,0.0,0.05303020218069918,nan,nan,nan,nan,nan,nan,nan,numerical_failure,non-finite backend output
1.5,0.0,0.2924017738212866,0.1923519345710006,0.43860266073192994,0.0,0.1282414093444744,0.1152093383386904,nan,nan,nan,nan,nan,nan,numerical_failure,non-finite backend output
1.5,0.0,0.7071067811865475,0.1923519345710006,1.0606601717798212,0.0,0.310122503674758,0.2771930120463352,nan,nan,nan,nan,nan,nan,numerical_failure,non-finite backend output
1.5,0.0,1.7099759466766973,0.1923519345710006,2.564963920015046,0.0,0.7499603113933208,0.6678165057609582,nan,nan,nan,nan,nan,nan,numerical_failure,non-finite backend output
1.5,0.0,4.135185542000139,0.1923519345710006,6.202778313000208,0.0,1.8136074035279552,1.6086524301613006,nan,nan,nan,nan,nan,nan,numerical_failure,non-finite backend output
1.5,0.0,10.0,0.1923519345710006,15.0,0.0,4.385794506939428,3.874703283138163,nan,nan,nan,nan,nan,nan,numerical_failure,non-finite backend output
1.5,0.2,0.05,0.19231140609754369,0.07500000000000001,0.007071067811865476,0.021926662200249705,0.01952536378985454,nan,nan,nan,nan,nan,nan,numerical_failure,non-finite backend output
1.5,0.2,0.12091355875609787,0.19231140609754369,0.1813703381341468,0.01709975946676697,0.053024615165500055,0.047061540276304804,nan,nan,nan,nan,nan,nan,numerical_failure,non-finite backend output
1.5,0.2,0.2924017738212866,0.19231140609754369,0.43860266073192994,0.041351855420001374,0.12822789842666338,0.1134103058860285,nan,nan,nan,nan,nan,nan,numerical_failure,non-finite backend output
1.5,0.2,0.7071067811865475,0.19231140609754369,1.0606601717798212,0.09999999999999999,0.3100898306116662,0.2728557821737479,nan,nan,nan,nan,nan,nan,numerical_failure,non-finite backend output
1.5,0.2,1.7099759466766973,0.19231140609754369,2.564963920015046,0.24182711751219574,0.7498812990666429,0.6573550167861772,nan,nan,nan,nan,nan,nan,numerical_failure,non-finite backend output
1.5,0.2,4.135185542000139,0.19231140609754369,6.202778313000208,0.5848035476425735,1.8134163302958708,1.5834170712558389,nan,nan,nan,nan,nan,nan,numerical_failure,non-finite backend output
1.5,0.2,10.0,0.19231140609754369,15.0,1.414213562373095,4.385332440049941,3.813826198613431,nan,nan,nan,nan,nan,nan,numerical_failure,non-finite backend output
1.5,0.4,0.05,0.19170347899568965,0.07500000000000001,0.014142135623730952,0.021891977925469052,0.018690757050132928,nan,nan,nan,nan,nan,nan,numerical_failure,non-finite backend output
1.5,0.4,0.12091355875609787,0.19170347899568965,0.1813703381341468,0.03419951893353394,0.05294073918356799,0.045047874047861605,nan,nan,nan,nan,nan,nan,numerical_failure,non-finite backend output
1.5,0.4,0.2924017738212866,0.19170347899568965,0.43860266073192994,0.08270371084000275,0.12802506355727203,0.10855294502440575,nan,nan,nan,nan,nan,nan,numerical_failure,non-finite backend output
1.5,0.4,0.7071067811865475,0.19170347899568965,1.0606601717798212,0.19999999999999998,0.3095993208937074,0.26114401288419326,nan,nan,nan,nan,nan,nan,numerical_failure,non-finite backend output
1.5,0.4,1.7099759466766973,0.19170347899568965,2.564963920015046,0.4836542350243915,0.748695113554586,0.6291000703711375,nan,nan,nan,nan,nan,nan,numerical_failure,non-finite backend output
1.5,0.4,4.135185542000139,0.19170347899568965,6.202778313000208,1.169607095285147,1.8105478120637162,1.5152458193644243,nan,nan,nan,nan,nan,nan,numerical_failure,non-finite backend output
1.5,0.4,10.0,0.19170347899568965,15.0,2.82842712474619,4.37839558509381,3.6493369942012137,nan,nan,nan,nan,nan,nan,numerical_failure,non-finite backend output
1.5,0.6000000000000001,0.05,0.18906912822098887,0.07500000000000001,0.021213203435596427,0.021741040006229513,0.017518237942420325,nan,nan,nan,nan,nan,nan,numerical_failure,non-finite backend output
1.5,0.6000000000000001,0.12091355875609787,0.18906912822098887,0.1813703381341468,0.051299278400300914,0.05257573036423813,0.042217885758200485,nan,nan,nan,nan,nan,nan,numerical_failure,non-finite backend output
1.5,0.6000000000000001,0.2924017738212866,0.18906912822098887,0.43860266073192994,0.12405556626000415,0.1271423732508213,0.10172290776224752,nan,nan,nan,nan,nan,nan,numerical_failure,non-finite backend output
1.5,0.6000000000000001,0.7071067811865475,0.18906912822098887,1.0606601717798212,0.3,0.30746473636905813,0.24466941315022575,nan,nan,nan,nan,nan,nan,numerical_failure,non-finite backend output
1.5,0.6000000000000001,1.7099759466766973,0.18906912822098887,2.564963920015046,0.7254813525365874,0.7435331093277652,0.5893378360006821,nan,nan,nan,nan,nan,nan,numerical_failure,non-finite backend output
1.5,0.6000000000000001,4.135185542000139,0.18906912822098887,6.202778313000208,1.7544106429277204,1.7980646860361378,1.4192716961183967,nan,nan,nan,nan,nan,nan,numerical_failure,non-finite backend output
1.5,0.6000000000000001,10.0,0.18906912822098887,15.0,4.242640687119286,4.348208001245903,3.417656383285375,nan,nan,nan,nan,nan,nan,numerical_failure,non-finite backend output
1.5,0.8,0.05,0.18197664536602523,0.07500000000000001,0.028284271247461905,0.0213293603611328,nan,nan,nan,nan,nan,nan,nan,numerical_failure,non-finite backend output
1.5,0.8,0.12091355875609787,0.18197664536602523,0.1813703381341468,0.06839903786706789,0.05158017734511631,nan,nan,nan,nan,nan,nan,nan,numerical_failure,non-finite backend output
1.5,0.8,0.2924017738212866,0.18197664536602523,0.43860266073192994,0.1654074216800055,0.12473485608137339,nan,nan,nan,nan,nan,nan,nan,numerical_failure,non-finite backend output
1.5,0.8,0.7071067811865475,0.18197664536602523,1.0606601717798212,0.39999999999999997,0.30164270699457096,nan,nan,nan,nan,nan,nan,nan,numerical_failure,non-finite backend output
1.5,0.8,1.7099759466766973,0.18197664536602523,2.564963920015046,0.967308470048783,0.7294538635107296,nan,nan,nan,nan,nan,nan,nan,numerical_failure,non-finite backend output
1.5,0.8,4.135185542000139,0.18197664536602523,6.202778313000208,2.339214190570294,1.7640172517093442,nan,nan,nan,nan,nan,nan,nan,numerical_failure,non-finite backend output
1.5,0.8,10.0,0.18197664536602523,15.0,5.65685424949238,4.26587207222656,nan,nan,nan,nan,nan,nan,nan,numerical_failure,non-finite backend output
0.877,0.363,0.0929,0.02203675099947462,0.0814733,0.02384554984991958,0.013790801144000872,0.008240748851846745,0.00743751208613374,0.011482196514195438,4.6805340018658015,152.70017253453716,False,1.9357761557246951e-07,viable,
0.79,0.401,0.343,0.014144291673366545,0.27097000000000004,0.09725758800474132,0.04079291324580657,0.01541813409435081,0.01310772754615675,0.03628227450851467,57.704094923614626,76.8134991800764,False,3.1887585142161953e-07,viable,
0.75,0.0,0.5,0.012021995910687538,0.375,0.0,0.054822431336742854,0.02372937344815308,0.020168638886391723,0.050595518277825234,38.60425384103334,75.65946101608743,False,4.450195703033828e-07,viable,
0.75,0.0,1.0,0.012021995910687538,0.75,0.0,0.10964486267348571,0.04598922212769234,0.03886261387144456,0.09876008136308004,40.70592192557462,72.29457291889219,False,8.551064472553793e-07,viable,
0.75,0.0,10.0,0.012021995910687538,7.5,0.0,1.096448626734857,0.4086220773183015,0.33835954690780645,0.7457818496961548,22.601168172117852,62.0628815957076,False,7.035763382754248e-06,viable,
0.86,0.0,1.0,0.020783817837456482,0.86,0.0,0.14416593854810672,0.09444159426101507,0.08439327574981292,0.11795112611811072,2.815724305694868,129.06092711530448,False,1.851416881603121e-06,viable,
0.59,0.0,0.18186440677966104,0.004604045096780631,0.1073,0.0,0.012340066348925084,0.0005011584294770267,0.00035823223624887354,0.014707762370802771,2841368.807877322,29.076419169129508,False,4.729210046795554e-08,viable,
0.3,0.0,0.10658315582669209,0.000307763095313601,0.031974946748007625,0.0,0.001869807277427901,nan,nan,nan,nan,nan,nan,nan,numerical_failure,non-finite backend output
0.3,0.0,0.22719938211953852,0.000307763095313601,0.06815981463586156,0.0,0.003985799208319617,nan,nan,nan,nan,nan,nan,nan,numerical_failure,non-finite backend output
0.3,0.0,0.4843125429634986,0.000307763095313601,0.14529376288904958,0.0,0.008496381162284712,nan,nan,nan,nan,nan,nan,nan,numerical_failure,non-finite backend output
0.3,0.0,1.0323911847100018,0.000307763095313601,0.30971735541300055,0.0,0.018111422347655257,nan,nan,nan,nan,nan,nan,nan,numerical_failure,non-finite backend output
0.3,0.0,2.2007102102809877,0.000307763095313601,0.6602130630842963,0.0,0.03860745100646348,nan,nan,nan,nan,nan,nan,nan,numerical_failure,non-finite backend output
0.3,0.0,4.691172785435414,0.000307763095313601,1.4073518356306243,0.0,0.0822980793338655,nan,nan,nan,nan,nan,nan,nan,numerical_failure,non-finite backend output
0.3,0.2333333333333333,0.05,0.0002326790947193871,0.015,0.008249579113843053,0.0007626911149334754,nan,nan,nan,nan,nan,nan,nan,numerical_failure,non-finite backend output
0.3,0.2333333333333333,0.10658315582669209,0.0002326790947193871,0.031974946748007625,0.01758532352390717,0.0016258005190117625,nan,nan,nan,nan,nan,nan,nan,numerical_failure,non-finite backend output
0.3,0.2333333333333333,0.22719938211953852,0.0002326790947193871,0.06815981463586156,0.03748598554822784,0.003465659001218951,nan,nan,nan,nan,nan,nan,nan,numerical_failure,non-finite backend output
0.3,0.2333333333333333,0.4843125429634986,0.0002326790947193871,0.14529376288904958,0.0799074927800779,0.007387617467381949,nan,nan,nan,nan,nan,nan,nan,numerical_failure,non-finite backend output
0.3,0.2333333333333333,1.0323911847100018,0.0002326790947193871,0.30971735541300055,0.17033585509398633,0.015747911674279257,nan,nan,nan,nan,nan,nan,nan,numerical_failure,non-finite backend output
0.3,0.2333333333333333,2.2007102102809877,0.0002326790947193871,0.6602130630842963,0.3630986597271038,0.03356924247849379,nan,nan,nan,nan,nan,nan,nan,numerical_failure,non-finite backend output
0.3,0.2333333333333333,4.691172785435414,0.0002326790947193871,1.4073518356306243,0.7740040206031387,0.07155831604138627,nan,nan,nan,nan,nan,nan,nan,numerical_failure,non-finite backend output
0.3,0.2333333333333333,10.0,0.0002326790947193871,3.0,1.6499158227686106,0.1525382229866951,nan,nan,nan,nan,nan,nan,nan,numerical_failure,non-finite backend output
0.54,0.0,0.05,0.0032307738693640583,0.027000000000000003,0.0,0.00284199484049675,2.3017446640987948e-05,1.5047811427723287e-05,0.0040424871509733545,5208362841.796842,21.420244886527936,False,9.553967175551812e-09,viable,
0.54,0.0,0.10658315582669209,0.0032307738693640583,0.05755490414641373,0.0,0.0060581755788664,4.198134541334089e-05,2.7830487326792502e-05,0.008616613518781503,9188893356.54808,20.61076017589869,False,1.960259415921766e-08,viable,
0.54,0.0,0.22719938211953852,0.0032307738693640583,0.1226876663445508,0.0,0.01291398943495556,7.588841891008027e-05,4.836214350844656e-05,0.018361722981305305,20779330865.044773,19.52622755325706,False,3.9819598482495106e-08,viable,
0.54,0.0,0.4843125429634986,0.0032307738693640583,0.2615287732002893,0.0,0.02752827496580247,0.00013583492827148863,8.666582329527417e-05,0.038796425191858996,40158304955.41106,18.672482273913715,False,8.311128451642599e-08,viable,
0.54,0.0,1.0323911847100018,0.0032307738693640583,0.557491239743401,0.0,0.05868100840640304,0.00024048856899543504,0.00015178010191499276,0.0800814891216227,77494200262.9224,17.773293991155015,False,1.68478017504914e-07,viable,
0.54,0.0,2.2007102102809877,0.0032307738693640583,1.1883835135517333,0.0,0.12508814126094167,0.0004206027239315894,0.0002609477958432701,0.1650302752137467,159970522880.65186,16.863730094399898,False,4.106779667899928e-07,viable,
0.54,0.0,4.691172785435414,0.0032307738693640583,2.533233304135124,0.0,0.26664577704172426,0.0007255849024595322,0.0004432026739921846,0.3455744951559939,369621513534.77,15.978233510097084,False,8.249498237933656e-07,viable,
0.54,0.0,10.0,0.0032307738693640583,5.4,0.0,0.56839896809935,0.001232407456462615,0.0007395392533307999,0.7313091734542243,956222950158.763,15.101407242440246,False,1.6780797177659879e-06,viable,
0.54,0.2333333333333333,0.05,0.0031556898687698444,0.027000000000000003,0.008249579113843053,0.002808776365594921,8.569426712720572e-06,5.487385790130884e-06,0.004019004406849183,287747760579.65686,18.815777105075426,False,8.343541333745034e-09,viable,
0.54,0.2333333333333333,0.10658315582669209,0.0031556898687698444,0.05755490414641373,0.01758532352390717,0.005987364981130666,1.5183166482755525e-05,9.64155301283264e-06,0.008566967197586121,623333462823.7916,17.95939376067679,False,1.698243002469134e-08,viable,
0.54,0.2333333333333333,0.22719938211953852,0.0031556898687698444,0.1226876663445508,0.03748598554822784,0.01276304509550258,2.6592559627563554e-05,1.673004142003282e-05,0.018261174228710812,1419471690567.9736,17.111719519192548,False,3.4700515394408354e-08,viable,
0.54,0.2333333333333333,0.4843125429634986,0.0031556898687698444,0.2615287732002893,0.0799074927800779,0.02720651248474099,4.597887344942493e-05,2.833111147984889e-05,0.03892418209427169,3563063238169.3228,16.23439148994521,False,7.250718135894395e-08,viable,
0.54,0.2333333333333333,1.0323911847100018,0.0031556898687698444,0.557491239743401,0.17033585509398633,0.057995119193239866,7.835352020289836e-05,4.7300542754820536e-05,0.0829550643512841,9460348206391.793,15.376361919877013,False,1.5121752799538823e-07,viable,
0.54,0.2333333333333333,2.2007102102809877,0.0031556898687698444,1.1883835135517333,0.3630986597271038,0.12362605652321332,0.0001313467839688949,7.745243230512058e-05,0.17584930781199562,26571887760874.4,14.525895581371628,False,3.7720154641218737e-07,viable,
0.54,0.2333333333333333,4.691172785435414,0.0031556898687698444,2.533233304135124,0.7740040206031387,0.2635291049330617,0.00021607950627396518,0.00012646743243987168,0.3663174197483947,70390731709691.19,13.737530110532248,False,7.52864549299003e-07,viable,
0.54,0.2333333333333333,10.0,0.0031556898687698444,5.4,1.6499158227686106,0.5617552731189841,0.00034782856787475374,0.0001984087278502476,0.7573507750977219,212297659758080.62,12.909348964058152,False,1.4866445806606783e-06,viable,
0.54,0.4666666666666666,0.05,0.002029429859856637,0.027000000000000003,0.016499158227686106,0.002252459688793918,3.683280580360295e-08,1.9281847711388877e-08,0.0035991629743701292,1.213979787803876e+21,9.966577662524399,True,nan,physical_failure,eternal inflation (transition never completes)
0.54,0.4666666666666666,0.10658315582669209,0.002029429859856637,0.05755490414641373,0.03517064704781434,0.00480148524008129,4.923320546210476e-08,2.4703835136401614e-08,0.007672202733418427,9.302994404298578e+21,9.271950577542043,True,nan,physical_failure,eternal inflation (transition never completes)
0.54,0.4666666666666666,0.22719938211953852,0.002029429859856637,0.1226876663445508,0.07497197109645568,0.010235148990862922,6.197508461999725e-08,2.9421038625468036e-08,0.01635455116388314,9.54822223048113e+22,8.564452972350978,True,nan,physical_failure,eternal inflation (transition never completes)
0.54,0.4666666666666666,0.4843125429634986,0.002029429859856637,0.2615287732002893,0.1598149855601558,0.021817889596051063,7.208840881280084e-08,3.17038800137835e-08,0.03486239306455568,1.462106870046868e+24,7.835315263740484,True,nan,physical_failure,eternal inflation (transition never completes)
0.54,0.4666666666666666,1.0323911847100018,0.002029429859856637,0.557491239743401,0.34067171018797265,0.0465083905325095,7.510805845793043e-08,2.9458797144355753e-08,0.07431487837005576,4.049888307724686e+25,7.068629948527416,True,nan,physical_failure,eternal inflation (transition never completes)
0.54,0.4666666666666666,2.2007102102809877,0.002029429859856637,1.1883835135517333,0.7261973194542076,0.09914022070750222,6.615613714654928e-08,2.1276447313776372e-08,0.15841429238045565,3.0731304633779886e+27,6.229508825775554,True,nan,physical_failure,eternal inflation (transition never completes)
0.54,0.4666666666666666,4.691172785435414,0.002029429859856637,2.533233304135124,1.5480080412062773,0.211333551847207,4.306569745788142e-08,8.503067783301821e-09,0.3376859279901073,2.4874209515351423e+30,5.201583779708585,True,nan,physical_failure,eternal inflation (transition never completes)
0.54,0.4666666666666666,10.0,0.002029429859856637,5.4,3.299831645537221,0.45049193775878354,1.1794343763144816e-08,nan,nan,nan,nan,nan,nan,numerical_failure,non-finite backend output
0.78,0.0,0.05,0.014064034824402815,0.03900000000000001,0.0,0.005929594173382107,0.003248604945749835,0.00288048266676251,0.0053779994224770105,11.151277531873141,111.98378254475472,False,6.645641146227766e-08,viable,
0.78,0.0,0.10658315582669209,0.014064034824402815,0.08313486154481983,0.0,0.012639897195412612,0.006769901092509292,0.005978230038723844,0.011438642037530894,12.403165729843957,106.21134861770543,False,1.3413261442875948e-07,viable,
0.78,0.0,0.22719938211953852,0.014064034824402815,0.17721551805324007,0.0,0.02694400264824061,0.014094694198166814,0.012387418354142253,0.02432351350454035,13.865585315718212,100.59439200155396,False,2.7414037507095937e-07,viable,
0.78,0.0,0.4843125429634986,0.014064034824402815,0.37776378351152895,0.0,0.05743553665704466,0.029307967382629578,0.025622342603851118,0.05111752830595339,14.84178258592448,95.17983427254251,False,5.658972868255161e-07,viable,
0.78,0.0,1.0323911847100018,0.014064034824402815,0.8052651240738015,0.0,0.12243321507014955,0.06085639749629033,0.05290297158854476,0.10573216811677663,14.955421522825821,90.01702386952104,False,1.1445821116494407e-06,viable,
0.78,0.0,2.2007102102809877,0.014064034824402815,1.7165539640191705,0.0,0.26098636880369314,0.12615802016624872,0.10901936235647458,0.21846037628248544,15.124125108570087,85.11459893784945,False,2.7545483869961883e-06,viable,
0.78,0.0,4.691172785435414,0.014064034824402815,3.659114772639623,0.0,0.5563350162969308,0.26050553889072303,0.22374853648923174,0.37587946427808533,6.964409532560905,80.22820383979479,False,4.514381546584318e-06,viable,
0.78,0.0,10.0,0.014064034824402815,7.800000000000001,0.0,1.1859188346764213,0.5382157941771708,0.4592016927274367,0.7844093225620246,7.514459124980025,75.88345975361221,False,9.057748940267035e-06,viable,
0.78,0.2333333333333333,0.05,0.013988950823808601,0.03900000000000001,0.008249579113843053,0.005913744757725135,0.002878105300889107,0.002522047162176205,0.005325014052931108,18.873310524244403,98.34465832834383,False,5.77870520520953e-08,viable,
0.78,0.2333333333333333,0.10658315582669209,0.013988950823808601,0.08313486154481983,0.01758532352390717,0.012606111580638029,0.005980916417106369,0.005212611398529539,0.011333557872063926,21.348257609241706,93.43061283455256,False,1.1690699946539905e-07,viable,
0.78,0.2333333333333333,0.22719938211953852,0.013988950823808601,0.17721551805324007,0.03748598554822784,0.02687198309935621,0.012410726881070519,0.01075647509753069,0.024118077007357356,24.27497912224687,88.78080374134356,False,2.39828262365758e-07,viable,
0.78,0.2333333333333333,0.4843125429634986,0.013988950823808601,0.37776378351152895,0.0799074927800779,0.05728201524101838,0.02571110439887852,0.022154671231556806,0.05091881384703271,26.903062661519133,84.35536846209857,False,4.994942992615772e-07,viable,
0.78,0.2333333333333333,1.0323911847100018,0.013988950823808601,0.8052651240738015,0.17033585509398633,0.12210595913000827,0.05317182405733353,0.04554271367881179,0.10548693572621073,27.781875381728565,80.1514037994906,False,1.0166117982544916e-06,viable,
0.78,0.2333333333333333,2.2007102102809877,0.013988950823808601,1.7165539640191705,0.3630986597271038,0.26028876938642737,0.10976510351660601,0.09342932943923024,0.21857003935950106,28.952259832654903,76.15668603519055,False,2.4659006420286246e-06,viable,
0.78,0.2333333333333333,4.691172785435414,0.013988950823808601,3.659114772639623,0.7740040206031387,0.5548479693490299,0.2257769136865542,0.19100221205113893,0.3707976277461743,13.203461555760866,72.24185498846225,False,4.008704221019991e-06,viable,
0.78,0.2333333333333333,10.0,0.013988950823808601,7.800000000000001,1.6499158227686106,1.182748951545027,0.4642998846984313,0.39016622237115073,0.7757442501021752,14.626999053854398,68.65315372611747,False,8.102230275968698e-06,viable,
0.78,0.4666666666666666,0.05,0.012862690814895394,0.03900000000000001,0.016499158227686106,0.005670690172918856,0.001879134657684884,0.0015874518916277381,0.005161525412355654,110.76607221049952,73.91484496339729,False,4.2098108751215845e-08,viable,
0.78,0.4666666666666666,0.10658315582669209,0.012862690814895394,0.08313486154481983,0.03517064704781434,0.012088001086902039,0.003861281346516866,0.0032432125709057594,0.010993751603746976,131.03285727628452,70.86204801035477,False,8.600662487730182e-08,viable,
0.78,0.4666666666666666,0.22719938211953852,0.012862690814895394,0.17721551805324007,0.07497197109645568,0.025767546069570064,0.007920674410699536,0.006616048949205084,0.023423685228076998,156.11804055225883,67.93542047788037,False,1.7804683544539689e-07,viable,
0.78,0.4666666666666666,0.4843125429634986,0.012862690814895394,0.37776378351152895,0.1598149855601558,0.05492772756008906,0.016218388842283007,0.013469631409435537,0.049871998043279825,186.9335100302401,65.10083356880614,False,3.771746453766269e-07,viable,
0.78,0.4666666666666666,1.0323911847100018,0.012862690814895394,0.8052651240738015,0.34067171018797265,0.11708741091486126,0.03314482754858534,0.027362347117760654,0.10463974669946668,212.88155188258457,62.348193774866445,False,7.840657083303109e-07,viable,
0.78,0.4666666666666666,2.2007102102809877,0.012862690814895394,1.7165539640191705,0.7261973194542076,0.24959091525765173,0.06759973651450231,0.055457930099837426,0.21677814006577129,232.45722499613245,59.677608197219456,False,1.9162445372904722e-06,viable,
0.78,0.4666666666666666,4.691172785435414,0.012862690814895394,3.659114772639623,1.5480080412062773,0.5320437482766597,0.1375724146693254,0.11213402986478582,0.44751544442876423,252.67775870083165,57.0867273445117,False,3.83946938392717e-06,viable,
0.78,0.4666666666666666,10.0,0.012862690814895394,7.800000000000001,3.299831645537221,1.1341380345837713,0.2792588961023505,0.22610457450741694,0.7590579889835177,126.0171681948806,54.56206603679448,False,6.2978437215945745e-06,viable,
0.78,0.7,0.05,0.007982230776271493,0.03900000000000001,0.02474873734152916,0.0044671665449900946,0.000598467619818198,0.00047393702762897817,0.0046106534615238184,8956.09880572236,48.5794589226316,False,2.4714238835668474e-08,viable,
0.78,0.7,0.10658315582669209,0.007982230776271493,0.08313486154481983,0.05275597057172152,0.009522494159369298,0.0012019289891155584,0.0009463279611618861,0.009759218157983906,11309.80241397308,46.706879935655365,False,5.0317815010385244e-08,viable,
0.78,0.7,0.22719938211953852,0.007982230776271493,0.17721551805324007,0.11245795664468351,0.020298749576936462,0.0024075908614053657,0.00188151993122842,0.02076686784015742,14839.50581307968,44.83528255828161,False,1.0375230991940827e-07,viable,
0.78,0.7,0.4843125429634986,0.007982230776271493,0.37776378351152895,0.2397224783402337,0.04327009578491237,0.004809224194823832,0.003731099058727049,0.04425488404856777,19791.365887478052,43.01590995393667,False,2.198083735303478e-07,viable,
0.78,0.7,1.0323911847100018,0.007982230776271493,0.8052651240738015,0.511007565281959,0.09223726723358418,0.009577909164116006,0.007375545962747973,0.09431485024488602,26737.90528474987,41.2385950605767,False,4.645824819278168e-07,viable,
0.78,0.7,2.2007102102809877,0.007982230776271493,1.7165539640191705,1.0892959791813115,0.19661878053170687,0.01901409719629668,0.014525897881454069,0.2007748493642078,36496.68244087643,39.49546520081526,False,1.1732525119649116e-06,viable,
0.78,0.7,4.691172785435414,0.007982230776271493,3.659114772639623,2.322012061809416,0.41912500247730156,0.03761713597692725,0.02849859130522432,0.420805427639754,47535.99867188196,37.78915937078864,False,2.386295752334109e-06,viable,
0.78,0.7,10.0,0.007982230776271493,7.800000000000001,4.949747468305833,0.8934333089980189,0.07414552946364944,0.05568351191898517,0.8732420055498148,60481.81572712837,36.12003867741009,False,4.811492473537929e-06,viable,
1.02,0.0,0.05,0.04112749037389963,0.051000000000000004,0.0,0.010139956900043958,0.00933325337162676,0.008756730749467935,0.009493268812800588,0.3813226374363697,251.69894092560696,False,2.6376250528824506e-07,viable,
1.02,0.0,0.10658315582669209,0.04112749037389963,0.10871481894322593,0.0,0.021614972127066534,0.019700354980123548,0.01844905851855031,0.020039994521076816,0.39217413316150657,241.97184170047592,False,5.397265443276668e-07,viable,
1.02,0.0,0.22719938211953852,0.04112749037389963,0.2317433697619293,0.0,0.04607583884817477,0.04154849085182559,0.03882849624810557,0.04202632882612822,0.37240891648676666,232.0335523473176,False,1.1228635863144116e-06,viable,
1.02,0.0,0.4843125429634986,0.04112749037389963,0.4939987938227686,0.0,0.09821816623601128,0.0875846351963807,0.08167391725495504,0.08806332536915971,0.3515956345522851,222.33333403984545,False,2.329186903952659e-06,viable,
1.02,0.0,1.0323911847100018,0.04112749037389963,1.0530390084042018,0.0,0.20936804233889478,0.18354204110856492,0.17060501967640535,0.17644662015369172,0.14415840333244287,208.7580324640896,False,5.439553653586266e-06,viable,
1.02,0.0,2.2007102102809877,0.04112749037389963,2.2447244144866074,0.0,0.44630213363471777,0.3865427218612338,0.35843946778496916,0.37062105009747603,0.14302843305712876,199.85580338753547,False,1.1084599346893847e-05,viable,
1.02,0.0,4.691172785435414,0.04112749037389963,4.784996241144123,0.0,0.9513657970994852,0.813546921658038,0.752479094974898,0.7774488503915924,0.139487450586198,191.11271861201828,False,2.260516002541417e-05,viable,
1.02,0.0,10.0,0.04112749037389963,10.2,0.0,2.0279913800087916,1.7113506832396244,1.578663214627477,1.6301056374189926,0.13685490544667628,182.64101924995657,False,4.6010333105283816e-05,viable,
1.02,0.2333333333333333,0.05,0.041052406373305414,0.051000000000000004,0.008249579113843053,0.01013069671509633,0.008833528070370139,0.008273194639247382,0.009121698072076655,0.47778006785424754,243.6642983821002,False,2.4534065198152937e-07,viable,
1.02,0.2333333333333333,0.10658315582669209,0.041052406373305414,0.10871481894322593,0.01758532352390717,0.021595232532361393,0.018639528304668303,0.01742426693463719,0.019263177467857946,0.4938040755507467,234.3059826418141,False,5.018070182362763e-07,viable,
1.02,0.2333333333333333,0.22719938211953852,0.041052406373305414,0.2317433697619293,0.03748598554822784,0.046033760682206486,0.03929847215632645,0.03665919072957757,0.04037572651758288,0.47146489813272613,224.7750877275649,False,1.0429517618079365e-06,viable,
1.02,0.2333333333333333,0.4843125429634986,0.041052406373305414,0.4939987938227686,0.0799074927800779,0.0981284697616053,0.08281332897967754,0.07707939636081984,0.08452668601045592,0.4461793276343167,215.44019058572414,False,2.1611788965008017e-06,viable,
1.02,0.2333333333333333,1.0323911847100018,0.041052406373305414,1.0530390084042018,0.17033585509398633,0.20917683967272044,0.17347199009934205,0.16094615161291026,0.16782572504099713,0.18225658464257333,202.52672407079328,False,5.016538274797794e-06,viable,
1.02,0.2333333333333333,2.2007102102809877,0.041052406373305414,2.2447244144866074,0.3630986597271038,0.445894553963451,0.365197768128028,0.3380079846544142,0.35242222011689406,0.18180355642036647,193.9809057536763,False,1.0218233690038487e-05,viable,
1.02,0.2333333333333333,4.691172785435414,0.041052406373305414,4.784996241144123,0.7740040206031387,0.9504969745471968,0.7683055091642155,0.7092595471120656,0.7388318054573121,0.17750177273154708,185.5762186416143,False,2.0837815971761744e-05,viable,
1.02,0.2333333333333333,10.0,0.041052406373305414,10.2,1.6499158227686106,2.0261393430192656,1.6154782641883643,1.487282909235343,1.5482475725722222,0.17432222839090467,177.44002886000487,False,4.2417409673369275e-05,viable,
1.02,0.4666666666666666,0.05,0.03992614636439221,0.051000000000000004,0.016499158227686106,0.009990764030392297,0.007600806355087133,0.007078266761021725,0.008274497409012493,0.8674921854356112,220.5410776603145,False,2.0141934143997295e-07,viable,
1.02,0.4666666666666666,0.10658315582669209,0.03992614636439221,0.10871481894322593,0.03517064704781434,0.02129694318958025,0.01602024867993031,0.01488786675927775,0.017500171594028977,0.9091468482698354,212.24390751432054,False,4.120974568933951e-07,viable,
1.02,0.4666666666666666,0.22719938211953852,0.03992614636439221,0.2317433697619293,0.07497197109645568,0.0453979082921448,0.03373866233860441,0.031284243105642706,0.036672397413996485,0.8882287296103015,203.92770690216366,False,8.56029941760893e-07,viable,
1.02,0.4666666666666666,0.4843125429634986,0.03992614636439221,0.4939987938227686,0.1598149855601558,0.09677304667415092,0.0710103750797649,0.0656896047650836,0.07652160191555629,0.8414062664142402,195.76442369921665,False,1.7699613762703103e-06,viable,
1.02,0.4666666666666666,1.0323911847100018,0.03992614636439221,1.0530390084042018,0.34067171018797265,0.2062875342698955,0.14927399877463846,0.13775487937655703,0.15782032145051011,0.7227558416297309,187.52115015898596,False,4.365086406435273e-06,viable,
1.02,0.4666666666666666,2.2007102102809877,0.03992614636439221,2.2447244144866074,0.7261973194542076,0.43973552820384715,0.31238329637413104,0.2873673014210773,0.3094141435892176,0.3440370740298773,177.52684997250867,False,8.187440298281876e-06,viable,
1.02,0.4666666666666666,4.691172785435414,0.03992614636439221,4.784996241144123,1.5480080412062773,0.9373680065016675,0.6562997351271485,0.6021407042265856,0.6477193613786436,0.33892290594628777,170.24178163812564,False,1.671211380887471e-05,viable,
1.02,0.4666666666666666,10.0,0.03992614636439221,10.2,3.299831645537221,1.9981528060784592,1.378031756463502,1.2607987880441813,1.3551563225252443,0.3346716999541529,163.2080292076381,False,3.405776953999006e-05,viable,
1.02,0.7,0.05,0.035045686325768315,0.051000000000000004,0.02474873734152916,0.009360246568035522,0.005925182840353496,0.005457907043594035,0.0072739869219687805,2.1548994672798476,187.39697920447895,False,1.504414484848991e-07,viable,
1.02,0.7,0.10658315582669209,0.035045686325768315,0.10871481894322593,0.05275597057172152,0.0199528923707438,0.012458689676183346,0.011448378014961461,0.015424248368424778,2.294884500290225,181.08130107080456,False,3.091324268857044e-07,viable,
1.02,0.7,0.22719938211953852,0.035045686325768315,0.2317433697619293,0.11245795664468351,0.042532844734884036,0.02617833401051278,0.02400212269472099,0.03246956599457796,2.348939707437632,175.0374571107045,False,6.464022967716689e-07,viable,
1.02,0.7,0.4843125429634986,0.035045686325768315,0.4939987938227686,0.2397224783402337,0.09066569636261289,0.05496349849250305,0.05027341797955104,0.06740993441096593,2.2325255515550384,169.1237917244024,False,1.340243517193805e-06,viable,
1.02,0.7,1.0323911847100018,0.035045686325768315,1.0530390084042018,0.511007565281959,0.19326872087103844,0.11532437440908008,0.10523389643253007,0.1399380152371527,2.1269449503045066,163.4899021496352,False,2.8507257660005673e-06,viable,
1.02,0.7,2.2007102102809877,0.035045686325768315,2.2447244144866074,1.0892959791813115,0.41198380386046696,0.24078641052905533,0.21915493652027584,0.25779496391988804,0.9146645018706988,156.9650306689283,False,6.011076442917006e-06,viable,
1.02,0.7,4.691172785435414,0.035045686325768315,4.784996241144123,2.322012061809416,0.8782106792986696,0.5046341951813812,0.45816031989401235,0.538994664500391,0.9154374360740785,152.09616278812632,False,1.2373302583810631e-05,viable,
1.02,0.7,10.0,0.035045686325768315,10.2,4.949747468305833,1.8720493136071046,1.0569178292617545,0.9571609448639293,1.1254019433605742,0.9111323507853261,147.61303724625918,False,2.5482846419691705e-05,viable,
1.26,0.0,0.05,0.09576651926349511,0.063,0.0,0.015473083020482304,0.01493570143044317,nan,nan,nan,nan,nan,nan,numerical_failure,non-finite backend output
1.26,0.0,0.10658315582669209,0.09576651926349511,0.13429477634163203,0.0,0.03298340037382818,0.03168745467013483,nan,nan,nan,nan,nan,nan,numerical_failure,non-finite backend output
1.26,0.0,0.22719938211953852,0.09576651926349511,0.28627122147061856,0.0,0.07030949803475804,0.06720942670296547,0.06476657934953159,0.06638311554071998,0.10363809581248433,490.30108772639386,False,3.823920833591864e-06,viable,
1.26,0.0,0.4843125429634986,0.09576651926349511,0.6102338041340083,0.0,0.14987616370270232,0.1424753245069818,0.1371245437473686,0.13997134361751806,0.0856647667102034,468.8987995382092,False,8.178186276473352e-06,viable,
1.26,0.0,1.0323911847100018,0.09576651926349511,1.3008128927346023,0.0,0.3194854902126388,0.30136529061481326,0.2895120132652759,0.2922780726131231,0.03876804547588333,440.9765732191744,False,1.9190936097192445e-05,viable,
1.26,0.0,2.2007102102809877,0.09576651926349511,2.7728948649540444,0.0,0.6810354357540158,0.6387840303587556,0.6128300183392218,0.6183641257342658,0.03661388930634168,422.09676628635856,False,3.951173774751317e-05,viable,
1.26,0.0,4.691172785435414,0.09576651926349511,5.910877709648622,0.0,1.4517381194493877,1.3536802496486071,1.2968241677836803,1.3079053857279426,0.03462014575596995,403.6427779473968,False,8.122773030052627e-05,viable,
1.26,0.0,10.0,0.09576651926349511,12.6,0.0,3.0946166040964607,2.8682444938847373,2.7436676664053423,2.7664164086274745,0.03358021342979943,385.88139907409413,False,0.0001661206550962987,viable,
1.26,0.2333333333333333,0.05,0.0956914352629009,0.063,0.008249579113843053,0.015467016136192925,0.014476571740566031,nan,nan,nan,nan,nan,nan,numerical_failure,non-finite backend output
1.26,0.2333333333333333,0.10658315582669209,0.0956914352629009,0.13429477634163203,0.01758532352390717,0.03297046782035623,0.03071147120897315,0.029615761549044765,0.03053097044507087,0.12945990003019406,502.8887022794919,False,1.74087864283604e-06,viable,
1.26,0.2333333333333333,0.22719938211953852,0.0956914352629009,0.28627122147061856,0.03748598554822784,0.07028193018751928,0.06513435571544145,0.06273675234054125,0.0645127109818082,0.11813189843642091,482.4787807449695,False,3.6527804412608833e-06,viable,
1.26,0.2333333333333333,0.4843125429634986,0.0956914352629009,0.6102338041340083,0.0799074927800779,0.14981739833954125,0.13806851796023192,0.1328204094755993,0.1359954251162074,0.0991018442981295,461.5143497132408,False,7.796949599661799e-06,viable,
1.26,0.2333333333333333,1.0323911847100018,0.0956914352629009,1.3008128927346023,0.17033585509398633,0.3193602222554585,0.29200443010486715,0.2803728367645688,0.2834188060184312,0.044169283522103836,433.84685382282845,False,1.82983023089123e-05,viable,
1.26,0.2333333333333333,2.2007102102809877,0.0956914352629009,2.7728948649540444,0.3630986597271038,0.6807684066700112,0.6188891329881047,0.5934217584542361,0.5995252913873675,0.04178037203670625,415.2269640461128,False,3.7656038798574644e-05,viable,
1.26,0.2333333333333333,4.691172785435414,0.0956914352629009,5.910877709648622,0.7740040206031387,1.451168903399973,1.3113942279302517,1.2556026116308387,1.2678261501007595,0.039513130912293845,397.0087283300643,False,7.73906541298944e-05,viable,
1.26,0.2333333333333333,10.0,0.0956914352629009,12.6,1.6499158227686106,3.0934032272385847,2.7783460200945242,2.6560980490930497,2.6811427230022726,0.03825330137240375,379.45732798679893,False,0.00015828123232428234,viable,
1.26,0.4666666666666666,0.05,0.0945651752539877,0.063,0.016499158227686106,0.015375725613283077,0.013313654551573547,0.01283202398157613,0.013401703957469691,0.1897601824580043,496.20183423677133,False,7.34768194768273e-07,viable,
1.26,0.4666666666666666,0.10658315582669209,0.0945651752539877,0.13429477634163203,0.03517064704781434,0.03277586717978022,0.028238217749336963,0.027188381681694122,0.028352649663535703,0.18260898433742692,477.11576576412546,False,1.528520504246108e-06,viable,
1.26,0.4666666666666666,0.22719938211953852,0.0945651752539877,0.28627122147061856,0.07497197109645568,0.06986710717954954,0.05987312173162643,0.05757551746975561,0.059833871888712344,0.1663718488557671,457.5463421276851,False,3.2037354688869094e-06,viable,
1.26,0.4666666666666666,0.4843125429634986,0.0945651752539877,0.6102338041340083,0.1598149855601558,0.1489331354335625,0.1268956571743057,0.12186964474149184,0.12608059524391751,0.14554148508463924,437.9215244030945,False,6.7788187090074626e-06,viable,
1.26,0.4666666666666666,1.0323911847100018,0.0945651752539877,1.3008128927346023,0.34067171018797265,0.3174752716334647,0.2682404956105701,0.2570992547870731,0.26101038466713683,0.062252777958983395,411.1925690511385,False,1.5946989263381237e-05,viable,
1.26,0.4666666666666666,2.2007102102809877,0.0945651752539877,2.7728948649540444,0.7261973194542076,0.6767503269526193,0.5683510160612323,0.5439565618173213,0.5518120795114712,0.05902919460092638,393.39602710083454,False,3.2779019560418815e-05,viable,
1.26,0.4666666666666666,4.691172785435414,0.0945651752539877,5.910877709648622,1.5480080412062773,1.4426037110671162,1.203910827211313,1.1504765709542029,1.1662281684059914,0.055900492090010905,375.9837479019979,False,6.730610413238813e-05,viable,
1.26,0.4666666666666666,10.0,0.0945651752539877,12.6,3.299831645537221,3.075145122656615,2.549701441167452,2.4326256014844843,2.4647691708983697,0.05391095958985162,359.1632973907081,False,0.00013764038172291154,viable,
1.26,0.7,0.05,0.08968471521536378,0.063,0.02474873734152916,0.014973703217254223,0.011775031036297923,0.011313920894072991,0.01207670897526545,0.2982007380429747,447.8821636496803,False,5.972076015434443e-07,viable,
1.26,0.7,0.10658315582669209,0.08968471521536378,0.13429477634163203,0.05275597057172152,0.031918890866144946,0.024962930763175198,0.0239554241545507,0.025547164950024997,0.29346710665169046,430.2979150064345,False,1.2347202027955188e-06,viable,
1.26,0.7,0.22719938211953852,0.08968471521536378,0.28627122147061856,0.11245795664468351,0.0680403223800301,0.05289775706968623,0.05069397460268854,0.053786393972000406,0.2672559613387221,412.42459630308304,False,2.586400079971429e-06,viable,
1.26,0.7,0.4843125429634986,0.08968471521536378,0.6102338041340083,0.2397224783402337,0.14503904565458225,0.1120622738963031,0.10724211454271396,0.11323473964945356,0.24296033347731286,394.90961674094643,False,5.411765574823421e-06,viable,
1.26,0.7,1.0323911847100018,0.08968471521536378,1.3008128927346023,0.511007565281959,0.30917438407914105,0.23665726733039358,0.2259899478578972,0.23144050875791547,0.10002109452514273,370.5257403706099,False,1.2714909744170093e-05,viable,
1.26,0.7,2.2007102102809877,0.08968471521536378,2.7728948649540444,1.0892959791813115,0.6590556311185728,0.5011008180334617,0.4777583593835009,0.4887656650101669,0.09539203974444521,354.33783024096493,False,2.6090848401398077e-05,viable,
1.26,0.7,4.691172785435414,0.08968471521536378,5.910877709648622,2.322012061809416,1.4048845805993944,1.0607197632712415,1.009614617708403,1.031752099349493,0.09063373105459516,338.5003911800908,False,5.348223745009121e-05,viable,
1.26,0.7,10.0,0.08968471521536378,12.6,4.949747468305833,2.9947406434508443,2.244783270760878,2.1328733672706246,2.1780716592318203,0.08749775978595331,323.1924245915679,False,0.0001092426291386531,viable,
1.5,0.0,0.10658315582669209,0.1923519345710006,0.15987473374003813,0.0,0.04674518193569753,nan,nan,nan,nan,nan,nan,nan,numerical_failure,non-finite backend output
1.5,0.0,0.22719938211953852,0.1923519345710006,0.3407990731793078,0.0,0.09964498020799042,nan,nan,nan,nan,nan,nan,nan,numerical_failure,non-finite backend output
1.5,0.0,0.4843125429634986,0.1923519345710006,0.7264688144452479,0.0,0.21240952905711782,0.1901477344311264,nan,nan,nan,nan,nan,nan,numerical_failure,non-finite backend output
1.5,0.0,1.0323911847100018,0.1923519345710006,1.5485867770650028,0.0,0.4527855586913815,0.40406745186374027,nan,nan,nan,nan,nan,nan,numerical_failure,non-finite backend output
1.5,0.0,2.2007102102809877,0.1923519345710006,3.3010653154214813,0.0,0.965186275161587,0.8585231689121128,nan,nan,nan,nan,nan,nan,numerical_failure,non-finite backend output
1.5,0.0,4.691172785435414,0.1923519345710006,7.036759178153122,0.0,2.057451983346638,1.8239084929203206,nan,nan,nan,nan,nan,nan,numerical_failure,non-finite backend output
1.5,0.2333333333333333,0.05,0.19227685057040642,0.07500000000000001,0.008249579113843053,0.02192469216262833,0.019418057281287635,nan,nan,nan,nan,nan,nan,numerical_failure,non-finite backend output
1.5,0.2333333333333333,0.10658315582669209,0.19227685057040642,0.15987473374003813,0.01758532352390717,0.0467360576244334,0.041275893944952,nan,nan,nan,nan,nan,nan,numerical_failure,non-finite backend output
1.5,0.2333333333333333,0.22719938211953852,0.19227685057040642,0.3407990731793078,0.03748598554822784,0.0996255302502049,0.08772777874779959,nan,nan,nan,nan,nan,nan,numerical_failure,non-finite backend output
1.5,0.2333333333333333,0.4843125429634986,0.19227685057040642,0.7264688144452479,0.0799074927800779,0.2123680682994883,0.1861418430874407,nan,nan,nan,nan,nan,nan,numerical_failure,non-finite backend output
1.5,0.2333333333333333,1.0323911847100018,0.19227685057040642,1.5485867770650028,0.17033585509398633,0.45269717832355905,0.3955465481721125,nan,nan,nan,nan,nan,nan,numerical_failure,non-finite backend output
1.5,0.2333333333333333,2.2007102102809877,0.19227685057040642,3.3010653154214813,0.3630986597271038,0.9649978779912742,0.8403992500698467,nan,nan,nan,nan,nan,nan,numerical_failure,non-finite backend output
1.5,0.2333333333333333,4.691172785435414,0.19227685057040642,7.036759178153122,0.7740040206031387,2.0570503840474226,1.7853556439034328,nan,nan,nan,nan,nan,nan,numerical_failure,non-finite backend output
1.5,0.2333333333333333,10.0,0.19227685057040642,15.0,1.6499158227686106,4.384938432525666,3.7926945712214764,nan,nan,nan,nan,nan,nan,numerical_failure,non-finite backend output
1.5,0.4666666666666666,0.05,0.1911505905614932,0.07500000000000001,0.016499158227686106,0.021860386007656246,0.018328199131332476,nan,nan,nan,nan,nan,nan,numerical_failure,non-finite backend output
1.5,0.4666666666666666,0.10658315582669209,0.1911505905614932,0.15987473374003813,0.03517064704781434,0.0465989785657133,0.038957003365278624,nan,nan,nan,nan,nan,nan,numerical_failure,non-finite backend output
1.5,0.4666666666666666,0.22719938211953852,0.1911505905614932,0.3407990731793078,0.07497197109645568,0.09933332387668209,0.08279407222800363,nan,nan,nan,nan,nan,nan,numerical_failure,non-finite backend output
1.5,0.4666666666666666,0.4843125429634986,0.1911505905614932,0.7264688144452479,0.1598149855601558,0.2117451827506336,0.1756539385903368,nan,nan,nan,nan,nan,nan,numerical_failure,non-finite backend output
1.5,0.4666666666666666,1.0323911847100018,0.1911505905614932,1.5485867770650028,0.34067171018797265,0.45136939617324356,0.3732329054900431,nan,nan,nan,nan,nan,nan,numerical_failure,non-finite backend output
1.5,0.4666666666666666,2.2007102102809877,0.1911505905614932,3.3010653154214813,0.7261973194542076,0.9621674937546547,0.7929263448802236,nan,nan,nan,nan,nan,nan,numerical_failure,non-finite backend output
1.5,0.4666666666666666,4.691172785435414,0.1911505905614932,7.036759178153122,1.5480080412062773,2.051016958364602,1.684349546316019,nan,nan,nan,nan,nan,nan,numerical_failure,non-finite backend output
1.5,0.4666666666666666,10.0,0.1911505905614932,15.0,3.299831645537221,4.3720772015312495,3.5777792860329867,nan,nan,nan,nan,nan,nan,numerical_failure,non-finite backend output
1.5,0.7,0.05,0.1862701305228693,0.07500000000000001,0.02474873734152916,0.02157951172541152,nan,nan,nan,nan,nan,nan,nan,numerical_failure,non-finite backend output
1.5,0.7,0.10658315582669209,0.1862701305228693,0.15987473374003813,0.05275597057172152,0.046000249217869306,nan,nan,nan,nan,nan,nan,nan,numerical_failure,non-finite backend output
1.5,0.7,0.22719938211953852,0.1862701305228693,0.3407990731793078,0.11245795664468351,0.09805703460909669,nan,nan,nan,nan,nan,nan,nan,numerical_failure,non-finite backend output
1.5,0.7,0.4843125429634986,0.1862701305228693,0.7264688144452479,0.2397224783402337,0.2090245639928938,nan,nan,nan,nan,nan,nan,nan,numerical_failure,non-finite backend output
1.5,0.7,1.0323911847100018,0.1862701305228693,1.5485867770650028,0.511007565281959,0.4455699535132195,nan,nan,nan,nan,nan,nan,nan,numerical_failure,non-finite backend output
1.5,0.7,2.2007102102809877,0.1862701305228693,3.3010653154214813,1.0892959791813115,0.9498050357398286,nan,nan,nan,nan,nan,nan,nan,numerical_failure,non-finite backend output
1.5,0.7,4.691172785435414,0.1862701305228693,7.036759178153122,2.322012061809416,2.024664362584699,nan,nan,nan,nan,nan,nan,nan,numerical_failure,non-finite backend output
1.5,0.7,10.0,0.1862701305228693,15.0,4.949747468305833,4.315902345082304,nan,nan,nan,nan,nan,nan,nan,numerical_failure,non-finite backend output
