g,chi0,beta_lambda,m_chi,Tn,Tp,Treh,alpha,beta_H,gstar_eff,eternal_inflation,f_peak_est,status,failure_reason
0.5,0.0001,0.0004452616187406747,2.1101223157454043e-06,nan,nan,nan,nan,nan,nan,True,nan,physical_failure,"non-finite or non-positive: Tn,Tp,Treh,alpha,beta_H"
0.5,0.0002848035868435802,0.0004452616187406747,6.009704042029728e-06,nan,nan,nan,nan,nan,nan,True,nan,physical_failure,"non-finite or non-positive: Tn,Tp,Treh,alpha,beta_H"
0.5,0.0008111308307896872,0.0004452616187406747,1.7115852670384282e-05,nan,nan,nan,nan,nan,nan,True,nan,physical_failure,"non-finite or non-positive: Tn,Tp,Treh,alpha,beta_H"
0.5,0.002310129700083158,0.0004452616187406747,4.874656232411709e-05,nan,nan,nan,nan,nan,nan,True,nan,physical_failure,"non-finite or non-positive: Tn,Tp,Treh,alpha,beta_H"
0.5,0.006579332246575682,0.0004452616187406747,0.0001388319579620269,nan,nan,nan,nan,nan,nan,True,nan,physical_failure,"non-finite or non-positive: Tn,Tp,Treh,alpha,beta_H"
0.5,0.01873817422860383,0.0004452616187406747,0.00039539839596102366,nan,nan,nan,nan,nan,nan,True,nan,physical_failure,"non-finite or non-positive: Tn,Tp,Treh,alpha,beta_H"
0.5,0.05336699231206307,0.0004452616187406747,0.001126108814018977,nan,nan,nan,nan,nan,nan,True,nan,physical_failure,"non-finite or non-positive: Tn,Tp,Treh,alpha,beta_H"
0.5,0.1519911082952933,0.0004452616187406747,0.003207198294087748,nan,nan,nan,nan,nan,nan,True,nan,physical_failure,"non-finite or non-positive: Tn,Tp,Treh,alpha,beta_H"
0.5,0.4328761281083057,0.0004452616187406747,0.009134215778748024,nan,nan,nan,nan,nan,nan,True,nan,physical_failure,"non-finite or non-positive: Tn,Tp,Treh,alpha,beta_H"
0.5,1.232846739442066,0.0004452616187406747,0.02601457416790663,nan,nan,nan,nan,nan,nan,True,nan,physical_failure,"non-finite or non-positive: Tn,Tp,Treh,alpha,beta_H"
0.5,3.5111917342151275,0.0004452616187406747,0.07409044033228146,nan,nan,nan,nan,nan,nan,True,nan,physical_failure,"non-finite or non-positive: Tn,Tp,Treh,alpha,beta_H"
0.5,10.0,0.0004452616187406747,0.2110122315745404,nan,nan,nan,nan,nan,nan,True,nan,physical_failure,"non-finite or non-positive: Tn,Tp,Treh,alpha,beta_H"
0.7,0.0001,0.0017105444446767675,4.135872876040519e-06,1.6681005372000558e-12,5.350508541873318e-13,7.16070580874338e-06,3.208064408393849e+28,7.961386303435347,nan,True,nan,physical_failure,eternal inflation: transition does not complete
0.7,0.0002848035868435802,0.0017105444446767675,1.1779114298254138e-05,1.9512074802586278e-12,4.768525612913098e-13,2.0393946986625346e-05,3.34555878599814e+30,7.048154034350773,nan,True,nan,physical_failure,eternal inflation: transition does not complete
0.7,0.0008111308307896872,0.0017105444446767675,3.354734001983279e-05,1.0476157527896661e-12,2.5288208849510204e-13,5.808269251697059e-05,2.783009468928972e+33,5.984887448207133,nan,True,nan,physical_failure,eternal inflation: transition does not complete
0.7,0.002310129700083158,0.0017105444446767675,9.554402766709551e-05,2.310129700083158e-13,nan,nan,nan,nan,nan,True,nan,physical_failure,"non-finite or non-positive: Tp,Treh,alpha,beta_H"
0.7,0.006579332246575682,0.0017105444446767675,0.00027211281781071094,nan,nan,nan,nan,nan,nan,True,nan,physical_failure,"non-finite or non-positive: Tn,Tp,Treh,alpha,beta_H"
0.7,0.01873817422860383,0.0017105444446767675,0.0007749870653860405,nan,nan,nan,nan,nan,nan,True,nan,physical_failure,"non-finite or non-positive: Tn,Tp,Treh,alpha,beta_H"
0.7,0.05336699231206307,0.0017105444446767675,0.0022071909597932457,nan,nan,nan,nan,nan,nan,True,nan,physical_failure,"non-finite or non-positive: Tn,Tp,Treh,alpha,beta_H"
0.7,0.1519911082952933,0.0017105444446767675,0.0062861590219784064,nan,nan,nan,nan,nan,nan,True,nan,physical_failure,"non-finite or non-positive: Tn,Tp,Treh,alpha,beta_H"
0.7,0.4328761281083057,0.0017105444446767675,0.017903206369285826,nan,nan,nan,nan,nan,nan,True,nan,physical_failure,"non-finite or non-positive: Tn,Tp,Treh,alpha,beta_H"
0.7,1.232846739442066,0.0017105444446767675,0.05098897389973433,nan,nan,nan,nan,nan,nan,True,nan,physical_failure,"non-finite or non-positive: Tn,Tp,Treh,alpha,beta_H"
0.7,3.5111917342151275,0.0017105444446767675,0.14521842656118017,nan,nan,nan,nan,nan,nan,True,nan,physical_failure,"non-finite or non-positive: Tn,Tp,Treh,alpha,beta_H"
0.7,10.0,0.0017105444446767675,0.4135872876040519,nan,nan,nan,nan,nan,nan,True,nan,physical_failure,"non-finite or non-positive: Tn,Tp,Treh,alpha,beta_H"
0.9,0.0001,0.004674428714390472,6.836979387412596e-06,1.0199680352946061e-07,6.907201177533456e-08,9.206704075899247e-06,315651831.76610243,28.951923675123222,12.359853765382653,False,3.010027620475682e-11,viable,
0.9,0.0002848035868435802,0.004674428714390472,1.9471962527107314e-05,2.500296698106345e-07,1.685003878342947e-07,2.622100672207864e-05,586399818.780463,27.55720466396383,12.359885265459894,False,8.159688495251824e-11,viable,
0.9,0.0008111308307896872,0.004674428714390472,5.5456847706039464e-05,6.072422356461178e-07,4.0704784710089264e-07,7.467825348065593e-05,1132908306.5228105,26.18510443956268,12.359960840096536,False,2.208197741327526e-10,viable,
0.9,0.002310129700083158,0.004674428714390472,0.00015794309141718195,1.4597073148748902e-06,9.72674558651645e-07,0.00021268557359606623,2286029891.308589,24.835354032376245,12.360140037281582,False,5.964841885709573e-10,viable,
0.9,0.006579332246575682,0.004674428714390472,0.00044982758952776946,3.46895595406319e-06,2.296247617008704e-06,0.000605731004904437,4842218040.898543,23.507624371518432,12.360559360770758,False,1.6079833590033176e-09,viable,
0.9,0.01873817422860383,0.004674428714390472,0.0012811251095871032,8.138951937703713e-06,5.3474963470124374e-06,0.0017251099009918719,10830913431.598455,22.20150991587388,12.36152603220286,False,4.3251178281727255e-09,viable,
0.9,0.05336699231206307,0.004674428714390472,0.0036486902640578173,1.8822209449567062e-05,1.2262756295062301e-05,0.004912957208338003,25764370534.036343,20.91650624390695,12.36371686776851,False,1.1604959179931237e-08,viable,
0.9,0.1519911082952933,0.004674428714390472,0.01039160074484916,4.282123706577004e-05,2.80680773742892e-05,0.013990861987974043,61734399762.62478,19.732993879443935,12.368724179107058,False,3.1180153856985185e-08,viable,
0.9,0.4328761281083057,0.004674428714390472,0.02959565165179461,9.561033196749425e-05,6.098001411271738e-05,0.039771794729506774,180946703246.37753,18.404626782185574,12.461888356985183,False,8.27725172455644e-08,viable,
0.9,1.232846739442066,0.004674428714390472,0.08428947745404233,0.00020889868367967085,0.00013041659142384347,0.109505914123162,497071563274.94727,17.143389921585594,14.26645700319485,False,2.171235591009495e-07,viable,
0.9,3.5111917342151275,0.004674428714390472,0.24005945512082313,0.00044499254001645035,0.00027135043429218024,0.29612710354968963,1418373312208.5027,15.907717424269661,17.55236391283263,False,5.639777167914096e-07,viable,
0.9,10.0,0.004674428714390472,0.6836979387412596,0.0009198185479445117,0.0005479540044305496,0.8247123495883879,5131372841775.994,14.704985432075546,19.196412609234883,False,1.4737497978276137e-06,viable,
1.1,0.0001,0.010431839654605691,1.0213637772412771e-05,2.048855191229204e-06,1.439252897728452e-06,1.1253497362454328e-05,3736.6755865575274,58.02939829302999,12.360287854778985,False,7.374405154906199e-11,viable,
1.1,0.0002848035868435802,0.010431839654605691,2.9088806723042318e-05,5.495817658033248e-06,3.85630438758686e-06,3.2049403410287926e-05,4769.836932840183,55.63716269669783,12.361053605077277,False,2.0136353262447014e-10,viable,
1.1,0.0008111308307896872,0.010431839654605691,8.2845964917221e-05,1.4692611564773038e-05,1.0296540845003822e-05,9.12729967079758e-05,6173.529248714629,53.28529728053866,12.363093947622328,False,5.492341679998058e-10,viable,
1.1,0.002310129700083158,0.010431839654605691,0.00023594827963941924,3.913852675164789e-05,3.140729063475087e-05,0.00025991695413554424,4689.471944296518,55.79144709203376,12.369782081084317,False,1.637756100799938e-09,viable,
1.1,0.006579332246575682,0.010431839654605691,0.0006719891635087876,0.00010385526599425368,8.325080144111324e-05,0.0007335343820337755,6026.3749228251145,53.172728578658734,12.828617692931601,False,4.431928188413487e-09,viable,
1.1,0.01873817422860383,0.010431839654605691,0.001913849240873196,0.00027443278977252745,0.00021836017103017507,0.0019567934667495766,6447.909102522173,50.415679677740854,16.667056625020525,False,1.1709555714515368e-08,viable,
1.1,0.05336699231206307,0.010431839654605691,0.005450711284785493,0.0007219001764428341,0.0005709587870884454,0.005376753685334261,7863.326238237249,47.797680292987366,19.236586062066067,False,3.124172060040985e-08,viable,
1.1,0.1519911082952933,0.010431839654605691,0.015523821247556876,0.0018896384799796067,0.0014787244771480978,0.015220875485985162,11224.598007060862,45.14107043073067,19.70676390510074,False,8.386241308577584e-08,viable,
1.1,0.4328761281083057,0.010431839654605691,0.044212399728227804,0.004919759220735671,0.003811226289423947,0.04332426082580329,16697.047991912747,42.60029045192936,19.752330221414173,False,2.2535477300385105e-07,viable,
1.1,1.232846739442066,0.010431839654605691,0.1259185002556141,0.012733499026309327,0.009759356443681587,0.12333684983751657,25507.603709814073,40.14061895728105,19.785380721168536,False,6.046735446762182e-07,viable,
1.1,3.5111917342151275,0.010431839654605691,0.3586204052276313,0.032744000968718656,0.024806848725664382,0.34670344930682595,38153.543033775706,37.75459384242197,20.8477573933973,False,1.6127157909721663e-06,viable,
1.1,10.0,0.010431839654605691,1.0213637772412771,0.0835981505974261,0.06255889197842007,0.9487576522306432,52900.13314497841,35.4451867625869,24.45960686266904,False,4.255077313207119e-06,viable,
1.3,0.0001,0.020352516121683192,1.4266224490622315e-05,6.1988256771486675e-06,4.535574560938851e-06,1.3343606124579099e-05,73.91410804258476,100.87067121995119,12.36126880584567,False,1.5199709318832676e-10,viable,
1.3,0.0002848035868435802,0.020352516121683192,4.063071905644963e-05,1.7210682958953113e-05,1.2917395502821293e-05,3.8001052129068014e-05,73.90014463357306,100.86944498571881,12.363924265157733,False,4.3288043523988226e-10,viable,
1.3,0.0008111308307896872,0.020352516121683192,0.0001157177452331066,4.777862120980859e-05,4.2264042055114756e-05,0.0001084754281567353,42.39516785876857,132.53071514098735,12.37322162743801,False,1.6237345400615183e-09,viable,
1.3,0.002310129700083158,0.020352516121683192,0.00032956828903840326,0.00013269959996161257,0.00012661044681426688,0.0002995396272637915,30.328454764135277,143.88910935007004,14.129820323714856,False,4.9768929409081935e-09,viable,
1.3,0.006579332246575682,0.020352516121683192,0.0009386223082803913,0.0003695202888497124,0.0003320417920940383,0.0008002616267276514,32.74092415647323,124.6461521035087,18.204760776654666,False,1.20151264956067e-08,viable,
1.3,0.01873817422860383,0.020352516121683192,0.0026732300008965584,0.0010291404316682018,0.0009149578200333994,0.0022373871937192693,34.756936099758086,116.61983883553262,19.569644939313072,False,3.1810028523815406e-08,viable,
1.3,0.05336699231206307,0.020352516121683192,0.0076134549271320694,0.002842335844901343,0.002513747361078906,0.006351768153778226,39.76543108731573,108.50332948136554,19.752330221414173,False,8.415128292110296e-08,viable,
1.3,0.1519911082952933,0.020352516121683192,0.02168339271519142,0.007836773959947264,0.006885349082657012,0.01807022062614628,46.440577363035075,100.64210539901808,19.769282006780458,False,2.220896402641947e-07,viable,
1.3,0.4328761281083057,0.020352516121683192,0.06175508020224474,0.02155938743584171,0.018801297006831908,0.05113834141209324,53.731243165604575,93.23380091340994,20.22069368887868,False,5.844392198806931e-07,viable,
1.3,1.232846739442066,0.020352516121683192,0.17588068347412267,0.0591470280842955,0.05115920239765826,0.13987257231817207,54.87727101370167,86.3164207705438,23.76120338503356,False,1.5202816020780304e-06,viable,
1.3,3.5111917342151275,0.020352516121683192,0.5009144950993049,0.16160652202973294,0.1386681234341503,0.3722956702758368,50.9571580991351,79.8957965138669,31.19076762661675,False,3.9192494804580445e-06,viable,
1.3,10.0,0.020352516121683192,1.4266224490622315,0.4404041316517724,0.3740841901362248,0.8524667409438428,25.966982889808513,73.90168163739474,76.03625632721075,False,9.629902023172466e-06,viable,
1.5,0.0001,0.03608246199255762,1.8995384174203382e-05,1.1413248840391934e-05,8.14378094532668e-06,1.5640897670943532e-05,12.60637278552367,128.59126801529894,12.362411928003695,False,2.271313094228667e-10,viable,
1.5,0.0002848035868435802,0.03608246199255762,5.409953546284902e-05,3.196166122095563e-05,2.5359479744359102e-05,4.488855306004187e-05,8.817051462317238,148.4755016926016,12.367866063567618,False,7.527074009039193e-10,viable,
1.5,0.0008111308307896872,0.03608246199255762,0.00015407741746390865,8.942514886524827e-05,8.162224604019596e-05,0.00012893305083657824,5.226197193427178,189.18589129144434,12.792085935774644,False,2.7703196460288377e-09,viable,
1.5,0.002310129700083158,0.03608246199255762,0.00043881801145316817,0.000249858361319477,0.00023001315325384844,0.00034614895013236304,4.129102615591236,184.86047349070134,16.891833071240157,False,7.612135773693275e-09,viable,
1.5,0.006579332246575682,0.03608246199255762,0.0012497694363342968,0.0006976931590168397,0.0006386098166927741,0.0009546180584018549,3.993168494350515,175.1619142798404,19.340378333972836,False,2.034542682413261e-08,viable,
1.5,0.01873817422860383,0.03608246199255762,0.0035593881819548684,0.0019467817339395173,0.0017795350708989946,0.0026966271354002982,4.272995439656298,167.57563077796078,19.721872430497715,False,5.516239368095715e-08,viable,
1.5,0.05336699231206307,0.03608246199255762,0.010137265211893964,0.005426620362242323,0.004942079323427544,0.007642023978623509,4.717349442361943,159.55680840919229,19.75839680681295,False,1.4889119074222194e-07,viable,
1.5,0.1519911082952933,0.03608246199255762,0.028871294931320467,0.015109412826231216,0.013709161029090032,0.02164602760395133,5.215403397913038,151.93889421760784,19.85815975901665,False,4.0193607327537174e-07,viable,
1.5,0.4328761281083057,0.03608246199255762,0.08222648353258946,0.042005278458811565,0.037969390252899846,0.059774481499729276,5.142268242772949,144.64219355015473,22.519721525116793,False,1.0790079279498473e-06,viable,
1.5,1.232846739442066,0.03608246199255762,0.23418397443616057,0.11660341529214203,0.1049919056020432,0.16314562617593742,4.830133072476362,137.7073718781361,26.980605026050323,False,2.889534528514794e-06,viable,
1.5,3.5111917342151275,0.03608246199255762,0.6669643590070375,0.32210654247194964,0.2889046858314035,0.3809958592715009,2.0245633091358224,130.55080330984484,73.86967120645775,False,7.56654259421309e-06,viable,
1.5,10.0,0.03608246199255762,1.899538417420338,0.891637055733352,0.7964070323613955,1.0523984190443265,2.0491613279123095,124.62491372289719,83.15362628849662,False,2.0349413928035065e-05,viable,
1.1,0.001,0.010431839654605691,0.0001021363777241277,1.7878398894981567e-05,1.252574734033911e-05,0.0001125237728281815,6511.722177765519,52.81975579647736,12.363800186420269,False,6.712010901614376e-10,viable,
1.1,0.0015199110829529332,0.010431839654605691,0.00015523821247556878,2.6460435025705157e-05,2.0365172771349286e-05,0.00017101957430600828,4972.142331186402,55.24297327764316,12.366283808464493,False,1.066963059969252e-09,viable,
1.1,0.003511191734215131,0.010431839654605691,0.0003586204052276316,5.785529983265824e-05,4.690690540657604e-05,0.00039497427396788465,5026.222524754343,55.132420012341754,12.379176948849953,False,2.4596754698530462e-09,viable,
1.1,0.005336699231206312,0.010431839654605691,0.0005450711284785498,8.546820119875872e-05,6.900683766658194e-05,0.0005981176545571518,5642.882759575102,53.94081038340914,12.562723716348081,False,3.6531825334799496e-09,viable,
1.1,0.008111308307896872,0.010431839654605691,0.00082845964917221,0.00012617690308248372,0.0001012155472804736,0.0008957504422869946,6133.218115932093,52.68870693826955,13.327501662601001,False,5.396961814453008e-09,viable,
1.1,0.012328467394420659,0.010431839654605691,0.0012591850025561408,0.00018614874487131236,0.0001487279206046978,0.0013250347719118648,6298.978641386538,51.545141503851255,14.854520363970991,False,7.95264201072371e-09,viable,
1.1,0.02848035868435802,0.010431839654605691,0.0029088806723042314,0.0004042942897961013,0.00032161058803217423,0.0029132587316869057,6731.786992696779,49.4249089544212,18.104749900526535,False,1.7327809806628096e-08,viable,
1.1,0.04328761281083059,0.010431839654605691,0.004421239972822783,0.0005951606547973274,0.0004709869096937993,0.004376934972587232,7457.388996476887,48.29545061026863,18.962466666033173,False,2.563571519030131e-08,viable,
1.1,0.06579332246575682,0.010431839654605691,0.006719891635087876,0.0008754565085718477,0.0006908765480909858,0.0066129445538972344,8393.169269628661,47.25529142328355,19.420567546593688,False,3.8048916676310755e-08,viable,
1.1,0.1,0.010431839654605691,0.01021363777241277,0.0012867283961561305,0.0010115479131975965,0.010029591040305702,9663.670800991316,46.200142314773984,19.58729520516914,False,5.649919573530327e-08,viable,
1.1500000000000001,0.001,0.01246214173851994,0.00011163396319454012,2.7249346968721383e-05,2.115695837908252e-05,0.000117658990702493,955.5056676081687,66.10062753745183,12.366534655443902,False,8.783319624197154e-10,viable,
1.1500000000000001,0.0015199110829529332,0.01246214173851994,0.00016967369789334136,4.05443530027504e-05,3.3118585673827534e-05,0.00017882337030345193,848.9824823666085,67.81632308279482,12.370324239450467,False,1.3696470869717825e-09,viable,
1.1500000000000001,0.0023101297000831605,0.01246214173851994,0.0002578889339136975,6.029490910873132e-05,5.028252615448155e-05,0.00027164200487650426,850.7641477708353,67.75146866127102,12.398299837285414,False,2.079358216887951e-09,viable,
1.1500000000000001,0.003511191734215131,0.01246214173851994,0.0003919682488263454,8.96190044528568e-05,7.453002522970264e-05,0.0004107478505442535,921.520710400398,66.28742365377605,12.655584906143803,False,3.0867879224254165e-09,viable,
1.1500000000000001,0.005336699231206312,0.01246214173851994,0.000595756885556816,0.0001331317737791964,0.00011061395015005757,0.000613296166371359,944.0208553511148,64.95243183508137,13.588262445641568,False,4.569966005384439e-09,viable,
1.1500000000000001,0.008111308307896872,0.01246214173851994,0.000905497493103327,0.00019766051325452363,0.00016369635105282254,0.000904315671859128,930.3742663688398,63.51385540301634,15.340664257752733,False,6.723816874399918e-09,viable,
1.1500000000000001,0.012328467394420659,0.01246214173851994,0.0013762756753538437,0.0002932979691060061,0.00024208922892646385,0.0013375166381676736,930.7403511605529,62.09833480075133,17.108036391004227,False,9.90145818863753e-09,viable,
1.1500000000000001,0.01873817422860384,0.01246214173851994,0.0020918166521688413,0.0004349529780304953,0.00035777524800716635,0.0019949878858475066,965.7626994543884,60.705279339131835,18.445554298947698,False,1.4619594464976338e-08,viable,
1.1500000000000001,0.02848035868435802,0.01246214173851994,0.0031793753131369243,0.0006446315781527393,0.0005273068314002121,0.0030044196300638283,1052.874199541355,59.24065242415111,19.135770629064737,False,2.1617629325934433e-08,viable,
1.1500000000000001,0.04328761281083059,0.01246214173851994,0.004832367775303766,0.0009547913398884907,0.0007786352551570422,0.004545758553104981,1160.6871962128278,57.92219801675458,19.484860882164313,False,3.2076546155147926e-08,viable,
1.1500000000000001,0.06579332246575682,0.01246214173851994,0.007344769338588807,0.0014132669670054157,0.001148615219267547,0.006897735257737159,1299.5522985824912,56.61247346107246,19.612342022218968,False,4.762411053025295e-08,viable,
1.1500000000000001,0.1,0.01246214173851994,0.011163396319454013,0.002090498436222517,0.0016940315232516405,0.01046970884094278,1457.9905086707392,55.34529286076406,19.7175779257562,False,7.073117473495828e-08,viable,
1.2000000000000002,0.001,0.014775392497320506,0.00012155407231894992,3.785768596307818e-05,3.155164582189317e-05,0.00012286901135607684,228.9753997965549,83.52268636804183,12.369827814502939,False,1.1590283965479908e-09,viable,
1.2000000000000002,0.0015199110829529332,0.014775392497320506,0.00018475138169563433,5.659852852724545e-05,4.841805063061099e-05,0.00018669068128747074,220.03515952307166,84.50979072058828,12.387737585155714,False,1.782303454840045e-09,viable,
1.2000000000000002,0.0023101297000831605,0.014775392497320506,0.00028080567263006256,8.457800380899959e-05,7.179779347477774e-05,0.0002824765872081939,238.59924230897846,82.01871480028444,12.608765202167163,False,2.6249890307993647e-09,viable,
1.2000000000000002,0.003511191734215131,0.014775392497320506,0.0004267996539864852,0.0001263289954258309,0.00010817626598411576,0.00042187812406740814,230.32367276106007,81.17159728726618,13.526711017788283,False,3.925633787400031e-09,viable,
1.2000000000000002,0.005336699231206312,0.014775392497320506,0.0006486975242945366,0.0001885985019089484,0.0001605756303637196,0.0006224096329468809,224.7286477402666,78.967406464443,15.23893025353184,False,5.747379965508188e-09,viable,
1.2000000000000002,0.008111308307896872,0.014775392497320506,0.0009859625566593958,0.00028142395786430723,0.00023877386402404238,0.0009198614240592275,219.26346920857247,77.0319748607875,17.04867994793736,False,8.442321378121154e-09,viable,
1.2000000000000002,0.012328467394420659,0.014775392497320506,0.0014985754172432248,0.0004197280739553561,0.00035607825046493743,0.0013710467855117998,218.79980852100994,75.42733745017927,18.435214255125054,False,1.2482715335997398e-08,viable,
1.2000000000000002,0.01873817422860384,0.014775392497320506,0.002277701385308795,0.0006256791168283674,0.0005285494415780966,0.0020643002014391594,231.67458420409076,73.52192371794786,19.139420249361706,False,1.8434491506850737e-08,viable,
1.2000000000000002,0.02848035868435802,0.014775392497320506,0.0034619035791880882,0.0009321903970003654,0.0007848383808075769,0.0031231440791845114,249.75358285190714,71.73677351418917,19.489007003804794,False,2.7295148458960804e-08,viable,
1.2000000000000002,0.04328761281083059,0.014775392497320506,0.005261785618122405,0.0013880955334238075,0.0011652439304627902,0.0047387567847047285,272.5207503131824,70.02599012757571,19.61679821273579,False,4.047141115065573e-08,viable,
1.2000000000000002,0.06579332246575682,0.014775392497320506,0.007997446277106598,0.0020658016300151346,0.0017288817686743527,0.007192535121150784,298.54824978685366,68.348535033536,19.719328315632744,False,6.000855981303396e-08,viable,
1.2000000000000002,0.1,0.014775392497320506,0.012155407231894993,0.0030725939332444897,0.002562406563447955,0.010926584609276794,329.6325295847066,66.67826779306552,19.752330221414173,False,8.895938685061103e-08,viable,
1.25,0.001,0.0173967652850274,0.00013189679785736804,4.864257436684414e-05,4.0649561775290264e-05,0.0001281682513232193,97.83217749968084,100.0709247779099,12.372710141124603,False,1.4486133882148822e-09,viable,
1.25,0.0015199110829529332,0.0173967652850274,0.00020047140486941634,7.301515515382497e-05,6.321650494739967e-05,0.00019445352476446713,88.52438658380629,104.07212057167216,12.47549845282178,False,2.2888281740804023e-09,viable,
1.25,0.0023101297000831605,0.0173967652850274,0.0003046987100761708,0.00010956157935374436,9.630857766588133e-05,0.0002917888830295147,83.25876514216046,104.4982998987649,13.14091614103588,False,3.478581821302143e-09,viable,
1.25,0.003511191734215131,0.0173967652850274,0.00046311494640623456,0.0001643395697790835,0.00014456091429741914,0.0004311755857002447,78.14310824128688,102.25916426770709,14.719531436250767,False,5.126158707112613e-09,viable,
1.25,0.005336699231206312,0.0173967652850274,0.0007038935397239903,0.00024641359866615876,0.00021619905569251875,0.0006358632830584438,73.82381047361294,99.50407423009722,16.62070001524761,False,7.506419174065438e-09,viable,
1.25,0.008111308307896872,0.0173967652850274,0.0010698555922454636,0.0003693366586528554,0.0003230989050545164,0.0009458843359213348,72.45311008692414,96.77749423032365,18.119019383558225,False,1.1017629678398222e-08,viable,
1.25,0.012328467394420659,0.0173967652850274,0.0016260853718130543,0.0005533599203812698,0.0004826072351697966,0.0014205084224683932,74.05850990445815,94.12183650127304,19.00448524562578,False,1.6220473959223835e-08,viable,
1.25,0.01873817422860384,0.0173967652850274,0.002471505178446304,0.0008287245746480267,0.0007204750408974352,0.002146345301183503,77.76306473323697,91.53577411842662,19.445987040726628,False,2.392666112436391e-08,viable,
1.25,0.02848035868435802,0.0173967652850274,0.0037564681122961054,0.0012405662494341392,0.001074982582191757,0.003255210744496318,83.08349038102351,89.01794869322543,19.598886857434504,False,3.533582560876873e-08,viable,
1.25,0.04328761281083059,0.0173967652850274,0.005709497516638137,0.0018562126205803632,0.0016029922061231887,0.004939454180803777,89.15507970193441,86.56670238501364,19.71300538122641,False,5.219256307119588e-08,viable,
1.25,0.06579332246575682,0.0173967652850274,0.008677928553630558,0.0027760411750251067,0.0023889155761766838,0.007502254049120432,96.26662747170387,84.18077940486057,19.752330221414173,False,7.711302640709508e-08,viable,
1.25,0.1,0.0173967652850274,0.013189679785736803,0.004149601994226857,0.0035604868080991547,0.011400549091612443,104.11520753031506,81.93759418753643,19.752330221414173,False,1.1405964517185598e-07,viable,
1.3,0.001,0.020352516121683192,0.00014266224490622315,5.860478547942024e-05,5.3506417013684644e-05,0.00013370584100983075,37.992227008334055,138.70614687830596,12.416563176040782,False,2.0958794724663717e-09,viable,
1.3,0.0015199110829529332,0.020352516121683192,0.0002168339271519142,8.817890660643718e-05,7.99802984055064e-05,0.0002018078187102547,39.534038195857676,134.88885896948943,12.755253764009941,False,3.09016903059819e-09,viable,
1.3,0.003511191734215131,0.020352516121683192,0.0005009144950993054,0.00019976653707427097,0.00018099194013484479,0.00044247514362366955,34.720585903345736,129.89789350949366,15.772982768869193,False,6.759739212970725e-09,viable,
1.3,0.005336699231206312,0.020352516121683192,0.0007613454927132077,0.0003009311782862419,0.0002711321500922676,0.000655046124506412,33.06931909632868,126.3030301198711,17.549357380148788,False,9.90487890559359e-09,viable,
1.3,0.008111308307896872,0.020352516121683192,0.001157177452331066,0.00045400359330446027,0.00040660145241880796,0.0009802438953680698,32.78009625765841,122.9752155660293,18.680880545281973,False,1.458270013313261e-08,viable,
1.3,0.012328467394420659,0.020352516121683192,0.0017588068347412268,0.0006852070120356709,0.000610766543808369,0.001477674939703349,33.26215489705532,120.09215219302406,19.297660335933564,False,2.1583951759902345e-08,viable,
1.3,0.02848035868435802,0.020352516121683192,0.004063071905644963,0.001545367513679301,0.0013710082674098705,0.0033946997825334765,36.58765184746494,113.3161903881188,19.679162855230384,False,4.694050496754045e-08,viable,
1.3,0.04328761281083059,0.020352516121683192,0.006175508020224476,0.0023200004854703102,0.002054046565869947,0.005154119502104993,38.64393863693647,110.09895993571206,19.73566005626519,False,6.927868337896435e-08,viable,
1.3,0.06579332246575682,0.020352516121683192,0.009386223082803914,0.0034820372684460205,0.0030749201865111373,0.007829277026824483,41.02921226952973,106.84710198106016,19.752330221414173,False,1.0214272651063466e-07,viable,
1.3,0.1,0.020352516121683192,0.014266224490622315,0.005224618414686479,0.004603044227710839,0.01189501059178996,43.594237373724845,103.74099043052354,19.756497706188682,False,1.5067927853251087e-07,viable,
1.35,0.001,0.02366998617995839,0.0001538505319456465,7.027939027668148e-05,6.162057967330562e-05,0.00013917142048253792,25.019390678408325,150.6449874800495,12.46578649890199,False,2.3708896587155606e-09,viable,
1.35,0.0015199110829529332,0.02366998617995839,0.00023383912862239242,0.00010570384721544092,9.456408785700418e-05,0.00020915974489984465,22.93356882028397,150.40403643133968,13.08566096723781,False,3.5863845518439514e-09,viable,
1.35,0.0023101297000831605,0.02366998617995839,0.000355414683221231,0.0001589545070091837,0.00014323222534895857,0.0003092511438360466,20.731129544190352,150.43702901935777,14.677735671143733,False,5.40624706416919e-09,viable,
1.35,0.003511191734215131,0.02366998617995839,0.0005401987160721549,0.0002389982235139126,0.000214937334386211,0.0004562249945504345,19.29872988875337,151.1261104135286,16.59363569284911,False,8.177655681760226e-09,viable,
1.35,0.005336699231206312,0.02366998617995839,0.0008210540155550138,0.00035931286189927995,0.0003232152389359098,0.000678718667594136,18.44427982096974,152.69380255135445,18.12013475368545,False,1.247358884212923e-08,viable,
1.35,0.008111308307896872,0.02366998617995839,0.0012479290979450755,0.0005401483018447216,0.0004856584495422596,0.0010192853278364747,18.40257160820695,156.1815069501904,19.013446844446012,False,1.93147388329633e-08,viable,
1.35,0.012328467394420659,0.02366998617995839,0.0018967412667061766,0.000811914334476159,0.0007298452047827884,0.0015399698769546814,18.821013950349055,163.62405519261358,19.452249986449253,False,3.0688406199567845e-08,viable,
1.35,0.01873817422860384,0.02366998617995839,0.002882878072760905,0.0012202910066334458,0.0010971038598444865,0.0023350495090492013,19.520758086775693,183.95581682732143,19.602929160520212,False,5.238212300079413e-08,viable,
1.35,0.02848035868435802,0.02366998617995839,0.004381718333591294,0.0018338912118310952,0.0016492432218874822,0.0035423740924075014,20.283294783709866,131.9312556893237,19.71532838666846,False,5.704655692092967e-08,viable,
1.35,0.04328761281083059,0.02366998617995839,0.006659822257603468,0.002755800519567682,0.0024696125298716114,0.005378019493885016,21.489210458004084,129.02262779539342,19.752330221414173,False,8.47249446723075e-08,viable,
1.35,0.06579332246575682,0.02366998617995839,0.01012233765982814,0.004140892805303954,0.0037242392002745585,0.008171300908582113,22.17472272070533,127.52183899222302,19.752330221414173,False,1.272327194120788e-07,viable,
1.35,0.1,0.02366998617995839,0.01538505319456465,0.006221905881015864,0.005638667361719016,0.012416094426079292,22.508998378698724,126.78395711063217,19.762298735536824,False,1.922245570084529e-07,viable,
1.4,0.001,0.02737760458838812,0.000165461791929098,8.310882003664939e-05,7.310018433096518e-05,0.00014485837016761625,14.420572228538544,149.74074271034962,12.631083057978138,False,2.458349684672894e-09,viable,
1.4,0.0015199110829529332,0.02737760458838812,0.00025148721135828824,0.00012511015294855681,0.00011234279128915885,0.0002164616474990347,12.78297591665505,151.92656281051595,13.63191561537124,False,3.774801649783689e-09,viable,
1.4,0.0023101297000831605,0.02737760458838812,0.00038223819976438946,0.00018829781529143625,0.00017040836282427828,0.00031915567761450715,11.30401020515255,151.52151329358784,15.539830264890483,False,5.673328115832911e-09,viable,
1.4,0.003511191734215131,0.02737760458838812,0.0005809680761498727,0.0002833569413333376,0.0002562603316546868,0.0004726110113142073,10.568839833625796,149.43572223695867,17.344520712086563,False,8.43863034079287e-09,viable,
1.4,0.005336699231206312,0.02737760458838812,0.0008830198177820361,0.00042636008056811336,0.00038508015067369796,0.0007064585558246926,10.32771266776298,147.3227649851765,18.57715494922281,False,1.2578815107853124e-08,viable,
1.4,0.008111308307896872,0.02737760458838812,0.0013421116075139961,0.000641451524729949,0.0005785775469754235,0.001064021209662863,10.438124959217197,145.31029570812848,19.2482749957365,False,1.8797436369859507e-08,viable,
1.4,0.012328467394420659,0.02737760458838812,0.0020398903068203,0.0009649135206312315,0.0008691737349255373,0.0016099467553064833,10.771171195708538,143.40474660254188,19.545376108102428,False,2.8140751700928953e-08,viable,
1.4,0.01873817422860384,0.02737760458838812,0.003100451885344435,0.0014512456268414354,0.0013055137642587515,0.0024413075694151944,11.228246102160506,141.61644513660576,19.65931227599502,False,4.218106645466649e-08,viable,
1.4,0.02848035868435802,0.02737760458838812,0.004712411182697326,0.0021823265606447117,0.0019605765074154624,0.0037039010488941946,11.738031709973704,139.9610055993179,19.73096542522043,False,6.328650832735758e-08,viable,
1.4,0.04328761281083059,0.02737760458838812,0.007162445984013008,0.0032811209411120978,0.0029438524804877263,0.005622935349709816,12.310310530614423,138.46159646202238,19.752330221414173,False,9.506386422325723e-08,viable,
1.4,0.06579332246575682,0.02737760458838812,0.010886281032153104,0.004932274246132278,0.004420777740345805,0.00853847925912892,12.91641553545159,137.1765576099477,19.755476742859777,False,1.430194147239235e-07,viable,
1.4,0.1,0.02737760458838812,0.0165461791929098,0.007413002045614273,0.006636561868945354,0.012964560592039034,13.563260482821974,136.10068053105806,19.767888428478862,False,2.1547561459026766e-07,viable,
1.45,0.001,0.031504891577056555,0.00017749617341525015,9.641396299502892e-05,8.732800336856221e-05,0.00015110921899418736,7.96498816942122,168.5601933562424,12.92052789372788,False,2.897650536634816e-09,viable,
1.45,0.0015199110829529332,0.031504891577056555,0.0002697784011555745,0.00014528624273206956,0.00013269634652904875,0.00022441167012845258,7.179860332983373,168.48077456346286,14.348297868310446,False,4.377060017700874e-09,viable,
1.45,0.0023101297000831605,0.031504891577056555,0.00041003918185768045,0.00021889048708038773,0.00019970140880658675,0.0003314969078937099,6.592650559718394,165.51092117880728,16.25699975631286,False,6.485341555424756e-09,viable,
1.45,0.003511191734215131,0.031504891577056555,0.0006232230969504417,0.00032974916037846523,0.0003006732865772207,0.0004929179052112126,6.2230229965263835,162.77347865595004,17.886151824156507,False,9.636020322266244e-09,viable,
1.45,0.005336699231206312,0.031504891577056555,0.0009472436922072277,0.0004967083373694179,0.0004522922154529978,0.0007394381365900529,6.143827023604457,159.88445235846882,18.8823043379016,False,1.4327504740186896e-08,viable,
1.45,0.008111308307896872,0.031504891577056555,0.0014397261860430225,0.0007481136981120244,0.0006802656739838427,0.0011156733537797203,6.2349246819713136,157.06533836515746,19.404288020074457,False,2.1333085944310837e-08,viable,
1.45,0.012328467394420659,0.031504891577056555,0.0021882557865843463,0.0011266053600395903,0.001021959889409594,0.0016895727424650574,6.470887136626501,154.06162432334725,19.58919782418739,False,3.173906472532465e-08,viable,
1.45,0.01873817422860384,0.031504891577056555,0.0033259542223654385,0.001696293685359972,0.0015370613028561244,0.0025610374942425084,6.707241922603288,151.46661525011496,19.709693932935856,False,4.734776534912973e-08,viable,
1.45,0.02848035868435802,0.031504891577056555,0.005055154683967337,0.002553614635657792,0.002310972781835468,0.00388549794162784,6.991115558538343,148.89124019910582,19.748564443077704,False,7.063583258287508e-08,viable,
1.45,0.04328761281083059,0.031504891577056555,0.007683385630203391,0.00384353785813496,0.003473549750008727,0.005897293240553135,7.30838857664597,146.35777472166467,19.752330221414173,False,1.053880964036152e-07,viable,
1.45,0.06579332246575682,0.031504891577056555,0.011678062973947446,0.0057839526097424035,0.005219620975911722,0.008950546931927091,7.646541404953422,143.87776316411305,19.759951452724692,False,1.572512885986341e-07,viable,
1.45,0.1,0.031504891577056555,0.017749617341525015,0.008702311024377636,0.007841471217190922,0.013583847610420094,8.005358208867472,141.4595620628347,19.774637712326907,False,2.34671229465034e-07,viable,
1.5,0.001,0.03608246199255762,0.00018995384174203382,0.00010983769670687836,9.981866500139226e-05,0.0001575206671923302,5.201591298283538,185.874019233637,13.274385782724268,False,3.345892276611766e-09,viable,
1.5,0.0015199110829529332,0.03608246199255762,0.0002887129493132047,0.00016567310076349428,0.00015222346007048927,0.0002336635088496618,4.551843546306211,187.23263002387114,14.967757323431961,False,5.100567939369293e-09,viable,
1.5,0.003511191734215131,0.03608246199255762,0.0006669643590070382,0.000376796572430233,0.0003464421281209345,0.0005165690237918777,3.9430004413849167,181.2961287919279,18.34282635509107,False,1.1294870324930171e-08,viable,
1.5,0.005336699231206312,0.03608246199255762,0.0010137265211893974,0.0005681848546850296,0.0005204638505345789,0.0007768713955226141,3.9640282250770627,176.8999839205776,19.115672385622467,False,1.6688930402197014e-08,viable,
1.5,0.008111308307896872,0.03608246199255762,0.0015407741746390866,0.0008566973768907783,0.0007848990062521117,0.0011743768280290156,4.011581264003041,174.05786479893948,19.489047525387253,False,2.490306928544019e-08,viable,
1.5,0.012328467394420659,0.03608246199255762,0.002341839744361606,0.001291536350512141,0.0011823521198648845,0.0017793724771697774,4.129560276649876,170.90777373363153,19.621983494751234,False,3.709133681685622e-08,viable,
1.5,0.02848035868435802,0.03608246199255762,0.005409953546284901,0.002933985514231347,0.0026777568963169624,0.004089686078929422,4.440957165156314,164.2941437304586,19.752330221414173,False,8.204178396854434e-08,viable,
1.5,0.04328761281083059,0.03608246199255762,0.008222648353258949,0.004421044466754069,0.0040291945853996244,0.006204596851933395,4.623171200183912,161.12138271893173,19.75328329497368,False,1.22065597080187e-07,viable,
1.5,0.06579332246575682,0.03608246199255762,0.012497694363342969,0.006660617169325304,0.00606149070023998,0.009412404891317935,4.8141285620665,158.00684805411436,19.76466717489985,False,1.8161208493252873e-07,viable,
1.5,0.1,0.03608246199255762,0.01899538417420338,0.010032862829019055,0.009116995512701915,0.01427815133184247,5.015627811271578,154.95045999706747,19.781782544872215,False,2.7020646579972353e-07,viable,
0.8,0.0003,0.00291815793284088,1.620599314931606e-05,7.694814510072043e-09,4.801379720339666e-09,2.4551084455312263e-05,683625896459496.8,16.564529642394632,12.359833403691612,False,4.592387654956301e-11,viable,
0.8,0.0005152047254806855,0.00291815793284088,2.7831347505450842e-05,1.129567296452127e-08,6.999134993063208e-09,4.2162781829711635e-05,1316859827553176.0,16.041401577012948,12.359834099966292,False,7.637660054386068e-11,viable,
0.8,0.0008847863638587606,0.00291815793284088,4.779613917101115e-05,1.6468826789307805e-08,1.0127040361855724e-08,7.240821334225229e-05,2613491923898709.5,15.521093814044207,12.359835090923449,False,1.2691089809708086e-10,viable,
0.8,0.0015194870523363554,0.00291815793284088,8.208265586879145e-05,2.3833603940953886e-08,1.4535355474219445e-08,0.00012435017541238691,5356523071882042.0,15.003594247843921,12.35983648752945,False,2.1068347995093734e-10,viable,
0.8,0.0026094896989013565,0.00291815793284088,0.00014096457394535407,3.4216456805947985e-08,2.0680308449774253e-08,0.00021355265154689672,1.1370821041176672e+16,14.488689637204288,12.359838434322718,False,3.49399966698415e-10,viable,
0.8,0.0044814047465571655,0.00291815793284088,0.00024208538207339304,4.8694126020265647e-08,2.914158464503654e-08,0.00036674443083453467,2.508426931485492e+16,13.97613247543461,12.359841114954389,False,5.788144084316437e-10,viable,
0.8,0.007696136340726084,0.00291815793284088,0.000415745109380031,6.863587012098464e-08,4.0632531374939395e-08,0.0006298281663215396,5.772883551431997e+16,13.465633300370428,12.359844755421264,False,9.577180680328325e-10,viable,
0.8,0.013216952702285688,0.00291815793284088,0.0007139794831602543,9.572830483436333e-08,5.5994984709279874e-08,0.0010816347186186415,1.3922779790037845e+17,12.956850712214417,12.3598496224269,False,1.5825918357171201e-09,viable,
0.8,0.022698121628907657,0.00291815793284088,0.0012261520120680673,1.319642143143452e-07,7.616615258533815e-08,0.0018575441541509787,3.537598242670832e+17,12.44937818528058,12.359856012889777,False,2.6114137737501877e-09,viable,
0.8,0.03898059840916192,0.00291815793284088,0.0021057310359170623,1.7956603846582488e-07,1.0210014459677867e-07,0.003190051223213541,9.529830978484787e+17,11.942728185459828,nan,True,nan,physical_failure,eternal inflation: transition does not complete
0.8,0.06694329500821695,0.00291815793284088,0.003616275267652694,2.408017898378536e-07,1.3462132552209767e-07,0.005478430407389036,2.7426421550413486e+18,11.436300045886583,nan,True,nan,physical_failure,eternal inflation: transition does not complete
0.8,0.11496500642493651,0.00291815793284088,0.006210407021778661,3.176449213699155e-07,1.7418608484381894e-07,0.009408375061673503,8.511471661912274e+18,10.929358566684755,nan,True,nan,physical_failure,eternal inflation: transition does not complete
0.8,0.19743504858348215,0.00291815793284088,0.01066543681592932,4.1120772695030357e-07,2.2052975015541712e-07,0.01615745950456688,2.881532768625557e+19,10.420975882169614,nan,True,nan,physical_failure,eternal inflation: transition does not complete
0.8,0.33906490001906203,0.00291815793284088,0.01831627815627485,5.209158218607674e-07,2.721941281847823e-07,0.027747989108579948,1.0799684101631112e+20,9.909960950579944,nan,True,nan,physical_failure,eternal inflation: transition does not complete
0.8,0.5822927957815229,0.00291815793284088,0.03145544353110486,6.433897895491672e-07,3.259660102545953e-07,0.04765296728451792,4.567415564649502e+20,9.394746925579511,nan,True,nan,physical_failure,eternal inflation: transition does not complete
0.8,1.0,0.00291815793284088,0.054019977164386876,7.711141472695124e-07,3.763270256194905e-07,0.08183675335057343,2.2363096333931677e+21,8.8732090402317,nan,True,nan,physical_failure,eternal inflation: transition does not complete
0.9,0.0003,0.004674428714390472,2.0510938162237788e-05,2.613546169650429e-07,1.760878817049263e-07,2.7620093276320068e-05,605316743.2516742,27.488525096302393,12.359887669267062,False,8.573648000328864e-11,viable,
0.9,0.0005152047254806855,0.004674428714390472,3.522444088409012e-05,4.1378040364590124e-07,2.7802966015179904e-07,4.7433310922584504e-05,847167418.6373143,26.777346423429545,12.359919965619696,False,1.4343007860712733e-10,viable,
0.9,0.0008847863638587606,0.004674428714390472,6.049266131966088e-05,6.533868923996154e-07,4.3777384166558144e-07,8.145946971561445e-05,1198856172.639003,26.07216819691871,12.359970574452465,False,2.398326373435593e-10,viable,
0.9,0.0015194870523363554,0.004674428714390472,0.00010388701656263987,1.028890717623538e-06,6.872864540470128e-07,0.00013989412209303008,1716511554.5126777,25.372951002040626,12.36004962297839,False,4.008302285790396e-10,viable,
0.9,0.0026094896989013565,0.004674428714390472,0.00017841027283054076,1.615470141969324e-06,1.0756761940925915e-06,0.0002402464446319925,2488293745.3946595,24.679651089670077,12.360172669409359,False,6.695557188688322e-10,viable,
0.9,0.0044814047465571655,0.004674428714390472,0.00030639271878864314,2.528632623135863e-06,1.678035553775689e-06,0.0004125854193186921,3654692742.3536825,23.992219810949678,12.360363503928728,False,1.1178310380367585e-09,viable,
0.9,0.007696136340726084,0.004674428714390472,0.0005261832552426124,3.9450296172708715e-06,2.608611238055789e-06,0.000708548967298983,5443046366.177994,23.310602961558402,12.360658321234363,False,1.8651637216569166e-09,viable,
0.9,0.013216952702285688,0.004674428714390472,0.0009036403318993446,6.133456666442938e-06,4.040273459899256e-06,0.001216814758174363,8227252587.87565,22.634740007106302,12.361111888639952,False,3.110256581119141e-09,viable,
0.9,0.022698121628907657,0.004674428714390472,0.0015518658970982567,9.500701183318307e-06,6.233051317715807e-06,0.0020896663521322192,12632956155.824099,21.96456318334583,12.361806586417702,False,5.183222201647648e-09,viable,
0.9,0.03898059840916192,0.004674428714390472,0.0026650954783244826,1.4658749492929478e-05,9.575555468421823e-06,0.003588609747682188,19726454013.4645,21.299995812512407,12.36286553098764,False,8.632016412675795e-09,viable,
0.9,0.06694329500821695,0.004674428714390472,0.004576899280966599,2.252237492058499e-05,1.4644465832765849e-05,0.006162695548273802,31360914027.50548,20.64095376893249,12.364471421321296,False,1.43653556572083e-08,viable,
0.9,0.11496500642493651,0.004674428714390472,0.007860133792010476,3.444931601785787e-05,2.268422901243259e-05,0.010582954578273417,47373081573.044395,20.080502903425668,12.367018512717099,False,2.4000060428269936e-08,viable,
0.9,0.19743504858348215,0.004674428714390472,0.01349859357518072,5.2439146882846086e-05,3.297241067595682e-05,0.01817343004460902,92287910395.53906,19.222863423820513,12.370277929494435,False,3.9455256957072394e-08,viable,
0.9,0.33906490001906203,0.004674428714390472,0.023181797324254398,7.941140156541779e-05,4.960823051179371e-05,0.031194876712785233,156357295132.06805,18.582022425619016,12.39447995308911,False,6.548888872492849e-08,viable,
0.9,0.5822927957815229,0.004674428714390472,0.03981123842197125,0.00011958801082773528,7.555324782376933e-05,0.053275564045579815,247229148430.98297,18.028304600576917,12.67311891615963,False,1.0891395057500688e-07,viable,
0.9,1.0,0.004674428714390472,0.06836979387412596,0.00017900859489944758,0.00011218566325659823,0.08984623834211265,411386613846.7305,17.39098827262353,13.627948138823207,False,1.7934222595460575e-07,viable,
1.0,0.0003,0.007124788524834609,2.5322538720181965e-05,1.7950403347273247e-06,1.2455726667640268e-06,3.06890410656272e-05,368515.5492639114,40.45483707059816,12.360226494607197,False,1.401989719047591e-10,viable,
1.0,0.0005152047254806855,0.007124788524834609,4.3487638699351266e-05,2.932907866847406e-06,2.0323561271225072e-06,5.2703524263959787e-05,452229.0160659824,39.50911367466858,12.36047575684757,False,2.351415941597148e-10,viable,
1.0,0.0008847863638587606,0.007124788524834609,7.468345652634158e-05,4.785233566735476e-06,3.3111593467800096e-06,9.050959801213192e-05,558286.9045659243,38.57163392324025,12.360880896726062,False,3.942371609251631e-10,viable,
1.0,0.0015194870523363554,0.007124788524834609,0.00012825756572534174,7.79579825173063e-06,5.386172151717554e-06,0.0001554344951743542,693534.5180742827,37.642398348125994,12.361538285152006,False,6.607290915560026e-10,viable,
1.0,0.0026094896989013565,0.007124788524834609,0.00022026301313448525,1.2680633400428011e-05,8.747190377556084e-06,0.00026692952071478786,867184.7075497218,36.72140534192181,12.362603095198379,False,1.1069318164075909e-09,viable,
1.0,0.0044814047465571655,0.007124788524834609,0.00037826848405167024,2.0592661611893728e-05,1.4181142902098285e-05,0.00045839518347121327,1091729.0115803452,35.80865103380404,12.36432463517551,False,1.8537153904829356e-09,viable,
1.0,0.007696136340726084,0.007124788524834609,0.0006496190349461193,3.338422025864182e-05,2.4444502966585497e-05,0.0007871728043155874,1075362.969703618,35.86636703549573,12.367576188178761,False,3.1885376660192276e-09,viable,
1.0,0.013216952702285688,0.007124788524834609,0.0011156226552214766,5.402450940778113e-05,4.042086803550905e-05,0.0013517121734113072,1250587.288337233,35.28450657944404,12.372637688262017,False,5.386813901626762e-09,viable,
1.0,0.022698121628907657,0.007124788524834609,0.0019159135460780463,8.726141294347853e-05,6.458304223082669e-05,0.0023157801012006307,1653160.4739486687,34.214956729258006,12.492350815586715,False,8.963425040195631e-09,viable,
1.0,0.03898059840916192,0.007124788524834609,0.0032902923751728873,0.00014066742236354578,0.00010335719097555179,0.003907509002230993,2042852.1961615589,33.21789732721924,13.405029566247737,False,1.485719206392821e-08,viable,
1.0,0.06694329500821695,0.007124788524834609,0.005650580599673793,0.00022628697898433812,0.00016499961412975417,0.006483569758548219,2384102.1268762476,32.23279286089564,15.383150011710935,False,2.4475955430078463e-08,viable,
1.0,0.11496500642493651,0.007124788524834609,0.009704019422204745,0.00036322160724548604,0.00026420378155536287,0.010788492846879681,2780269.1325438186,31.330709305947835,17.453929646669977,False,4.0429638480500273e-08,viable,
1.0,0.19743504858348215,0.007124788524834609,0.016665188874920783,0.000581670816791558,0.0004206114208615791,0.01819964230748035,3505314.929525528,30.397734004679933,18.746457973216827,False,6.696438983528673e-08,viable,
1.0,0.33906490001906203,0.007124788524834609,0.028619946864624417,0.0009292218824269147,0.0006673218918546783,0.030994738659381297,4653828.046821842,29.468129206364328,19.384429274950993,False,1.1117386304518722e-07,viable,
1.0,0.5822927957815229,0.007124788524834609,0.04915043955886875,0.0014805952963270576,0.0010551404700418754,0.053085027523760354,6406886.001273861,28.54493998285079,19.59526103471171,False,1.8477633098436755e-07,viable,
1.0,1.0,0.007124788524834609,0.08440846240060655,0.002352669450315297,0.0016637521566491436,0.09102556252253821,8959812.300236398,27.637453681947477,19.716057113029446,False,3.070799018607285e-07,viable,
1.1,0.0003,0.010431839654605691,3.064091331723831e-05,5.771364334954e-06,4.049410635888587e-06,3.375941639446243e-05,4829.726438255926,55.519401675240935,12.361114783404615,False,2.1165862149169453e-10,viable,
1.1,0.0005152047254806855,0.010431839654605691,5.2621144446950816e-05,9.595975017835237e-06,6.728626774581732e-06,5.7975336959624245e-05,5510.468991789994,54.300222562460476,12.361963590542569,False,3.5550533063332704e-10,viable,
1.1,0.0008847863638587606,0.010431839654605691,9.036887426423588e-05,1.5940278127830123e-05,1.116965783607506e-05,9.956048607174801e-05,6311.313432535026,53.09179867364832,12.36337056133915,False,5.969306940793646e-10,viable,
1.1,0.0015194870523363554,0.010431839654605691,0.0001551949035243474,2.6453527106625508e-05,2.0360315494066993e-05,0.00017097186931976818,4971.337820467092,55.244485424964296,12.366282269622005,False,1.066694611739558e-09,viable,
1.1,0.0026094896989013565,0.010431839654605691,0.0002665238255542092,4.38567039895552e-05,3.501460068178073e-05,0.000293590919848609,4941.808297395554,55.29665401321892,12.370924919272142,False,1.8335601033492996e-09,viable,
1.1,0.0044814047465571655,0.010431839654605691,0.0004577144479290614,7.263330236137387e-05,5.8724708427279535e-05,0.0005034119970952304,5399.211488254521,54.42241191417452,12.448163763955947,False,3.0974588434862577e-09,viable,
1.1,0.007696136340726084,0.010431839654605691,0.0007860554883127853,0.00012016124007755819,9.643243985768695e-05,0.0008528267086745186,6116.170027008022,52.831457114393736,13.145625950444833,False,5.140478846751968e-09,viable,
1.1,0.013216952702285688,0.010431839654605691,0.0013499316735625815,0.0001985649229756413,0.0001585407128766275,0.0014130228979684625,6309.061206683568,51.35642814207131,15.172592915190771,False,8.479572557578229e-09,viable,
1.1,0.022698121628907657,0.010431839654605691,0.0023183039243183053,0.0003277405108126199,0.0002605841948564783,0.002344819135213923,6555.093130007029,49.941058424266764,17.40407534793215,False,1.4000027873549067e-08,viable,
1.1,0.03898059840916192,0.010431839654605691,0.003981337123030693,0.0005402878428963785,0.0004281259372157077,0.003951052612187571,7252.791911865732,48.57674773263909,18.778680010013503,False,2.3238356359527684e-08,viable,
1.1,0.06694329500821695,0.010431839654605691,0.006837345665056959,0.0008895368900942819,0.0007018778348979683,0.006727403605798442,8439.026761500887,47.21133998251048,19.433556810776302,False,3.86757884204273e-08,viable,
1.1,0.11496500642493651,0.010431839654605691,0.011742109321274084,0.0014625848972035951,0.0011483070403996215,0.011526830751569704,10152.307883115527,45.851761980216565,19.61228570755178,False,6.445757515085331e-08,viable,
1.1,0.19743504858348215,0.010431839654605691,0.020165300698104037,0.002401427985800479,0.0018750801022660276,0.019766746756644336,12348.84458188233,44.50519393378727,19.726671279218312,False,1.0739272113341668e-07,viable,
1.1,0.33906490001906203,0.010431839654605691,0.03463086070134051,0.003937137070832494,0.003057409714297222,0.03393524671973275,15176.123897330473,43.18622248864301,19.752330221414173,False,1.7894487627355516e-07,viable,
1.1,0.5822927957815229,0.010431839654605691,0.05947327693597998,0.006445001384957183,0.00497892915141271,0.05827385519629939,18764.11438487593,41.89975296986859,19.758603220639174,False,2.9814754361196753e-07,viable,
1.1,1.0,0.010431839654605691,0.1021363777241277,0.010533282881202104,0.008090918808478365,0.10005422786701552,23384.701762329772,40.62668075683006,19.7760349897248,False,4.964284231723464e-07,viable,
1.2,0.0003,0.014775392497320496,3.6466221695684955e-05,1.1880590670510158e-05,8.379527092013229e-06,3.685068838190888e-05,373.0282302688857,72.76006092504873,12.362486615151612,False,3.027909896642065e-10,viable,
1.2,0.0005152047254806855,0.014775392497320496,6.262523246014397e-05,2.0003103005164746e-05,1.410087104030652e-05,6.327987729237933e-05,404.58207268516213,71.22948901144355,12.364299204106967,False,5.090264590948214e-10,viable,
1.2,0.0008847863638587606,0.014775392497320496,0.00010754938565930848,3.365515339907155e-05,2.6167691278518337e-05,0.00010868960601035448,296.63940537369564,77.4371823988389,12.368122114473428,False,9.505497101027004e-10,viable,
1.2,0.0015194870523363554,0.014775392497320496,0.0001846998390474013,5.658336929519256e-05,4.840549147340424e-05,0.00018663888092891563,220.0191738677295,84.51183157778529,12.387666437541677,False,1.7818502497212917e-09,viable,
1.2,0.0026094896989013565,0.014775392497320496,0.0003171940995758102,9.505925265909575e-05,8.160016231574794e-05,0.00031794840946483213,229.49554539137674,82.62315031880973,12.791590553635233,False,2.9835442341600975e-09,viable,
1.2,0.0044814047465571655,0.014775392497320496,0.0005447329966534949,0.0001595704223481215,0.00013581563843242277,0.0005296562444449634,230.30087163542677,79.6258414687685,14.447827002570568,False,4.88804508711936e-09,viable,
1.2,0.007696136340726084,0.014775392497320496,0.0009354967133371166,0.0002676443287834521,0.00022718334629882883,0.0008754539841344097,219.50951052608067,77.27242569009718,16.841169786696973,False,8.043404210104497e-09,viable,
1.2,0.013216952702285688,0.014775392497320496,0.0016065744246097744,0.0004485428460522738,0.0003802628760311511,0.0014674829934156032,220.79747283511293,75.10843888749719,18.553937269846497,False,1.3318474256862435e-08,viable,
1.2,0.022698121628907657,0.014775392497320496,0.0027590491179845613,0.000751060975418426,0.0006333226367061102,0.002494202084170235,239.5617123030725,72.6781767445317,19.33226658126182,False,2.2054782205151543e-08,viable,
1.2,0.03898059840916192,0.014775392497320496,0.00473825047806321,0.0012564808781450661,0.0010555464949734256,0.004268519066723978,266.42341522300325,70.4511176463285,19.595335229152894,False,3.666996919655276e-08,viable,
1.2,0.06694329500821695,0.014775392497320496,0.008137230122697599,0.002100050898509502,0.0017573203867325832,0.007318093522037885,299.7378092961047,68.2798195258556,19.720756674846527,False,6.099546758326903e-08,viable,
1.2,0.11496500642493651,0.014775392497320496,0.013974464705125268,0.0035065630815147146,0.002920276762847541,0.01256142287351236,341.3412986058186,66.11777249409556,19.752330221414173,False,1.0140983797632873e-07,viable,
1.2,0.19743504858348215,0.014775392497320496,0.02399903417381197,0.005849179988005417,0.00485102048154652,0.02156887193336585,389.8204623003997,64.0615403448237,19.75788674190921,False,1.6872063711057147e-07,viable,
1.2,0.33906490001906203,0.014775392497320496,0.04121471937773457,0.009746591062248426,0.008046188178520243,0.03702984100248174,447.58696307831565,62.03940515332817,19.7757844316901,False,2.805617154020551e-07,viable,
1.2,0.5822927957815229,0.014775392497320496,0.07078006060923074,0.01622319320370718,0.013330276904673128,0.06353440732358344,515.0351064878822,60.072550607429775,19.84324544422906,False,4.6638061235168106e-07,viable,
1.2,1.0,0.014775392497320496,0.12155407231894987,0.026972729180906416,0.022056954422092555,0.1081560155373805,577.1233823939316,58.15677272968855,20.548953041976752,False,7.731004223025746e-07,viable,
1.3,0.0003,0.020352516121683192,4.279867347186694e-05,1.8105975571314176e-05,1.360663629379446e-05,4.0028519686264234e-05,73.89882649867455,100.86945332891162,12.364142624734885,False,4.5597725561756615e-10,viable,
1.3,0.0005152047254806855,0.020352516121683192,7.350026272336902e-05,3.068559292142932e-05,2.5591572131473033e-05,6.883818376580961e-05,51.351574624590796,120.7371881919954,12.367939593161593,False,9.38656451354675e-10,viable,
1.3,0.0008847863638587606,0.020352516121683192,0.00012622560893050519,5.200708893751505e-05,4.7493953925981474e-05,0.0001183900723988501,37.61071447886637,139.41511683192687,12.382502578173021,False,1.8644319658320352e-09,viable,
1.3,0.0015194870523363554,0.020352516121683192,0.00021677343399224423,8.815489550783879e-05,7.995897767910197e-05,0.0002017534239607765,39.53355771813528,134.89178385707135,12.75477549744377,False,3.089383795912686e-09,viable,
1.3,0.0026094896989013565,0.020352516121683192,0.0003722756585049318,0.00014947094117207145,0.00013575784758584615,0.0003360314996754491,36.537054061465476,132.1562106030143,14.44603552938463,False,5.146899205306995e-09,viable,
1.3,0.0044814047465571655,0.020352516121683192,0.0006393272614772492,0.00025361500558135396,0.00022877193804736112,0.0005554412969527054,33.74894790419219,127.49344099732697,16.86961104684586,False,8.42228958833883e-09,viable,
1.3,0.007696136340726084,0.020352516121683192,0.0010979480874723487,0.00043110375609731747,0.0003864474390578101,0.0009312947650361293,32.727714453879955,123.39574103828,18.583744829533327,False,1.3889806227667461e-08,viable,
1.3,0.013216952702285688,0.020352516121683192,0.0018855601433274488,0.0007331482700993099,0.000653230841542601,0.0015827629360470308,33.46646650208812,119.5168254992325,19.36281035600775,False,2.3021112242470233e-08,viable,
1.3,0.022698121628907657,0.020352516121683192,0.003238164986734465,0.0012397677106880342,0.0011010126090441972,0.002708577040530707,35.62651525591217,115.0703931077004,19.603643420754153,False,3.8008515231254686e-08,viable,
1.3,0.03898059840916192,0.020352516121683192,0.0055610596768389895,0.0020956812890793835,0.001856425341128061,0.00464229537513216,38.10399483394026,110.90144599531016,19.725734324409263,False,6.284858310957486e-08,viable,
1.3,0.06694329500821695,0.020352516121683192,0.009550280747291792,0.003541029852900685,0.003126734573817077,0.0079660046524995,41.130649984493466,106.71809535161002,19.752330221414173,False,1.0380102934393383e-07,viable,
1.3,0.11496500642493651,0.020352516121683192,0.01640116590223981,0.005980338928863807,0.00526407327886906,0.01367287361677948,44.51467991083169,102.70029926823554,19.76020045171437,False,1.7146811843172291e-07,viable,
1.3,0.19743504858348215,0.020352516121683192,0.028166527254088795,0.010094457117824886,0.008853051603295765,0.02346488938207578,48.351693737189095,98.74466809930026,19.780304066539266,False,2.8298123795438066e-07,viable,
1.3,0.33906490001906203,0.020352516121683192,0.04837175980562349,0.01702813139374584,0.014876426834968863,0.040213606540915964,52.394629196001496,94.91739168737467,19.91451234748578,False,4.666956451907263e-07,viable,
1.3,0.5822927957815229,0.020352516121683192,0.083071197438913,0.02870378842470722,0.02497576810875749,0.06823856167647914,54.72422577351734,91.2246770207048,20.875181597538038,False,7.671269231267289e-07,viable,
1.3,1.0,0.020352516121683192,0.14266224490622315,0.04834777608851188,0.041889218597075575,0.11453293209614883,54.887216474997885,87.65858004068149,22.879123942588052,False,1.2562749252265294e-06,viable,
1.4,0.0003,0.02737760458838812,4.963853757872939e-05,2.5601202902581104e-05,2.0491348952065855e-05,4.3507472030388804e-05,19.32231610330533,138.97773829739887,12.36632378256038,False,6.828665523509249e-10,viable,
1.4,0.0005152047254806855,0.02737760458838812,8.524669708837323e-05,4.345453154433454e-05,3.675363058465343e-05,7.488404573345134e-05,16.23281460814039,145.3296514774962,12.371475864368865,False,1.2291373992168072e-09,viable,
1.4,0.0008847863638587606,0.02737760458838812,0.00014639833723850145,7.373698428074058e-05,6.486954324545531e-05,0.00012851374832179493,14.404052948571794,150.31324577346084,12.496908419518292,False,2.1854150222317757e-09,viable,
1.4,0.0015194870523363554,0.02737760458838812,0.0002514170504926365,0.0001250760611400597,0.00011231224329258751,0.0002164042083388083,12.783337839478834,151.92799446646177,13.631144279677596,False,3.7737999594105835e-09,viable,
1.4,0.0026094896989013565,0.02737760458838812,0.0004317708416007408,0.00021208448039458948,0.00019187492019561548,0.000357767078905616,11.087281917239576,150.88306337449353,16.048017206346717,False,6.36694474491453e-09,viable,
1.4,0.0044814047465571655,0.02737760458838812,0.0007415012597249139,0.00035954037755162195,0.00032491048173043455,0.0005967439501966472,10.378819568951629,148.19226238795125,18.13638817142369,False,1.064531873866588e-08,viable,
1.4,0.007696136340726084,0.02737760458838812,0.001273416509867189,0.0006094036110684482,0.0005497623402938371,0.0010102463949477549,10.402741817290954,145.55701018426248,19.201723799653124,False,1.787051718418475e-08,viable,
1.4,0.013216952702285688,0.02737760458838812,0.002186900677962324,0.0010326598295312753,0.0009299917620671308,0.0017251406799984538,10.8408167173974,143.09910416594107,19.572392147283036,False,3.009692079265752e-08,viable,
1.4,0.022698121628907657,0.02737760458838812,0.0037556718781436775,0.0017493978005028625,0.0015727661023906213,0.002954117642217229,11.446710374011014,140.8405383734106,19.71148724368278,False,5.078420727948749e-08,viable,
1.4,0.03898059840916192,0.02737760458838812,0.006449799663248477,0.002962748509064994,0.0026590747820814387,0.005064638115601118,12.160472169052229,138.82073710797727,19.752330221414173,False,8.584713464026466e-08,viable,
1.4,0.06694329500821695,0.02737760458838812,0.011076557549697818,0.0050161719276790645,0.004495721018241231,0.008687354213759258,12.942886921817198,137.1263557327893,19.75589653664406,False,1.454603306474828e-07,viable,
1.4,0.11496500642493651,0.02737760458838812,0.019022315972210258,0.008490236668079241,0.007598080586945563,0.01489954170905734,13.786863342333733,135.80355109188247,19.77327436291654,False,2.4710628108417644e-07,viable,
1.4,0.19743504858348215,0.02737760458838812,0.032667956928231476,0.014365977133728558,0.012838224195522526,0.025545157807293887,14.675252218161356,135.02738433862763,19.82387638513308,False,4.214200467399761e-07,viable,
1.4,0.33906490001906203,0.02737760458838812,0.05610228593741445,0.024299654410442524,0.021687689625571743,0.043476830257580104,15.15021607602586,135.1011242277309,20.509559123244863,False,7.217102501501007e-07,viable,
1.4,0.5822927957815229,0.02737760458838812,0.09634720941741509,0.04108769532805667,0.036630904798698634,0.07305948863043545,14.82398739131839,136.69127397902514,22.403043399843163,False,1.2452462388653832e-06,viable,
1.4,1.0,0.02737760458838812,0.165461791929098,0.06945539795476549,0.06186988719416928,0.12283109742332289,14.535170762888415,141.64032065733068,24.420780401613438,False,2.200772441130303e-06,viable,
1.5,0.0003,0.03608246199255762,5.6986152522610135e-05,3.363816617582627e-05,2.6688682440881427e-05,4.7279026277659064e-05,8.848397234397318,148.24091993540378,12.368287170592282,False,7.915436472236147e-10,viable,
1.5,0.0005152047254806855,0.03608246199255762,9.786511688870611e-05,5.724743631912562e-05,5.118622469973888e-05,8.226646691861837e-05,5.672352611927689,183.9958898185472,12.403419288714005,False,1.7103087645417412e-09,viable,
1.5,0.0008847863638587606,0.03608246199255762,0.00016806856893593656,9.739566407019874e-05,8.870657770993534e-05,0.00014019181415795968,5.2383153531681845,187.66119449975352,12.95198803193059,False,2.99414747333728e-09,viable,
1.5,0.0015194870523363554,0.03608246199255762,0.0002886324030685695,0.00016562773710489362,0.00015218224190780558,0.00023360293764236373,4.552100114790922,187.2359898401328,14.966422073333215,False,5.099261433196398e-09,viable,
1.5,0.0026094896989013565,0.03608246199255762,0.0004956825932925758,0.00028159498390135473,0.0002591406398755688,0.0003885548100689923,4.054370238243549,183.8195551050887,17.384192574773294,False,8.537349686467247e-09,viable,
1.5,0.0044814047465571655,0.03608246199255762,0.0008512600480095189,0.00047870678747139,0.0004387771069509573,0.0006548878574701218,3.9624016324838323,178.3657917826389,18.82435192913153,False,1.4148763665059592e-08,viable,
1.5,0.007696136340726084,0.03608246199255762,0.0014619106644913977,0.0008136718407061778,0.0007447291976964013,0.0011145760243998905,4.0170134206218595,174.06013941170784,19.462198333233204,False,2.362985130408231e-08,viable,
1.5,0.013216952702285688,0.03608246199255762,0.002510610941921922,0.0013827171494458122,0.001264698409773,0.001906281620370698,4.161790244099624,170.12828878355887,19.646941643510495,False,3.956392799933306e-08,viable,
1.5,0.022698121628907657,0.03608246199255762,0.0043115954037389595,0.002349115827907504,0.002145611404816626,0.0032630326607610625,4.349108502910303,166.0390808213066,19.74025899567569,False,6.614705780216539e-08,viable,
1.5,0.03898059840916192,0.03608246199255762,0.007404514421223717,0.00398984508316337,0.003637519058099184,0.005589842325580495,4.576697937300496,161.9101588095333,19.752330221414173,False,1.1050875737024197e-07,viable,
1.5,0.06694329500821695,0.03608246199255762,0.012716136065681125,0.006774536488788813,0.006164790883294098,0.009576155831226906,4.8222576603690746,157.8791967019697,19.765245809514976,False,1.8462328125875389e-07,viable,
1.5,0.11496500642493651,0.03608246199255762,0.02183804463631429,0.01149928533941513,0.010443797806729181,0.016403856461136422,5.086253267874865,153.92938855740113,19.789214610450983,False,3.0840796124212607e-07,viable,
1.5,0.19743504858348215,0.03608246199255762,0.037503545972957526,0.019511999137845678,0.017687338049121513,0.028006590110759726,5.286241132032426,150.09032629669147,20.132505123410795,False,5.148916980683772e-07,viable,
1.5,0.33906490001906203,0.03608246199255762,0.06440668035849942,0.033092492875368404,0.029939843922630632,0.04728471415292758,5.221354430357752,146.31759418182355,21.594727232182734,False,8.574232507168789e-07,viable,
1.5,0.5822927957815229,0.03608246199255762,0.11060875357740982,0.05610408852419469,0.05065764725122777,0.07943316815134524,5.045433886010607,142.63582666330876,23.71836650906429,False,1.426257539661402e-06,viable,
1.5,1.0,0.03608246199255762,0.1899538417420338,0.09508405647456572,0.08568001388193802,0.1337783725260516,4.943270818197946,139.0690535871073,25.731504080733014,False,2.3739992942490965e-06,viable,
