tag,g,chi0,status,alpha,beta_H,Treh,f_peak_est,inside_bins,total_bins,peak_log10_f,peak_log10_omega
coarse,0.8,0.001,viable,3065496428143240.0,15.403716100138354,8.183694493461225e-05,1.4235203423527674e-10,0,14,-8.7,-11.716834696777177
coarse,0.8,0.001584893192461114,viable,5672758622122236.0,14.963376437904685,0.00012970281363822438,2.1916326918698101e-10,0,14,-8.7,-11.317143215064089
coarse,0.8,0.0025118864315095794,viable,1.0770069028353048e+16,14.524906135662265,0.0002055650994841544,3.3717199683845175e-10,1,14,-8.7,-10.91756617154544
coarse,0.8,0.003981071705534973,viable,2.102184123756694e+16,14.088152421138034,0.00032579871241976763,5.18313115818632e-10,1,14,-8.7,-10.51826810805096
coarse,0.8,0.00630957344480193,viable,4.228302126084857e+16,13.652940828961848,0.0005163561318071208,7.960940110693192e-10,1,14,-8.7,-10.119628523089787
coarse,0.8,0.01,viable,8.787371911624146e+16,13.219070929380907,0.0008183692577574534,1.2216282606210277e-09,1,14,-8.7,-9.722540046825435
coarse,0.8,0.01584893192461114,viable,1.8926589409061117e+17,12.78631091565785,0.0012970277437553148,1.8727654349824054e-09,2,14,-8.7,-9.329088305974976
coarse,0.8,0.025118864315095808,viable,4.2396717971671917e+17,12.354390703137597,0.0020556501994609677,2.8678698553657712e-09,3,14,-8.7,-8.944088995791112
coarse,0.8,0.039810717055349734,physical_failure,9.917740883208351e+17,11.922994792485042,0.0032579855337043825,nan,0,14,nan,nan
coarse,0.8,0.06309573444801933,physical_failure,2.4344613151721267e+18,11.491742827530517,0.005163558184155132,nan,0,14,nan,nan
coarse,0.8,0.1,physical_failure,6.306320434696392e+18,11.060186128233338,0.008183686506125469,nan,0,14,nan,nan
coarse,0.8,0.15848931924611143,physical_failure,1.7358268078359372e+19,10.627777513803949,0.012970265904733817,nan,0,14,nan,nan
coarse,0.8,0.25118864315095824,physical_failure,5.119388740701976e+19,10.193843676262304,0.020556480593942623,nan,0,14,nan,nan
coarse,0.8,0.3981071705534973,physical_failure,1.634559954054259e+20,9.757542293968413,0.03257981673542765,nan,0,14,nan,nan
coarse,0.8,0.6309573444801936,physical_failure,5.7243543439910555e+20,9.317798724225668,0.05163551463861835,nan,0,14,nan,nan
coarse,0.8,1.0,physical_failure,2.2363096333931677e+21,8.8732090402317,0.08183675335057343,nan,0,14,nan,nan
coarse,0.8,1.584893192461114,physical_failure,9.96754601430383e+21,8.421884814545422,0.12970248488538527,nan,0,14,nan,nan
coarse,0.8,2.5118864315095824,physical_failure,5.228740457436179e+22,7.961190025675079,0.20556455979448413,nan,0,14,nan,nan
coarse,0.8,3.981071705534973,physical_failure,3.37698065342125e+23,7.4872663775025226,0.32579787664849236,nan,0,14,nan,nan
coarse,0.8,6.309573444801936,physical_failure,2.879246038679638e+24,6.994077606272243,0.5163549393468944,nan,0,14,nan,nan
coarse,0.8,10.0,physical_failure,3.6494611351856594e+25,6.471238304484927,0.8183677609308956,nan,0,14,nan,nan
coarse,0.8500000000000001,0.001,viable,535128361089.6685,20.432015925820224,8.695192393709301e-05,2.006223651993708e-10,0,14,-8.7,-11.661327653425804
coarse,0.8500000000000001,0.001584893192461114,viable,813292821230.1132,19.9210139328585,0.000137809473945996,3.1001272932571014e-10,0,14,-8.7,-11.261768716385307
coarse,0.8500000000000001,0.0025118864315095794,viable,1253479031249.0542,19.41329543528525,0.00021841321131457194,4.788145006280361e-10,1,14,-8.7,-10.86244688293584
coarse,0.8500000000000001,0.003981071705534973,viable,1960808824217.6404,18.908799672090026,0.0003461614207436215,7.391488599900951e-10,1,14,-8.7,-10.463688211640116
coarse,0.8500000000000001,0.00630957344480193,viable,3116038899266.848,18.4074593597785,0.0005486284559419761,1.140411765595616e-09,1,14,-8.7,-10.066247092638742
coarse,0.8500000000000001,0.01,viable,5035706652075.07,17.909199759557737,0.0008695165716340891,1.7585060393119682e-09,1,14,-8.7,-9.671908434941702
coarse,0.8500000000000001,0.01584893192461114,viable,8285007355928.079,17.413937596415963,0.0013780888478827627,2.7099698075322635e-09,2,14,-8.7,-9.284847639270735
coarse,0.8500000000000001,0.025118864315095808,viable,13894283676463.533,16.92157975412556,0.0021841191690436697,4.173573611389425e-09,3,14,-8.7,-8.914516583435587
coarse,0.8500000000000001,0.039810717055349734,viable,23783981086325.793,16.43202172633096,0.0034615859266833838,6.423293525136916e-09,5,14,-8.7,-8.580826067604564
coarse,0.8500000000000001,0.06309573444801933,viable,41619799769788.25,15.945145752624512,0.005486223141684376,9.87858433332291e-09,7,14,-8.7,-8.320275969292325
coarse,0.8500000000000001,0.1,viable,74580104018180.19,15.460818539949626,0.00869503320296937,1.5180915409825e-08,7,14,-8.7,-8.181977010899981
coarse,0.8500000000000001,0.15848931924611143,viable,137115483318544.61,14.97888772767908,0.013780604597427477,2.331009545460632e-08,8,14,-8.7,-8.19998651199056
coarse,0.8500000000000001,0.25118864315095824,viable,259197361871139.84,14.499181749840773,0.02184058824651803,3.5760753966013934e-08,10,14,-8.4,-8.139037993669948
coarse,0.8500000000000001,0.3981071705534973,viable,505040112611487.1,14.021500086741412,0.03461458744866458,5.480951108308144e-08,12,14,-8.225,-8.13633771779814
coarse,0.8500000000000001,0.6309573444801936,viable,1017178082584035.5,13.545612172805479,0.054859576134916946,8.391852633539997e-08,13,14,-8.0,-8.122763449165435
coarse,0.8500000000000001,1.0,viable,2124496682522058.8,13.071248924319434,0.08694484632334916,1.2834336717414167e-07,14,14,-7.772,-8.109459056724821
coarse,0.8500000000000001,1.584893192461114,viable,4618962347178077.0,12.598094373174717,0.13779484541318365,1.9604581556898093e-07,14,14,-7.561,-8.120493701845499
coarse,0.8500000000000001,2.5118864315095824,physical_failure,1.0499972125710844e+16,12.125773304958898,0.21838331595896585,nan,0,14,nan,nan
coarse,0.8500000000000001,3.981071705534973,physical_failure,2.5088269623792636e+16,11.653836209703172,0.3461010945834174,nan,0,14,nan,nan
coarse,0.8500000000000001,6.309573444801936,physical_failure,6.3406248894288104e+16,11.181737945790358,0.548508451905316,nan,0,14,nan,nan
coarse,0.8500000000000001,10.0,physical_failure,1.708069882787595e+17,10.708808207994025,0.8692817137407713,nan,0,14,nan,nan
coarse,0.9,0.001,viable,1298961407.3862607,25.913375947354208,9.206679534403431e-05,2.6941183210983514e-10,0,14,-8.7,-11.608674636782347
coarse,0.9,0.001584893192461114,viable,1766105184.070729,25.31870875255038,0.00014591582509608687,4.1719011738589363e-10,0,14,-8.7,-11.209253454250897
coarse,0.9,0.0025118864315095794,viable,2422991225.8554997,24.728330131949857,0.00023126050799053544,6.457834971004203e-10,1,14,-8.7,-10.81025941788668
coarse,0.9,0.003981071705534973,viable,3355823374.8276143,24.14221004698902,0.0003665220763257841,9.992375153992575e-10,1,14,-8.7,-10.412274770861499
coarse,0.9,0.00630957344480193,viable,4694293659.89537,23.560315559493002,0.0005808957513821218,1.54551122482491e-09,1,14,-8.7,-10.016651408642085
coarse,0.9,0.01,viable,6635805914.101417,22.982610505877688,0.0009206517846718354,2.3894034370765622e-09,1,14,-8.7,-9.626596115441483
coarse,0.9,0.01584893192461114,viable,9484530736.986206,22.409055103423725,0.001459121190473597,3.692430475091866e-09,2,14,-8.7,-9.24951102446783
coarse,0.9,0.025118864315095808,viable,13715237064.799623,21.83960551674602,0.0023125203950150166,5.703371232351142e-09,3,14,-8.7,-8.901528266967123
coarse,0.9,0.039810717055349734,viable,20079136697.00365,21.274212735278297,0.0036650278870379947,8.805166775503655e-09,5,14,-8.7,-8.614048375227068
coarse,0.9,0.06309573444801933,viable,29782010533.689983,20.71282465649915,0.005808519751134052,1.3586871858358811e-08,7,14,-8.7,-8.435072709872168
coarse,0.9,0.1,viable,41776683611.20351,20.248797917247426,0.009205507246913026,2.1051036366804163e-08,7,14,-8.7,-8.41228919468854
coarse,0.9,0.15848931924611143,viable,64269594620.00675,19.680984673470903,0.014588941028989224,3.242747053307091e-08,9,14,-8.4,-8.373302637760288
coarse,0.9,0.25118864315095824,viable,114332461939.61998,18.959218807225398,0.02312031672034448,4.9508149352914266e-08,10,14,-8.225,-8.352138891405362
coarse,0.9,0.3981071705534973,viable,181380515765.27377,18.40462687340505,0.03659919648627159,7.613935522882956e-08,14,14,-8.0,-8.350917223697394
coarse,0.9,0.6309573444801936,viable,267064144738.4513,17.93414058218445,0.05763012947514985,1.1733351887186939e-07,14,14,-7.83,-8.345742654585639
coarse,0.9,1.0,viable,411386613846.7305,17.39098827262353,0.08984623834211265,1.7934222595460575e-07,14,14,-7.634,-8.337938569698784
coarse,0.9,1.584893192461114,viable,627448910576.2742,16.84625292729436,0.13881648694763862,2.7300797098590975e-07,14,14,-7.529,-8.363242613012995
coarse,0.9,2.5118864315095824,viable,990184676084.2351,16.300485196623526,0.21481512538006653,4.1534961421939074e-07,13,14,-7.529,-8.700090864715891
coarse,0.9,3.981071705534973,viable,1638586146014.098,15.760033983625021,0.3344298933183686,6.326796130806778e-07,9,14,-7.529,-8.949721672274041
coarse,0.9,6.309573444801936,viable,2828908175722.141,15.232129548437001,0.5239983674132168,9.654480950333115e-07,5,14,-7.529,-9.258466572389825
coarse,0.9,10.0,viable,5131372841775.994,14.704985432075546,0.8247123495883879,1.4737497978276137e-06,3,14,-7.529,-9.59342672281929
coarse,0.9500000000000001,0.001,viable,16007545.696500039,31.886161754030695,9.718131127060912e-05,3.4992630692478495e-10,0,14,-8.7,-11.55883703036622
coarse,0.9500000000000001,0.001584893192461114,viable,20259154.45075009,31.19790678883305,0.00015402124871912695,5.426241253075864e-10,0,14,-8.7,-11.159601910009354
coarse,0.9500000000000001,0.0025118864315095794,viable,25803421.430862665,30.514815528903227,0.00024410546167124664,8.4116916229157e-10,1,14,-8.7,-10.761082587648579
coarse,0.9500000000000001,0.003981071705534973,viable,33083677.547817998,29.83687374029387,0.0003868769285523475,1.3035399773744515e-09,1,14,-8.7,-10.364247352955957
coarse,0.9500000000000001,0.00630957344480193,viable,42712908.37764163,29.16406544747474,0.0006131488535973631,2.0193741771424457e-09,1,14,-8.7,-9.9713730967487
coarse,0.9500000000000001,0.01,viable,55545562.4506859,28.49637285167716,0.0009717525836589409,3.127194638516995e-09,1,14,-8.7,-9.587770932543053
coarse,0.9500000000000001,0.01584893192461114,viable,58045430.15482341,28.38644071155727,0.0015400610369453317,4.9370820608553496e-09,2,14,-8.7,-9.227618402504529
coarse,0.9500000000000001,0.025118864315095808,viable,79829652.19632448,27.612240231377427,0.0024407044263177447,7.61120581702712e-09,4,14,-8.7,-8.913336723725033
coarse,0.9500000000000001,0.039810717055349734,viable,104481485.41924018,26.983313815321704,0.003867947807220035,1.1787876549859754e-08,5,14,-8.7,-8.690650817906848
coarse,0.9500000000000001,0.06309573444801933,viable,141997565.97859526,26.283132880180915,0.0061228523903337695,1.8190382029793043e-08,7,14,-8.7,-8.606800531662117
coarse,0.9500000000000001,0.1,viable,190252708.2850607,25.589287576650577,0.009633368993924488,2.8000407571598463e-08,8,14,-8.4,-8.604217430370387
coarse,0.9500000000000001,0.15848931924611143,viable,244709211.14961183,24.90171885095549,0.01496261302647992,4.289551629962992e-08,10,14,-8.4,-8.581153543118292
coarse,0.9500000000000001,0.25118864315095824,viable,306660681.75649,24.22036343880052,0.02302392181450661,6.547676017720246e-08,12,14,-8.1,-8.552901567817669
coarse,0.9500000000000001,0.3981071705534973,viable,395406489.4597268,23.545153096080185,0.03557487121833936,1.0002979759933888e-07,14,14,-7.897,-8.55191842453923
coarse,0.9500000000000001,0.6309573444801936,viable,534831904.4762056,22.876014066397943,0.055452683692840884,1.5317973143994868e-07,14,14,-7.772,-8.54177277084881
coarse,0.9500000000000001,1.0,viable,749409960.2295166,22.229683229539887,0.08712461189319139,2.3523051100507537e-07,14,14,-7.561,-8.533893520633596
coarse,0.9500000000000001,1.584893192461114,viable,1088428215.9327066,21.581128486062088,0.1374822922864038,3.614124959280666e-07,13,14,-7.529,-8.614997018351701
coarse,0.9500000000000001,2.5118864315095824,viable,1615694596.0197675,20.944217931443628,0.2175315058916973,5.555864295479718e-07,7,14,-7.529,-9.052976876278413
coarse,0.9500000000000001,3.981071705534973,viable,2435466261.608375,20.31481258745771,0.34428386871906014,8.536866120703481e-07,4,14,-7.529,-9.353952524305297
coarse,0.9500000000000001,6.309573444801936,viable,3742231414.400113,19.69262699336127,0.5454255598943089,1.3113810668093694e-06,2,14,-7.529,-9.693613213471705
coarse,0.9500000000000001,10.0,viable,5852054837.815153,19.077414197312237,0.8643419272404242,2.013391023400025e-06,0,14,-7.529,-10.047943976881037
coarse,1.0,0.001,viable,586058.3824266992,38.360574320478236,0.00010229517081604036,4.431347773531646e-10,0,14,-8.7,-11.511660668643291
coarse,1.0,0.001584893192461114,viable,705549.499720064,37.57032741619071,0.00016212493778450937,6.878502879241117e-10,0,14,-8.7,-11.112694537501538
coarse,1.0,0.0025118864315095794,viable,853444.7122166133,36.786057758519064,0.0002569459865260355,1.0674056882549618e-09,1,14,-8.7,-10.714869252528514
coarse,1.0,0.003981071705534973,viable,1037439.8952584777,36.007762972531054,0.0004072206902432508,1.6559163323079383e-09,1,14,-8.7,-10.319720463774935
coarse,1.0,0.00630957344480193,viable,959614.7849402949,36.31452504892252,0.0006453688193802414,2.6467647195831126e-09,1,14,-8.7,-9.931511984635545
coarse,1.0,0.01,viable,1087857.026504248,35.82071364400008,0.0010227682464362365,4.1376994913886715e-09,1,14,-8.7,-9.559334289748362
coarse,1.0,0.01584893192461114,viable,1434811.1782454958,34.76714800139291,0.0016206881477996856,6.3645519490258655e-09,2,14,-8.7,-9.220699877469121
coarse,1.0,0.025118864315095808,viable,1728512.191508803,34.02720283131089,0.0025579102121642294,9.858714511233353e-09,4,14,-8.7,-8.95525429989153
coarse,1.0,0.039810717055349734,viable,2058455.2999572067,33.1792886188822,0.0039871480655151725,1.5151424295467483e-08,5,14,-8.7,-8.808039783987532
coarse,1.0,0.06309573444801933,viable,2348784.451013955,32.3400408521195,0.006137801115219994,2.3179839920030956e-08,7,14,-8.7,-8.80312961860047
coarse,1.0,0.1,viable,2632813.482412908,31.591977718278486,0.009449814257610548,3.5542679561480866e-08,8,14,-8.4,-8.757736135921226
coarse,1.0,0.15848931924611143,viable,3192078.971501203,30.745953630699315,0.014687341480279784,5.446714625183906e-08,11,14,-8.225,-8.736611795903835
coarse,1.0,0.25118864315095824,viable,3955494.7732815933,29.982170437236277,0.023045330293533364,8.389890629452763e-08,12,14,-8.0,-8.72969288980318
coarse,1.0,0.3981071705534973,viable,5129403.044457294,29.178423592611583,0.03634957333844136,1.2919940439707115e-07,14,14,-7.83,-8.723677690677421
coarse,1.0,0.6309573444801936,viable,6724315.422052194,28.411777135033844,0.05751160387272611,1.9927331094674805e-07,14,14,-7.634,-8.719989320676639
coarse,1.0,1.0,viable,8959812.300236398,27.637453681947477,0.09102556252253821,3.070799018607285e-07,13,14,-7.529,-8.7272550982211
coarse,1.0,1.584893192461114,viable,12070147.701037282,26.877237932112052,0.14419951538853715,4.732291360852987e-07,10,14,-7.529,-8.906985668173757
coarse,1.0,2.5118864315095824,viable,16423132.444457762,26.12973877531033,0.22854082904083495,7.291584371189364e-07,4,14,-7.529,-9.41717047276414
coarse,1.0,3.981071705534973,viable,22613509.786582578,25.38612330856438,0.36217703966953196,1.122713453369857e-06,2,14,-7.529,-9.74611934100849
coarse,1.0,6.309573444801936,viable,31436267.747209992,24.653495663770283,0.5739138241660505,1.7279306378501408e-06,0,14,-7.529,-10.09903471877759
coarse,1.0,10.0,viable,44186329.61596218,23.929664002849904,0.9093674927356792,2.6579612448296046e-06,0,14,-7.529,-10.460922044375163
coarse,1.05,0.001,viable,46407.01252182452,45.336138769499705,0.00010740849244591972,5.49902215230289e-10,0,14,-8.7,-11.46696921077615
coarse,1.05,0.001584893192461114,viable,53835.64518828689,44.43613612065178,0.00017022665523923198,8.54227067165104e-10,0,14,-8.7,-11.068392436412287
coarse,1.05,0.0025118864315095794,viable,43591.83443914953,45.72221108286101,0.00026977840881337896,1.3930213988227e-09,1,14,-8.7,-10.671275531435327
coarse,1.05,0.003981071705534973,viable,45594.2657693481,45.44163973660887,0.00042754086507451985,2.194192026386154e-09,1,14,-8.7,-10.279361225591332
coarse,1.05,0.00630957344480193,viable,55308.830896131745,44.27068938696266,0.0006775412210089396,3.3878383086892213e-09,1,14,-8.7,-9.898092754415845
coarse,1.05,0.01,viable,62903.58816549651,43.442009685961125,0.0010702542065343138,5.26299810260883e-09,1,14,-8.7,-9.543721304999284
coarse,1.05,0.01584893192461114,viable,70743.51416266059,42.41804893575818,0.0016692541001448252,8.10125624709181e-09,3,14,-8.7,-9.24720019918418
coarse,1.05,0.025118864315095808,viable,75734.90830606074,41.40548483347573,0.002568400485104895,1.2410032475888387e-08,5,14,-8.7,-9.042816291500792
coarse,1.05,0.039810717055349734,viable,82783.00087221661,40.324561130276486,0.003951857449775223,1.8966948027635625e-08,5,14,-8.7,-8.959276850407607
coarse,1.05,0.06309573444801933,viable,92493.69153308182,39.35867885715538,0.006136035700704326,2.9140506369090647e-08,8,14,-8.4,-8.966077560485369
coarse,1.05,0.1,viable,108726.32879666133,38.38837400131467,0.009628321011799217,4.489628542328589e-08,9,14,-8.4,-8.93192524056748
coarse,1.05,0.15848931924611143,viable,131290.22235812826,37.431820605490884,0.015190223761375578,6.927705214083497e-08,11,14,-8.1,-8.902552225671169
coarse,1.05,0.25118864315095824,viable,161084.1758707594,36.49396289132767,0.02403508167491768,1.0698671423694802e-07,12,14,-7.897,-8.893666337729867
coarse,1.05,0.3981071705534973,viable,199922.7814415291,35.55210080124027,0.03804677325713997,1.6511939204872965e-07,13,14,-7.721,-8.888821668670463
coarse,1.05,0.6309573444801936,viable,249588.634999864,34.63803355569439,0.06027755623871372,2.5493643267721846e-07,13,14,-7.529,-8.884885279171806
coarse,1.05,1.0,viable,314804.32820969913,33.72663369047756,0.09553228985871991,3.9341398590057187e-07,10,14,-7.529,-8.954505476470645
coarse,1.05,1.584893192461114,viable,399542.9712956117,32.827606822763755,0.15138711587473344,6.06869833035917e-07,5,14,-7.529,-9.335180308342625
coarse,1.05,2.5118864315095824,viable,510302.41036368726,31.942490522894214,0.23988218980746906,9.358252484265299e-07,2,14,-7.529,-9.768495236112688
coarse,1.05,3.981071705534973,viable,655541.0373003244,31.066876533046187,0.3798852129930575,1.442143040139811e-06,0,14,-7.529,-10.11322308610313
coarse,1.05,6.309573444801936,viable,832052.541873274,30.202573689351194,0.5985978379667068,2.2177653529501544e-06,0,14,-7.529,-10.468665065976714
coarse,1.05,10.0,viable,1028449.9677661039,29.34927496333728,0.935019996565352,3.399102444811678e-06,0,14,-7.529,-10.821645713134195
coarse,1.1,0.001,viable,6511.722177765519,52.81975579647736,0.0001125237728281815,6.712010901614376e-10,0,14,-8.7,-11.424641232481557
coarse,1.1,0.001584893192461114,viable,5093.46431984294,55.01847224601874,0.00017833026403828145,1.1080554001613136e-09,0,14,-8.7,-11.026056182894328
coarse,1.1,0.0025118864315095794,viable,4861.699833502826,55.450150937844,0.00028261203477799045,1.7698843578523563e-09,1,14,-8.7,-10.631163328556546
coarse,1.1,0.003981071705534973,viable,5211.240848860659,54.77350650669166,0.00044753549079667656,2.7700693872351067e-09,1,14,-8.7,-10.244427145420788
coarse,1.1,0.00630957344480193,viable,6003.20089418116,53.256037752944955,0.0007044536532930625,4.2588803357582405e-09,1,14,-8.7,-9.878375692454703
coarse,1.1,0.01,viable,6248.885897435725,52.115146643899386,0.0010910198342065178,6.554659702175876e-09,1,14,-8.7,-9.557908722230714
coarse,1.1,0.01584893192461114,viable,6381.859987697003,50.865787273849605,0.0016740153484470245,1.0030455244805812e-08,3,14,-8.7,-9.304365206178305
coarse,1.1,0.025118864315095808,viable,6575.831401956808,49.76636637276499,0.0025825478843360993,1.541440577943189e-08,5,14,-8.7,-9.151219311988628
coarse,1.1,0.039810717055349734,viable,7293.824334595924,48.52010573249288,0.0040332838208001634,2.3701817185827846e-08,6,14,-8.7,-9.135145627354364
coarse,1.1,0.06309573444801933,viable,8287.17461664915,47.36158321547635,0.006345055430254333,3.6577201361720694e-08,8,14,-8.4,-9.09394295717685
coarse,1.1,0.1,viable,9663.670800991316,46.200142314773984,0.010029591040305702,5.649919573530327e-08,9,14,-8.225,-9.072911272218072
coarse,1.1,0.15848931924611143,viable,11396.338804574847,45.039022879791446,0.01587104213234548,8.724907811059208e-08,11,14,-8.0,-9.057601330174778
coarse,1.1,0.25118864315095824,viable,13525.226441284363,43.91129565496499,0.025141092793608155,1.3479487316183316e-07,12,14,-7.83,-9.045106113611247
coarse,1.1,0.3981071705534973,viable,16155.923745978565,42.80093510985239,0.039844441452902966,2.0823035504885516e-07,13,14,-7.634,-9.043778901029011
coarse,1.1,0.6309573444801936,viable,19379.16294213527,41.70935986408608,0.0631423411660646,3.2159395293433457e-07,10,14,-7.529,-9.05596247505407
coarse,1.1,1.0,viable,23384.701762329772,40.62668075683006,0.10005422786701552,4.964284231723464e-07,6,14,-7.529,-9.20841954769055
coarse,1.1,1.584893192461114,viable,28352.493934925085,39.560979708312516,0.15852814033275744,7.66070549797608e-07,2,14,-7.529,-9.777647266004406
coarse,1.1,2.5118864315095824,viable,33946.13063706893,38.5097139969588,0.25002425691964303,1.1799497922446709e-06,0,14,-7.529,-10.103255024292354
coarse,1.1,3.981071705534973,viable,39471.533429733565,37.474295894085685,0.3908929767751137,1.8115555621916813e-06,0,14,-7.529,-10.446056691035583
coarse,1.1,6.309573444801936,viable,45508.18297039774,36.45225570841148,0.6088480419339233,2.776681227695454e-06,0,14,-7.529,-10.79533860847501
coarse,1.1,10.0,viable,52900.13314497841,35.4451867625869,0.9487576522306432,4.255077313207119e-06,0,14,-7.529,-11.148227244538687
coarse,1.15,0.001,viable,955.5056676653446,66.10062753667023,0.00011765899070249137,8.783319624093165e-10,0,14,-8.7,-11.383950685412206
coarse,1.15,0.001584893192461114,viable,863.5780896133222,67.562676234175,0.00018646632304985118,1.4228521234725884e-09,1,14,-8.7,-10.986947471464708
coarse,1.15,0.0025118864315095794,viable,870.5373640130763,67.3837627195155,0.0002952263376519349,2.2483249262164124e-09,1,14,-8.7,-10.59600192767335
coarse,1.15,0.003981071705534973,viable,931.3979363875474,65.92510913664285,0.00046399062010032185,3.476433673947982e-09,1,14,-8.7,-10.222102570916359
coarse,1.15,0.00630957344480193,viable,940.4709714311979,64.37419817417833,0.000716783252461696,5.33441816597407e-09,1,14,-8.7,-9.88443963957188
coarse,1.15,0.01,viable,927.9281574252032,62.80325105905149,0.0010991068143679683,8.157850456453513e-09,1,14,-8.7,-9.59510991082892
coarse,1.15,0.01584893192461114,viable,963.6062420804436,61.078538920284586,0.0016993555688047154,1.2470795416572936e-08,3,14,-8.7,-9.379023467560584
coarse,1.15,0.025118864315095808,viable,1018.1445627655917,59.74316615753139,0.002656004171824854,1.924293124737043e-08,5,14,-8.7,-9.288508655406545
coarse,1.15,0.039810717055349734,viable,1136.0656085421647,58.1854082252704,0.004182753018602907,2.963927180680795e-08,6,14,-8.4,-9.293348600224606
coarse,1.15,0.06309573444801933,viable,1284.4182048330297,56.742896789970125,0.006615610919166609,4.577835389452822e-08,8,14,-8.4,-9.259651373802901
coarse,1.15,0.1,viable,1457.99050867221,55.345292860820905,0.010469708840942778,7.073117473503091e-08,9,14,-8.1,-9.22685748909305
coarse,1.15,0.15848931924611143,viable,1671.8634426356105,53.94651241277871,0.016585703264894495,1.0924971263351134e-07,10,14,-7.897,-9.210900962798414
coarse,1.15,0.25118864315095824,viable,1927.8193305093491,52.57200154328246,0.02628584651175697,1.6873365831386386e-07,12,14,-7.721,-9.199168495005763
coarse,1.15,0.3981071705534973,viable,2230.368362563366,51.22195306290677,0.04165334435747044,2.605398887963764e-07,10,14,-7.561,-9.19612223264447
coarse,1.15,0.6309573444801936,viable,2590.084445231888,49.89550678554622,0.06600016141747783,4.021981445352621e-07,6,14,-7.529,-9.26355267859524
coarse,1.15,1.0,viable,3008.44632856745,48.59453400530356,0.1044815040447105,6.205740831793144e-07,4,14,-7.529,-9.482902323333253
coarse,1.15,1.584893192461114,viable,3421.838954840127,47.312010848230564,0.1643354282388094,9.551508691349423e-07,0,14,-7.529,-10.089359164665655
coarse,1.15,2.5118864315095824,viable,3766.343016508851,46.050246650167985,0.256064251304507,1.465108692512371e-06,0,14,-7.529,-10.41665976083984
coarse,1.15,3.981071705534973,viable,4136.396539762705,44.81031202814734,0.39830708158695244,2.245452257789439e-06,0,14,-7.529,-10.759748728393035
coarse,1.15,6.309573444801936,viable,4622.732440599218,43.590233688718165,0.621480069605925,3.4438926609878236e-06,0,14,-7.529,-11.112647385149462
coarse,1.15,10.0,viable,4999.941031868424,42.389991467459254,0.9605365510939591,5.263623142781663e-06,0,14,-7.529,-11.458851838035395
coarse,1.2,0.001,viable,228.97539979751903,83.52268636791393,0.0001228690113560763,1.1590283965462105e-09,0,14,-8.7,-11.347015492847648
coarse,1.2,0.001584893192461114,viable,222.44560724041048,84.20444046680586,0.00019462730273507345,1.8516304823637265e-09,1,14,-8.7,-10.952789480509807
coarse,1.2,0.0025118864315095794,viable,228.95697039705058,82.8078895993656,0.0003064448651381028,2.879594656757403e-09,1,14,-8.7,-10.571405273230589
coarse,1.2,0.003981071705534973,viable,235.05031963508284,79.99408462077896,0.00047480325860773043,4.375521303662022e-09,1,14,-8.7,-10.218462467670053
coarse,1.2,0.00630957344480193,viable,222.3024650745418,78.18787355591894,0.0007275400907885012,6.7026003762385194e-09,1,14,-8.7,-9.90599162145765
coarse,1.2,0.01,viable,219.7940591487577,76.08094168182333,0.0011221214202669812,1.0243408147736777e-08,1,14,-8.7,-9.64753212560861
coarse,1.2,0.01584893192461114,viable,226.06725099641866,74.27992076063106,0.0017520597663768472,1.5771292522822854e-08,3,14,-8.7,-9.489976054018129
coarse,1.2,0.025118864315095808,viable,243.68751422431254,72.25656626455645,0.0027566826133132586,2.4254709187011164e-08,5,14,-8.7,-9.475146463819296
coarse,1.2,0.039810717055349734,viable,267.64074313231225,70.36547262724469,0.004359186170082032,3.740457849280327e-08,6,14,-8.4,-9.42877067488219
coarse,1.2,0.06309573444801933,viable,295.6978412712332,68.51479111780634,0.006897983494713841,5.768941945657828e-08,7,14,-8.225,-9.406002067929704
coarse,1.2,0.1,viable,329.6325295840164,66.67826779310816,0.01092658460927681,8.895938685066805e-08,9,14,-8.0,-9.385697534050284
coarse,1.2,0.15848931924611143,viable,369.2844600009904,64.88663154608786,0.017315954923535517,1.3719128646915705e-07,10,14,-7.83,-9.364418786218563
coarse,1.2,0.25118864315095824,viable,414.3504439911263,63.15403772325112,0.0274377805438183,2.1160146402388064e-07,9,14,-7.634,-9.355950969381542
coarse,1.2,0.3981071705534973,viable,466.6962088970546,61.44996363276789,0.04347294568071987,3.262693847338186e-07,5,14,-7.529,-9.366177706714774
coarse,1.2,0.6309573444801936,viable,525.2832919978963,59.785093518911474,0.06880826627240409,5.028489243209023e-07,4,14,-7.529,-9.509872095937576
coarse,1.2,1.0,viable,577.1233823939316,58.15677272968855,0.1081560155373805,7.731004223025746e-07,2,14,-7.529,-9.776332353771476
coarse,1.2,1.584893192461114,viable,612.2971313843115,56.56505650055976,0.1683735885687103,1.1846345850422505e-06,0,14,-7.529,-10.400204659232548
coarse,1.2,2.5118864315095824,viable,649.2062412242766,55.005989773107444,0.2618133590255553,1.8141731459265514e-06,0,14,-7.529,-10.731891068801318
coarse,1.2,3.981071705534973,viable,700.5460919527243,53.48000027358068,0.4084856370436681,2.780867661309467e-06,0,14,-7.529,-11.079467342068652
coarse,1.2,6.309573444801936,viable,713.5761711976237,51.98557235908651,0.6275513236084423,4.2399495249534376e-06,0,14,-7.529,-11.418474609323939
coarse,1.2,10.0,viable,334.29522145541677,50.51782589690391,0.7933200979632297,6.057643972494168e-06,0,14,-7.529,-11.583108654306141
coarse,1.25,0.001,viable,97.83217749968084,100.0709247779099,0.0001281682513232193,1.4486133882148822e-09,0,14,-8.7,-11.314517725415179
coarse,1.25,0.001584893192461114,viable,88.76935193471977,103.81452193527707,0.000202617094349329,2.380177235895277e-09,1,14,-8.7,-10.926103778035294
coarse,1.25,0.0025118864315095794,viable,82.47353266238646,103.93543914800318,0.0003155526516343566,3.755273914447671e-09,1,14,-8.7,-10.563244966250709
coarse,1.25,0.003981071705534973,viable,76.46823041619847,101.45479925238021,0.0004840254794844793,5.74756763871268e-09,1,14,-8.7,-10.23653378490544
coarse,1.25,0.00630957344480193,viable,72.79969774805659,98.40488923003932,0.0007441943608149832,8.747446413315195e-09,1,14,-8.7,-9.953430649976736
coarse,1.25,0.01,viable,72.96455353453973,95.44091853908299,0.0011581084191174564,1.3364456125343244e-08,1,14,-8.7,-9.747297457112799
coarse,1.25,0.01584893192461114,viable,76.10445170972847,92.56194101971003,0.0018188939561818932,2.047834237049706e-08,3,14,-8.7,-9.669637316500424
coarse,1.25,0.025118864315095808,viable,81.33177180447224,89.76621655492066,0.0028720009071520466,3.1432141513807905e-08,6,14,-8.4,-9.658643490223316
coarse,1.25,0.039810717055349734,viable,87.8151921683752,87.05166105762885,0.004543261579504917,4.827262304543225e-08,6,14,-8.225,-9.627878673394894
coarse,1.25,0.06309573444801933,viable,95.52305605281487,84.41647494686322,0.007195212071547243,7.416127874304521e-08,7,14,-8.1,-9.588679823547714
coarse,1.25,0.1,viable,104.11520753031506,81.93759418753643,0.011400549091612443,1.1405964517185598e-07,7,14,-7.897,-9.564647201310018
coarse,1.25,0.15848931924611143,viable,113.90668741614768,79.5008418477039,0.01806283476040853,1.7535360499666104e-07,7,14,-7.721,-9.541869805182815
coarse,1.25,0.25118864315095824,viable,124.93015003462642,77.13895382411806,0.028616033479926535,2.6958907420195933e-07,5,14,-7.529,-9.531203185262672
coarse,1.25,0.3981071705534973,viable,137.13113208779743,74.84866561019032,0.045310893916163816,4.1440581899896317e-07,3,14,-7.529,-9.599003061095585
coarse,1.25,0.6309573444801936,viable,147.4663112690156,72.6264178410787,0.07132645165378353,6.35792892132544e-07,2,14,-7.529,-9.80516665784212
coarse,1.25,1.0,viable,152.79710167539997,70.46906850827384,0.11115843787413186,9.722243693888078e-07,0,14,-7.529,-10.102280352319923
coarse,1.25,1.584893192461114,viable,157.16977503804395,68.37162453754786,0.17277102146027953,1.4852752060002467e-06,0,14,-7.529,-10.738953298686107
coarse,1.25,2.5118864315095824,viable,164.2372929132272,66.33542804229363,0.269360268916596,2.271317000209249e-06,0,14,-7.529,-11.074634360337013
coarse,1.25,3.981071705534973,viable,165.0951732275632,64.35556261746456,0.41554471502788387,3.4610731072810677e-06,0,14,-7.529,-11.410866830576577
coarse,1.25,6.309573444801936,viable,73.42823582870238,62.41117873869939,0.5231799834717362,4.93295156442699e-06,0,14,-7.529,-11.573751293101214
coarse,1.25,10.0,viable,79.8630448400116,60.541907049596944,0.8214346306477277,7.558972961601511e-06,0,14,-7.529,-11.928654626619382
coarse,1.3,0.001,viable,37.992227008334055,138.70614687830596,0.00013370584100983075,2.0958794724663717e-09,0,14,-8.7,-11.292234658045222
coarse,1.3,0.001584893192461114,viable,39.602573270444786,134.44833146444068,0.0002101327220951658,3.210196322008519e-09,1,14,-8.7,-10.913821344783528
coarse,1.3,0.0025118864315095794,viable,36.78529247482263,132.4406033675274,0.00032437637302749266,4.9695710709701714e-09,1,14,-8.7,-10.572967327473522
coarse,1.3,0.003981071705534973,viable,34.45488999536987,128.13592940675278,0.0004972004015366078,7.538047694475421e-09,1,14,-8.7,-10.27323955113864
coarse,1.3,0.00630957344480193,viable,32.79349903100667,124.97890373937538,0.0007687792876378864,1.1559829393530578e-08,1,14,-8.7,-10.039296190756268
coarse,1.3,0.01,viable,33.038120161159625,121.29368373517478,0.0012025352678433623,1.7702546946475817e-08,1,14,-8.7,-9.913359209911665
coarse,1.3,0.01584893192461114,physical_failure,nan,nan,nan,nan,0,14,nan,nan
coarse,1.3,0.025118864315095808,viable,36.06068376984371,114.28648000178043,0.00299612863672743,4.176715000074884e-08,5,14,-8.4,-9.862356229262545
coarse,1.3,0.039810717055349734,viable,38.21175309770942,110.73991905624325,0.004740955639255756,6.409182478079864e-08,6,14,-8.225,-9.83637191927722
coarse,1.3,0.06309573444801933,viable,40.727148797962016,107.2346562300339,0.007508600533147466,9.831441575848245e-08,6,14,-8.0,-9.803053269246071
coarse,1.3,0.1,viable,43.594237373724845,103.74099043052354,0.01189501059178996,1.5067927853251087e-07,6,14,-7.83,-9.775028246679433
coarse,1.3,0.15848931924611143,viable,46.73931818886377,100.33640831464652,0.01884178078629269,2.3087208651176423e-07,4,14,-7.634,-9.750338128100486
coarse,1.3,0.25118864315095824,viable,50.20791742720133,97.0249414093729,0.02984297467771512,3.5366995351502145e-07,3,14,-7.529,-9.76129906802952
coarse,1.3,0.3981071705534973,viable,53.28926373617553,93.80796864201102,0.04709962583859735,5.410837746277485e-07,2,14,-7.529,-9.916341379207505
coarse,1.3,0.6309573444801936,viable,54.63661678179648,90.68728580321306,0.07365811373790587,8.252889096682951e-07,0,14,-7.529,-10.169845782696212
coarse,1.3,1.0,viable,54.887216474997885,87.65858004068149,0.11453293209614883,1.2562749252265294e-06,0,14,-7.529,-10.491260495829918
coarse,1.3,1.584893192461114,viable,55.504079898845454,84.7328912736458,0.17825563476346587,1.912929008517667e-06,0,14,-7.529,-11.134783851470836
coarse,1.3,2.5118864315095824,viable,55.725046452245394,81.9013412292122,0.2767263835221662,2.9102828152786776e-06,0,14,-7.529,-11.464731202097143
coarse,1.3,3.981071705534973,viable,23.22969319451576,79.07996740220824,0.3464343001795377,4.1336221116221465e-06,0,14,-7.529,-11.627349377125883
coarse,1.3,6.309573444801936,viable,24.693482160282723,76.44700354460099,0.544370654024543,6.31255820743765e-06,0,14,-7.529,-11.976062249127105
coarse,1.3,10.0,viable,25.966982889808513,73.90168163739474,0.8524667409438428,9.629902023172466e-06,0,14,-7.529,-12.32264794635234
coarse,1.35,0.001,viable,25.019390678408325,150.6449874800495,0.00013917142048253792,2.3708896587155606e-09,0,14,-8.7,-11.270625620679686
coarse,1.35,0.001584893192461114,viable,22.834139956507297,150.41173768599944,0.00021754500357006363,3.736834024420968e-09,1,14,-8.7,-10.906215024657303
coarse,1.35,0.0025118864315095794,viable,20.405463900193634,150.5001019697545,0.0003341192096133225,5.869082429634019e-09,1,14,-8.7,-10.584849838971522
coarse,1.35,0.003981071705534973,viable,18.909329647626084,151.42682877828406,0.0005133502529266575,9.268456358400687e-09,1,14,-8.7,-10.319557583343935
coarse,1.35,0.00630957344480193,viable,18.346773539942177,153.79734315692417,0.0007977643977036524,1.48258099683716e-08,1,14,-8.7,-10.159673114839467
coarse,1.35,0.01,viable,18.57141216944138,159.1597394755837,0.0012522072208832756,2.423583931488988e-08,1,14,-8.7,-10.184032310151316
coarse,1.35,0.01584893192461114,viable,19.211537062751727,172.75550048988464,0.001976155727810761,4.1621243245246704e-08,2,14,-8.4,-10.233768772330334
coarse,1.35,0.025118864315095808,viable,20.05355859069584,294.6271799467439,0.0031250721810912574,1.1237897708898626e-07,1,14,-7.897,-10.689908060929355
coarse,1.35,0.039810717055349734,viable,20.86274406997703,130.46602580173783,0.004948010166567956,7.88193905170204e-08,4,14,-8.1,-9.98920081381556
coarse,1.35,0.06309573444801933,viable,22.175714248120563,127.51970735362761,0.007836266116660159,1.2201395995547588e-07,4,14,-7.897,-9.967373015292466
coarse,1.35,0.1,viable,22.508998378698724,126.78395711063217,0.012416094426079292,1.922245570084529e-07,3,14,-7.721,-9.963191121650683
coarse,1.35,0.15848931924611143,viable,23.834692998405554,123.96341991826887,0.01966212001730604,2.9767916585386463e-07,3,14,-7.529,-9.948467043689726
coarse,1.35,0.25118864315095824,viable,25.18891347770304,120.94300659060764,0.03111411843448778,4.5989057207918173e-07,1,14,-7.529,-10.047087631944324
coarse,1.35,0.3981071705534973,viable,25.956540502389256,117.678506193144,0.04891753615559603,7.071715830322478e-07,0,14,-7.529,-10.281147109935311
coarse,1.35,0.6309573444801936,viable,25.693646402352993,114.23697698286617,0.07614028272133112,1.0815463306283177e-06,0,14,-7.529,-10.577737055967866
coarse,1.35,1.0,viable,25.303556255452477,110.67479102861455,0.11831595603016037,1.6499541350325865e-06,0,14,-7.529,-10.927432269435887
coarse,1.35,1.584893192461114,viable,25.322314750192124,107.05346606326316,0.18447811622604593,2.515681764917726e-06,0,14,-7.529,-11.578127974879349
coarse,1.35,2.5118864315095824,viable,23.37979845818956,103.40352187881761,0.28195687794571606,3.8068376663615943e-06,0,14,-7.529,-11.898424285107973
coarse,1.35,3.981071705534973,viable,10.419375722091686,99.57737914487552,0.36283067377382694,5.465526928308952e-06,0,14,-7.529,-12.10413676933742
coarse,1.35,6.309573444801936,viable,10.772999866622932,96.04087376065706,0.5689837165016123,8.321169470503227e-06,0,14,-7.529,-12.447040905930416
coarse,1.35,10.0,viable,11.01253800956735,92.57380539330029,0.8893374976213929,1.2649444330086122e-05,0,14,-7.529,-12.787534959564324
coarse,1.4,0.001,viable,14.420572228538544,149.74074271034962,0.00014485837016761625,2.458349684672894e-09,0,14,-8.7,-11.261090866292651
coarse,1.4,0.001584893192461114,viable,12.696092992782692,151.71205240423546,0.0002251205515822061,3.927495627046502e-09,1,14,-8.7,-10.908083379592151
coarse,1.4,0.0025118864315095794,viable,11.172732242347006,151.0823716302383,0.0003453396140094795,6.141910985547547e-09,1,14,-8.7,-10.595127010484545
coarse,1.4,0.003981071705534973,viable,10.457946939142333,148.79171281172884,0.0005327521813642009,9.509697353581891e-09,1,14,-8.7,-10.32904614080068
coarse,1.4,0.00630957344480193,viable,10.347167831803961,146.5054852855161,0.0008317729467119334,1.4768485400840754e-08,1,14,-8.7,-10.15401401187416
coarse,1.4,0.01,viable,10.57951767419708,144.3435865558342,0.0013081728773190293,2.2994613672798357e-08,1,14,-8.7,-10.12468867784806
coarse,1.4,0.01584893192461114,viable,11.046949973195874,142.31708577779045,0.0020669984544043484,3.587393560667291e-08,2,14,-8.4,-10.099419750651473
coarse,1.4,0.025118864315095808,viable,11.575923031902313,140.44242196138157,0.0032681009210160502,5.602695010194084e-08,2,14,-8.225,-10.08321700712208
coarse,1.4,0.039810717055349734,viable,12.190413440518647,138.74761436031235,0.005172251714855751,8.762503728000507e-08,3,14,-8.0,-10.073440910631303
coarse,1.4,0.06309573444801933,viable,12.852706457107358,137.29952063106055,0.00818922478966544,1.3729122194149254e-07,3,14,-7.83,-10.057786345094332
coarse,1.4,0.1,viable,13.563260482821974,136.10068053105806,0.012964560592039034,2.1547561459026766e-07,3,14,-7.634,-10.047724507533026
coarse,1.4,0.15848931924611143,viable,14.316604682772772,135.26197639669135,0.020523425863148093,3.390644345717407e-07,2,14,-7.529,-10.05953081187891
coarse,1.4,0.25118864315095824,viable,14.964167287204743,134.92830854390547,0.03241112946394649,5.351631837768081e-07,0,14,-7.529,-10.232837201563923
coarse,1.4,0.3981071705534973,viable,15.138281179882979,135.36766674070577,0.05078734279185849,8.476170880894544e-07,0,14,-7.529,-10.544903462745905
coarse,1.4,0.6309573444801936,viable,14.800603007439848,137.13713258073312,0.07894075387541237,1.352458687271622e-06,0,14,-7.529,-10.929714111739031
coarse,1.4,1.0,viable,14.535170762888415,141.64032065733068,0.12283109742332289,2.200772441130303e-06,0,14,-7.529,-11.405590543508222
coarse,1.4,1.584893192461114,viable,14.190136253081699,154.26568586778444,0.19088290830898128,3.775058427511811e-06,0,14,-7.529,-12.256476103025886
coarse,1.4,2.5118864315095824,viable,9.236256395714134,191.57292574345774,0.2699471773999795,7.19455719728769e-06,0,14,-7.529,-12.967490355457366
coarse,1.4,3.981071705534973,viable,6.003642420991772,114.73914893511504,0.3809052023638055,6.626307639965114e-06,0,14,-7.529,-12.444327062743819
coarse,1.4,6.309573444801936,viable,5.828507818592192,113.97784192546114,0.597221550588668,1.0402310256706685e-05,0,14,-7.529,-12.84388444423468
coarse,1.4,10.0,viable,5.720341012843585,112.48500482307122,0.9346294017017361,1.62095946408897e-05,0,14,-7.529,-13.229923834514027
coarse,1.45,0.001,viable,7.96498816942122,168.5601933562424,0.00015110921899418736,2.897650536634816e-09,0,14,-8.7,-11.272611575393528
coarse,1.45,0.001584893192461114,viable,7.129516607085685,168.10141906034914,0.00023335489230454022,4.5503453413339136e-09,1,14,-8.7,-10.935137889398897
coarse,1.45,0.0025118864315095794,viable,6.4865089363153015,165.02266416051722,0.0003585857151777474,7.021327202913543e-09,1,14,-8.7,-10.634859754846005
coarse,1.45,0.003981071705534973,viable,6.164889553689271,161.89780355632877,0.000556030628275115,1.0850617735606092e-08,1,14,-8.7,-10.390708977410174
coarse,1.45,0.00630957344480193,viable,6.159761593609884,158.74837364121674,0.0008710745423565168,1.6797709647942544e-08,1,14,-8.7,-10.251472137908493
coarse,1.45,0.01,viable,6.363043725165902,155.351693805315,0.0013724318883486747,2.5982338719126223e-08,1,14,-8.7,-10.260297977727255
coarse,1.45,0.01584893192461114,viable,6.611074153424416,152.50435371129356,0.002168558478262487,4.034919218115136e-08,2,14,-8.4,-10.204189931033781
coarse,1.45,0.025118864315095808,viable,6.904399629230312,149.66033132841972,0.003428824262571162,6.264871603712857e-08,2,14,-8.225,-10.18547274164542
coarse,1.45,0.039810717055349734,viable,7.242904489595921,146.86049084913577,0.005425092805889255,9.728260383944494e-08,3,14,-8.0,-10.16140826183752
coarse,1.45,0.06309573444801933,viable,7.611847047259667,144.12310463188757,0.008584823760350161,1.5108163682360037e-07,2,14,-7.83,-10.141737664390647
coarse,1.45,0.1,viable,8.005358208867472,141.4595620628347,0.013583847610420094,2.34671229465034e-07,2,14,-7.596,-10.121454611973123
coarse,1.45,0.15848931924611143,viable,8.418034898946948,138.9147081785751,0.02149230601949364,3.6469857557021035e-07,1,14,-7.529,-10.136022660121101
coarse,1.45,0.25118864315095824,viable,8.681334288681951,136.43500949184784,0.0338449718986041,5.66172237139802e-07,0,14,-7.529,-10.311944051174203
coarse,1.45,0.3981071705534973,viable,8.594827805194495,134.04925366450016,0.05279565457899971,8.771294564477685e-07,0,14,-7.529,-10.600236528068212
coarse,1.45,0.6309573444801936,viable,8.389736272547237,131.77667963685735,0.08207474051450354,1.3583941923702348e-06,0,14,-7.529,-10.938922592595906
coarse,1.45,1.0,viable,8.290750705418656,129.64116740154452,0.12791525319958735,2.1066534803057678e-06,0,14,-7.529,-11.342196309896918
coarse,1.45,1.584893192461114,viable,7.904773133222142,127.63897777627164,0.19770422669891205,3.2627022740455468e-06,0,14,-7.529,-12.00836260476544
coarse,1.45,2.5118864315095824,viable,3.3264560539442143,125.54057502497074,0.25715167736493233,4.877218589599432e-06,0,14,-7.529,-12.338799909068877
coarse,1.45,3.981071705534973,viable,3.3982622424818394,123.99472644318621,0.40321045728639066,7.6012395170239315e-06,0,14,-7.529,-12.718575707344424
coarse,1.45,6.309573444801936,viable,3.434856056073787,122.72635056237391,0.6307628238212828,1.1867381834107205e-05,0,14,-7.529,-13.104577977876783
coarse,1.45,10.0,viable,3.458080851370475,121.84018789511697,0.985764440735329,1.858090990860997e-05,0,14,-7.529,-13.495695298785257
coarse,1.5,0.001,viable,5.201591298283538,185.874019233637,0.0001575206671923302,3.345892276611766e-09,0,14,-8.7,-11.29145380003538
coarse,1.5,0.001584893192461114,viable,4.510507212843718,186.77372371877254,0.0002429254917893007,5.301768625847506e-09,1,14,-8.7,-10.974624474821997
coarse,1.5,0.0025118864315095794,viable,4.073971609202201,184.14706417024718,0.00037469313823895777,8.236284050408985e-09,1,14,-8.7,-10.697897727196215
coarse,1.5,0.003981071705534973,viable,3.9713318828279403,179.26032913233314,0.0005834183838391901,1.2643090679528797e-08,1,14,-8.7,-10.482722789763972
coarse,1.5,0.00630957344480193,viable,3.9860543958763164,175.50825437113815,0.0009160250190603065,1.9554882975973984e-08,1,14,-8.7,-10.392911974830131
coarse,1.5,0.01,viable,4.062579264479919,172.5291931082182,0.0014452633044982535,3.0401348335989145e-08,1,14,-8.4,-10.401071042769404
coarse,1.5,0.01584893192461114,viable,4.210293933959245,168.87488895798697,0.0022828328886629456,4.7054484034843337e-08,1,14,-8.4,-10.370096264134217
coarse,1.5,0.025118864315095808,viable,4.388486707959085,165.2574907276403,0.003609005892582829,7.282300907683762e-08,2,14,-8.1,-10.329191477807687
coarse,1.5,0.039810717055349734,viable,4.586030171154781,161.75128000280378,0.005708361000187133,1.1274108118300059e-07,2,14,-7.897,-10.305911150241922
coarse,1.5,0.06309573444801933,viable,4.794562567713442,158.31567615057907,0.00902822605850268,1.745378426613329e-07,2,14,-7.721,-10.279130303917908
coarse,1.5,0.1,viable,5.015627811271578,154.95045999706747,0.01427815133184247,2.7020646579972353e-07,1,14,-7.561,-10.254386541470536
coarse,1.5,0.15848931924611143,viable,5.232066943956696,151.64226132887393,0.022562209261992185,4.182091465669423e-07,0,14,-7.529,-10.30353696055767
coarse,1.5,0.25118864315095824,viable,5.304265670680408,148.40333688515273,0.03543104641465157,6.464368865581167e-07,0,14,-7.529,-10.515514386757483
coarse,1.5,0.3981071705534973,viable,5.1644733859828085,145.21282657187837,0.05514913182701722,9.97200435925414e-07,0,14,-7.529,-10.818945107798786
coarse,1.5,0.6309573444801936,viable,5.025016927076833,142.1000137661821,0.08580684688460036,1.538241376557833e-06,0,14,-7.529,-11.16355492116825
coarse,1.5,1.0,viable,4.943270818197946,139.0690535871073,0.1337783725260516,2.3739992942490965e-06,0,14,-7.529,-11.57169472346552
coarse,1.5,1.584893192461114,viable,4.389734959897636,136.05102836663718,0.20410424573726113,3.6472059777141644e-06,0,14,-7.529,-12.220367232025783
coarse,1.5,2.5118864315095824,viable,2.002166054174025,132.54516548141737,0.27480822091675405,5.514199808185102e-06,0,14,-7.529,-12.614754106628821
coarse,1.5,3.981071705534973,viable,2.030716478218405,129.81480975031445,0.43055420315888016,8.519925281567907e-06,0,14,-7.529,-12.980218202068869
coarse,1.5,6.309573444801936,viable,2.0339707041886497,127.16691889087883,0.6729048648701299,1.3165057213545049e-05,0,14,-7.529,-13.349778493199706
coarse,1.5,10.0,viable,2.0491613279123095,124.62491372289719,1.0523984190443265,2.0349413928035065e-05,0,14,-7.529,-13.718489376222683
fine,0.95,0.1,viable,190252708.28210986,25.589287576650577,0.009633368993923192,2.8000407571597202e-08,8,14,-8.4,-8.604217430370412
fine,0.95,0.12589254117941673,viable,216805998.2074262,25.244722510961992,0.012024371034406777,3.467673105892462e-08,9,14,-8.4,-8.573311095389602
fine,0.95,0.15848931924611134,viable,244709211.11670807,24.90171885119707,0.014962613026443498,4.2895516300011255e-08,10,14,-8.4,-8.58115354312735
fine,0.95,0.19952623149688797,viable,273742191.1370995,24.56026861764826,0.018564076313286434,5.300347211778875e-08,10,14,-8.225,-8.556163330545644
fine,0.95,0.251188643150958,viable,306660681.7669156,24.220363438715257,0.0230239218145179,6.547676017698261e-08,12,14,-8.1,-8.552901567814995
fine,0.95,0.31622776601683794,viable,346711351.5989569,23.881994605758905,0.0285994833401071,8.091643695518753e-08,13,14,-8.0,-8.55198653219692
fine,0.95,0.3981071705534973,viable,395406489.5012375,23.545153095867022,0.03557487121838403,1.0002979759847513e-07,14,14,-7.897,-8.551918424532621
fine,0.95,0.5011872336272724,viable,458062219.20148045,23.20982952025474,0.04438992388849464,1.2376946388967797e-07,14,14,-7.83,-8.544773834590496
fine,0.95,0.6309573444801934,viable,534831904.48558545,22.87601406636952,0.05545268369284651,1.5317973143976352e-07,14,14,-7.772,-8.541772770847768
fine,0.95,0.7943282347242815,viable,634554038.3009627,22.5436965058492,0.06949176094094277,1.897505283712701e-07,14,14,-7.675,-8.537115427975419
fine,0.95,1.0,viable,749409960.2441859,22.229683229539887,0.08712461189319982,2.352305110050829e-07,14,14,-7.561,-8.533893520633601
fine,0.95,1.2589254117941675,viable,903763753.4776758,21.89820881490334,0.10940559447641869,2.9147536977491e-07,14,14,-7.529,-8.54397034595579
fine,0.95,1.584893192461114,viable,1088428215.9762692,21.58112848599103,0.13748229228641268,3.614124959268844e-07,13,14,-7.529,-8.614997018348042
fine,0.95,1.9952623149688797,viable,1321618988.8271227,21.261715315006313,0.17286333174131294,4.480701552109919e-07,10,14,-7.529,-8.927288140187544
fine,0.95,2.511886431509581,viable,1615694596.053672,20.944217931401,0.21753150589170003,5.55586429546843e-07,7,14,-7.529,-9.0529768762755
fine,0.95,3.1622776601683795,viable,1979884592.939254,20.628596019477644,0.2736602863299604,6.887374351667616e-07,6,14,-7.529,-9.196902874578464
fine,0.95,3.981071705534973,viable,2435466261.8453016,20.314812587315597,0.34428386871906835,8.536866120643827e-07,4,14,-7.529,-9.353952524294534
fine,0.95,5.011872336272725,viable,3013212008.8764606,20.002833494501715,0.43334496839737086,1.0581555926343995e-06,3,14,-7.529,-9.52088728769585
fine,0.95,6.309573444801933,viable,3742231413.6927648,19.692626993602858,0.5454255598942724,1.3113810668254277e-06,2,14,-7.529,-9.693613213491135
fine,0.95,7.943282347242818,viable,4668747961.260536,19.38416330074233,0.6865711972705035,1.6250086567381119e-06,1,14,-7.529,-9.869879832749108
fine,0.95,10.0,viable,5852054838.512624,19.07741419717013,0.8643419272404241,2.013391023385027e-06,0,14,-7.529,-10.047943976869066
fine,0.975,0.1,viable,19825260.62197916,28.468484655562065,0.009554698843563083,3.160855947126463e-08,8,14,-8.4,-8.677979082710124
fine,0.975,0.12589254117941673,viable,21730301.114304274,28.07407376447202,0.011845064121814592,3.904084962079238e-08,9,14,-8.4,-8.663104410144095
fine,0.975,0.15848931924611134,viable,23651497.16174992,27.7194629888271,0.014704841144908923,4.8302870776341587e-08,11,14,-8.225,-8.657200466063747
fine,0.975,0.19952623149688797,viable,25831564.139106363,27.378659673161113,0.018283693254979465,5.981381594515428e-08,11,14,-8.225,-8.648525765013027
fine,0.975,0.251188643150958,viable,29381031.461098745,26.97989760677899,0.022811615785593868,7.398215836179199e-08,12,14,-8.1,-8.638599346864464
fine,0.975,0.31622776601683794,viable,33067672.95292886,26.62856382302436,0.028502767776252935,9.169481373369381e-08,13,14,-8.0,-8.637302572352112
fine,0.975,0.3981071705534973,viable,37740600.27707135,26.276703724789737,0.03570894402625319,1.1372725855991504e-07,14,14,-7.897,-8.6363205509939
fine,0.975,0.5011872336272724,viable,43344438.63674182,25.9249487856863,0.04477196740363638,1.410656637774723e-07,14,14,-7.83,-8.636390094228856
fine,0.975,0.6309573444801934,viable,50643322.66311686,25.55841141902704,0.05623604248972328,1.749471169955128e-07,14,14,-7.721,-8.632733826960933
fine,0.975,0.7943282347242815,viable,59167126.8248449,25.206399263723256,0.07068803624991138,2.1710048798031032e-07,14,14,-7.596,-8.628464507792634
fine,0.975,1.0,viable,69474409.5514613,24.85589204438554,0.08890305720323098,2.694239931953975e-07,14,14,-7.529,-8.626915754372801
fine,0.975,1.2589254117941675,viable,82052736.03086771,24.504901537525825,0.11186598027307558,3.3433896107356535e-07,13,14,-7.529,-8.66141966358182
fine,0.975,1.584893192461114,viable,97002992.4052182,24.156092525871035,0.14069941173123002,4.147873096222579e-07,13,14,-7.529,-8.758145072887753
fine,0.975,1.9952623149688797,viable,115283231.36784266,23.809393844771876,0.17707389889798242,5.146372344369633e-07,7,14,-7.529,-9.098442147184986
fine,0.975,2.511886431509581,viable,137549200.81244954,23.463482739359165,0.22287330093130012,6.384298335602802e-07,5,14,-7.529,-9.236168386182502
fine,0.975,3.1622776601683795,viable,164450850.52348194,23.121553104544997,0.2805223476464339,7.919677676123011e-07,4,14,-7.529,-9.389314517285085
fine,0.975,3.981071705534973,viable,197372103.36357203,22.781727430071896,0.3531567119387041,9.823746681299161e-07,3,14,-7.529,-9.553381861322853
fine,0.975,5.011872336272725,viable,237795309.41379476,22.442662819088355,0.444597958909577,1.2183298590875722e-06,2,14,-7.529,-9.725009610686843
fine,0.975,6.309573444801933,viable,287491953.9798097,22.10503724586488,0.5596982390952854,1.5106965814180266e-06,1,14,-7.529,-9.900724443470367
fine,0.975,7.943282347242818,viable,348335365.275906,21.77125076221387,0.7045754335663525,1.873098261518354e-06,0,14,-7.529,-10.079460370177955
fine,0.975,10.0,viable,423950687.3989931,21.437610035675903,0.8869435736511084,2.3218975085062555e-06,0,14,-7.529,-10.259391843840852
fine,1.0,0.1,viable,2632813.482412908,31.591977718278486,0.009449814257610548,3.5542679561480866e-08,8,14,-8.4,-8.757736135921226
fine,1.0,0.12589254117941673,viable,2886263.1474470613,31.164790975566344,0.011768367622763846,4.3981349659818023e-08,10,14,-8.4,-8.759388467956853
fine,1.0,0.15848931924611134,viable,3192078.9715406625,30.745953630656686,0.01468734148028175,5.446714625176596e-08,11,14,-8.225,-8.736611795902714
fine,1.0,0.19952623149688797,viable,3523590.108190879,30.37949540218676,0.0183884030561446,6.762814599931887e-08,11,14,-8.1,-8.733777412104898
fine,1.0,0.251188643150958,viable,3955494.7732222215,29.982170437264696,0.023045330293531657,8.3898906294605e-08,12,14,-8.0,-8.729692889803887
fine,1.0,0.31622776601683794,viable,4478407.650672836,29.587251311809837,0.028929181773710032,1.041315310040631e-07,13,14,-7.897,-8.72964108901343
fine,1.0,0.3981071705534973,viable,5129403.044457294,29.178423592611583,0.03634957333844136,1.2919940439707115e-07,14,14,-7.83,-8.723677690677421
fine,1.0,0.5011872336272724,viable,5857067.496600748,28.794311326322486,0.04570443809922759,1.6044458582200644e-07,14,14,-7.772,-8.722893019357699
fine,1.0,0.6309573444801934,viable,6724315.422154944,28.411777134962787,0.05751160387272666,1.9927331094625028e-07,14,14,-7.634,-8.719989320674657
fine,1.0,0.7943282347242815,viable,7750904.662722671,28.021978582358997,0.07233804967358125,2.473545887138063e-07,14,14,-7.561,-8.715974953981084
fine,1.0,1.0,viable,8959812.300236398,27.637453681947477,0.09102556252253821,3.070799018607285e-07,13,14,-7.529,-8.7272550982211
fine,1.0,1.2589254117941675,viable,10387920.617971173,27.25605007546505,0.11456855031177665,3.8122698245143086e-07,13,14,-7.529,-8.787340545478148
fine,1.0,1.584893192461114,viable,12070147.701037282,26.877237932112052,0.14419951538853715,4.732291360852987e-07,10,14,-7.529,-8.906985668173757
fine,1.0,1.9952623149688797,viable,14048558.329905475,26.5047144649202,0.18153643376152137,5.875028374317203e-07,5,14,-7.529,-9.269763643464376
fine,1.0,2.511886431509581,viable,16423132.444642147,26.129738775281908,0.22854082904083484,7.291584371181431e-07,4,14,-7.529,-9.417170472762479
fine,1.0,3.1622776601683795,viable,19244218.754805665,25.75717071231054,0.2877059687112688,9.048571398120148e-07,3,14,-7.529,-9.577226523620098
fine,1.0,3.981071705534973,viable,22613509.786582578,25.38612330856438,0.36217703966953196,1.122713453369857e-06,2,14,-7.529,-9.74611934100849
fine,1.0,5.011872336272725,viable,26627234.588291924,25.018645191281053,0.4559185100923174,1.3929165522606303e-06,1,14,-7.529,-9.921191963902789
fine,1.0,6.309573444801933,viable,31436267.746791735,24.653495663770286,0.5739138241660492,1.7279306378501389e-06,0,14,-7.529,-10.099034718777588
fine,1.0,7.943282347242818,viable,37226324.511246964,24.289977195252273,0.7224336574700199,2.1431800907650754e-06,0,14,-7.529,-10.279408512776683
fine,1.0,10.0,viable,44186329.61596218,23.929664002849904,0.9093674927356792,2.6579612448296046e-06,0,14,-7.529,-10.460922044375163
fine,1.025,0.1,viable,475384.43666322704,34.868802033159334,0.009484689473769391,3.99294847747895e-08,9,14,-8.4,-8.84080487079695
fine,1.025,0.12589254117941673,viable,523359.7289514737,34.421656228460044,0.011880668054167336,4.9540571263899e-08,10,14,-8.225,-8.834871544708147
fine,1.025,0.15848931924611134,viable,578591.1683369923,33.97690869449832,0.014890935430482437,6.147145178196773e-08,11,14,-8.225,-8.8228547323878
fine,1.025,0.19952623149688797,viable,637006.8197614047,33.58238364967292,0.018697237569097986,7.642221180040817e-08,11,14,-8.1,-8.813665765690555
fine,1.025,0.251188643150958,viable,717252.09636418,33.12852080038908,0.023499662474625944,9.485746386023803e-08,12,14,-8.0,-8.808469141210589
fine,1.025,0.31622776601683794,viable,806191.6557834569,32.699409148278846,0.029554617130468995,1.1783218455493619e-07,13,14,-7.897,-8.80770568125938
fine,1.025,0.3981071705534973,viable,909442.7124757405,32.272278796824594,0.03718528522604593,1.4637567349323146e-07,13,14,-7.772,-8.807987310152447
fine,1.025,0.5011872336272724,viable,1026086.0114516787,31.84785185916894,0.04676727985524156,1.8179268618829356e-07,14,14,-7.675,-8.806605370058621
fine,1.025,0.6309573444801934,viable,1163384.9231366918,31.42623530648336,0.058864407005134414,2.258181436833395e-07,14,14,-7.596,-8.803167312642294
fine,1.025,0.7943282347242815,viable,1321394.484592869,31.006996949500376,0.07408737381739951,2.804723046863906e-07,13,14,-7.529,-8.801990838989012
fine,1.025,1.0,viable,1504416.0942392827,30.590517476113632,0.09325856881750798,3.483361992722069e-07,13,14,-7.529,-8.83695117079011
fine,1.025,1.2589254117941675,viable,1717032.820848739,30.17663804183712,0.11740557973601379,4.3259613005880525e-07,10,14,-7.529,-8.921605022920179
fine,1.025,1.584893192461114,viable,1963603.9059240688,29.76533621939836,0.14780392869816789,5.371822374174353e-07,7,14,-7.529,-9.059909991409228
fine,1.025,1.9952623149688797,viable,2249746.0322892037,29.356590618093037,0.18606283047374303,6.669721166255736e-07,4,14,-7.529,-9.4396839605988
fine,1.025,2.511886431509581,viable,2582933.2430058704,28.950380744049653,0.23422198792613227,8.280292600295771e-07,3,14,-7.529,-9.594554836455549
fine,1.025,3.1622776601683795,viable,2972767.0666766223,28.545719700829864,0.29484172769606415,1.0278257460958883e-06,2,14,-7.529,-9.759875838080026
fine,1.025,3.981071705534973,viable,3428418.1910399213,28.14394801208664,0.37114366802417437,1.2756980192232197e-06,1,14,-7.529,-9.93267905507861
fine,1.025,5.011872336272725,viable,3962096.5839514025,27.745064039223166,0.4671811362656469,1.583177725889164e-06,0,14,-7.529,-10.110374748850594
fine,1.025,6.309573444801933,viable,4585818.289345214,27.34835158469195,0.5879290075714547,1.9643624390992295e-06,0,14,-7.529,-10.289571247470128
fine,1.025,7.943282347242818,viable,5292046.036100185,26.95408567670654,0.7388881970368298,2.435938668804236e-06,0,14,-7.529,-10.469767271595183
fine,1.025,10.0,viable,6086817.589598221,26.56225419089253,0.927258537669045,3.018890603054166e-06,0,14,-7.529,-10.649575667159318
fine,1.05,0.1,viable,108726.32879666133,38.38837400131467,0.009628321011799217,4.489628542328589e-08,9,14,-8.4,-8.93192524056748
fine,1.05,0.12589254117941673,viable,119144.30397744624,37.908984190451626,0.012087629330654128,5.5763450573891774e-08,10,14,-8.225,-8.908390197584058
fine,1.05,0.15848931924611134,viable,131290.22235855722,37.431820605505095,0.015190223761375654,6.927705214086135e-08,11,14,-8.1,-8.902552225671458
fine,1.05,0.19952623149688797,viable,144959.65045202587,36.968155687972626,0.019102925430951982,8.610362136404468e-08,11,14,-8.0,-8.896842492474734
fine,1.05,0.251188643150958,viable,161084.17587198672,36.493962891242404,0.02403508167491787,1.0698671423669829e-07,12,14,-7.897,-8.893666337728131
fine,1.05,0.31622776601683794,viable,179013.140425414,36.0219138004112,0.030227978209024512,1.3290155446828508e-07,13,14,-7.83,-8.889001337147517
fine,1.05,0.3981071705534973,viable,199922.7814415291,35.55210080124027,0.03804677325713997,1.6511939204872965e-07,13,14,-7.721,-8.888821668670463
fine,1.05,0.5011872336272724,viable,223129.61845556,35.09379446988703,0.047885732625069115,2.0517567534944847e-07,14,14,-7.634,-8.887059770280278
fine,1.05,0.6309573444801934,viable,249588.6350053947,34.63803355563755,0.0602775562387137,2.5493643267680003e-07,13,14,-7.529,-8.884885279170499
fine,1.05,0.7943282347242815,viable,280083.0623566722,34.18076460854991,0.07588493903410551,3.167089977638381e-07,13,14,-7.529,-8.896642610870643
fine,1.05,1.0,viable,314804.32820969913,33.72663369047756,0.09553228985871991,3.9341398590057187e-07,10,14,-7.529,-8.954505476470645
fine,1.05,1.2589254117941675,viable,354354.62978295534,33.27559522462308,0.12026037898683145,4.886449332303149e-07,8,14,-7.529,-9.061267177422485
fine,1.05,1.584893192461114,viable,399542.9712956117,32.827606822763755,0.15138711587473344,6.06869833035917e-07,5,14,-7.529,-9.335180308342625
fine,1.05,1.9952623149688797,viable,451265.14693057694,32.382629053472556,0.190567102178053,7.536240491149577e-07,3,14,-7.529,-9.607700170571556
fine,1.05,2.511886431509581,viable,510302.4103639498,31.942490522894214,0.23988218980746898,9.358252484265295e-07,2,14,-7.529,-9.768495236112688
fine,1.05,3.1622776601683795,viable,578420.7156420674,31.503229120005468,0.30195158109727327,1.1618787436968247e-06,1,14,-7.529,-9.937896485547276
fine,1.05,3.981071705534973,viable,655541.0373003244,31.066876533046187,0.3798852129930575,1.442143040139811e-06,0,14,-7.529,-10.11322308610313
fine,1.05,5.011872336272725,viable,739752.6640675492,30.633329361947407,0.47718074702290864,1.7888823370195532e-06,0,14,-7.529,-10.291106975549566
fine,1.05,6.309573444801933,viable,832052.5418845757,30.20257368929435,0.5985978379667584,2.2177653529460438e-06,0,14,-7.529,-10.46866506597369
fine,1.05,7.943282347242818,viable,930199.4700998866,29.77471087172034,0.7493819989210708,2.747315627053761e-06,0,14,-7.529,-10.64626452434293
fine,1.05,10.0,viable,1028449.9677661039,29.34927496333728,0.935019996565352,3.399102444811678e-06,0,14,-7.529,-10.821645713134195
fine,1.075,0.1,viable,30081.106579177296,42.137170247471545,0.009817098628862419,5.0385111601809216e-08,9,14,-8.225,-9.002006488374834
fine,1.075,0.12589254117941673,viable,32754.8216936883,41.62441525744498,0.012341990831933002,6.263044472314952e-08,10,14,-8.225,-8.990499515923975
fine,1.075,0.15848931924611134,viable,35850.9780553045,41.112660327669914,0.015529984875550228,7.786483070487933e-08,11,14,-8.1,-8.978439594016331
fine,1.075,0.19952623149688797,viable,39390.509078976575,40.58034141583278,0.019532390871855813,9.672589048772738e-08,11,14,-8.0,-8.971462741550898
fine,1.075,0.251188643150958,viable,43217.882794962934,40.07749639225722,0.024579118129216652,1.2024427951402537e-07,12,14,-7.897,-8.967664481943942
fine,1.075,0.31622776601683794,viable,47623.00474099039,39.566060274964336,0.030935591168511037,1.4943438310414723e-07,13,14,-7.772,-8.968436450128907
fine,1.075,0.3981071705534973,viable,52559.18212931956,39.0583574241532,0.0389383556838065,1.857011623632347e-07,13,14,-7.675,-8.967300263816668
fine,1.075,0.5011872336272724,viable,58128.94976078808,38.55427264134903,0.04902046312266726,2.3076660618859879e-07,13,14,-7.596,-8.965819454676435
fine,1.075,0.6309573444801934,viable,64378.7147759599,38.053716146947636,0.06171301437302235,2.867458793829104e-07,12,14,-7.529,-8.965704962758235
fine,1.075,0.7943282347242815,viable,71385.67104379734,37.55661620216699,0.07768721440357722,3.5626846846405e-07,10,14,-7.529,-8.99988230699732
fine,1.075,1.0,viable,79248.27644138612,37.06406983485522,0.09779491765632936,4.4262184857319716e-07,8,14,-7.529,-9.078644492819896
fine,1.075,1.2589254117941675,viable,88123.10059039929,36.57386301588871,0.12310498713441295,5.49840768670901e-07,6,14,-7.529,-9.205328141859514
fine,1.075,1.584893192461114,viable,98190.71049951417,36.084486222009104,0.1549622938573943,6.829202790508081e-07,3,14,-7.529,-9.61867854605775
fine,1.075,1.9952623149688797,viable,109504.78178740057,35.6011580286264,0.19505873612360075,8.481903390579447e-07,2,14,-7.529,-9.773801369010718
fine,1.075,2.511886431509581,viable,122101.56923798494,35.121543198698646,0.24542632573666218,1.053225337493368e-06,1,14,-7.529,-9.938842746409845
fine,1.075,3.1622776601683795,viable,135556.6377842993,34.6437923140428,0.30831086435356203,1.3069600228647058e-06,0,14,-7.529,-10.109677371033568
fine,1.075,3.981071705534973,viable,149893.43445306114,34.16977075521288,0.3867672062970326,1.6209358572372863e-06,0,14,-7.529,-10.284648551560842
fine,1.075,5.011872336272725,viable,164644.93319763587,33.698234059087895,0.4841469386092775,2.0086613007671765e-06,0,14,-7.529,-10.461040598921349
fine,1.075,6.309573444801933,viable,178709.0548970751,33.230425777418304,0.6039941877001225,2.4861116635533114e-06,0,14,-7.529,-10.634529496432963
fine,1.075,7.943282347242818,viable,194277.64697930976,32.76585200792681,0.7534605468679099,3.076678219803759e-06,0,14,-7.529,-10.809591805771815
fine,1.075,10.0,viable,212353.7646094849,32.30424696813827,0.9407390915373454,3.8082293288439018e-06,0,14,-7.529,-10.98613419685728
fine,1.1,0.1,viable,9663.670800991316,46.200142314773984,0.010029591040305702,5.649919573530327e-08,9,14,-8.225,-9.072911272218072
fine,1.1,0.12589254117941673,viable,10516.582693516573,45.601592508703,0.012617798275330981,7.019052208109697e-08,10,14,-8.1,-9.064899781602541
fine,1.1,0.15848931924611134,viable,11396.338804514182,45.03902287983408,0.015871042132345452,8.724907811067459e-08,11,14,-8.0,-9.057601330175498
fine,1.1,0.19952623149688797,viable,12396.767586228825,44.4796702686574,0.019975880729131344,1.0846753336255264e-07,11,14,-7.897,-9.05268298797871
fine,1.1,0.251188643150958,viable,13525.226441202261,43.911295654950784,0.025141092793608075,1.3479487316178933e-07,12,14,-7.83,-9.045106113610986
fine,1.1,0.31622776601683794,viable,14754.92054345438,43.36140629027341,0.03164961134258309,1.6756942479687696e-07,12,14,-7.721,-9.045845313807435
fine,1.1,0.3981071705534973,viable,16155.923745978565,42.80093510985239,0.039844441452902966,2.0823035504885516e-07,13,14,-7.634,-9.043778901029011
fine,1.1,0.5011872336272724,viable,17692.141158907874,42.25058601885223,0.05015936982294518,2.5877237171574756e-07,12,14,-7.529,-9.043441747785328
fine,1.1,0.6309573444801934,viable,19379.16294218459,41.70935986405766,0.0631423411660646,3.215939529341154e-07,10,14,-7.529,-9.055962475053393
fine,1.1,0.7943282347242815,viable,21274.978478899066,41.16597504025776,0.07948448072869362,3.9957622839269036e-07,8,14,-7.529,-9.11104448044076
fine,1.1,1.0,viable,23384.701762329772,40.62668075683006,0.10005422786701552,4.964284231723464e-07,6,14,-7.529,-9.20841954769055
fine,1.1,1.2589254117941675,viable,25731.911389732275,40.09214026147845,0.12594416518448945,6.167158717887777e-07,5,14,-7.529,-9.353149491754873
fine,1.1,1.584893192461114,viable,28352.493934925085,39.560979708312516,0.15852814033275744,7.66070549797608e-07,2,14,-7.529,-9.777647266004406
fine,1.1,1.9952623149688797,viable,31108.942219166984,39.03354468192788,0.19926140600743236,9.510684383288865e-07,1,14,-7.529,-9.936988938002715
fine,1.1,2.511886431509581,viable,33946.13063748617,38.509713996916155,0.2500242569196565,1.179949792243385e-06,0,14,-7.529,-10.1032550242906
fine,1.1,3.1622776601683795,viable,36831.59270246681,37.98971260866324,0.3131579589717812,1.462916412253342e-06,0,14,-7.529,-10.273885831036894
fine,1.1,3.981071705534973,viable,39471.533429733565,37.474295894085685,0.3908929767751137,1.8115555621916813e-06,0,14,-7.529,-10.446056691035583
fine,1.1,5.011872336272725,viable,42318.91226467971,36.96110518843909,0.487751740308196,2.2427282622572502e-06,0,14,-7.529,-10.6206948417037
fine,1.1,6.309573444801933,viable,45508.18297023686,36.45225570848254,0.6088480419338986,2.7766812277008285e-06,0,14,-7.529,-10.795338608478218
fine,1.1,7.943282347242818,viable,48799.037642136325,35.946955757211185,0.7591589293384949,3.436145586398217e-06,0,14,-7.529,-10.970421428408866
fine,1.1,10.0,viable,52900.13314497841,35.4451867625869,0.9487576522306432,4.255077313207119e-06,0,14,-7.529,-11.148227244538687
fine,1.125,0.1,viable,3554.7109702779335,50.55104189801796,0.010247764983754359,6.320693065665971e-08,9,14,-8.225,-9.152985312824418
fine,1.125,0.12589254117941673,viable,3823.2266511951048,49.923753036679834,0.012893085701789852,7.856871027361467e-08,10,14,-8.1,-9.138836575949988
fine,1.125,0.15848931924611134,viable,4124.2232022560365,49.297742158543656,0.016227375216267423,9.766340203041114e-08,11,14,-8.0,-9.130573379672015
fine,1.125,0.19952623149688797,viable,4454.586824115223,48.67525866117717,0.02042427173308729,1.213885955818746e-07,11,14,-7.897,-9.124315182035193
fine,1.125,0.251188643150958,viable,4820.730679162836,48.05800098854718,0.02571252512418178,1.508806234692406e-07,12,14,-7.772,-9.122401380409421
fine,1.125,0.31622776601683794,viable,5222.598078755733,47.4455777121392,0.03237002213434725,1.8752612277548085e-07,12,14,-7.675,-9.12182466865216
fine,1.125,0.3981071705534973,viable,5662.852009149359,46.83792627592708,0.04074887069474697,2.3305234487103124e-07,11,14,-7.596,-9.119671124768196
fine,1.125,0.5011872336272724,viable,6146.675065326294,46.23498664336977,0.051295626906981716,2.896101667863389e-07,9,14,-7.529,-9.12168045588442
fine,1.125,0.6309573444801934,viable,6679.017592000147,45.63670098654882,0.06457098585654322,3.598670326949964e-07,8,14,-7.529,-9.155210896056236
fine,1.125,0.7943282347242815,viable,7265.335958152812,45.043013590372986,0.08128024776654527,4.471332014080068e-07,6,14,-7.529,-9.229515811451638
fine,1.125,1.0,viable,7913.914409532776,44.452002696374386,0.10231068251386159,5.554930759596637e-07,5,14,-7.529,-9.34334588613874
fine,1.125,1.2589254117941675,viable,8611.083722032234,43.86694560329829,0.12871510607885628,6.89964616504569e-07,3,14,-7.529,-9.503452331186915
fine,1.125,1.584893192461114,viable,9315.701893045734,43.28692306685866,0.161653430689646,8.564407164275973e-07,1,14,-7.529,-9.934290258557533
fine,1.125,1.9952623149688797,viable,10029.27668803545,42.71058259902816,0.20270469640290187,1.0624336747363841e-06,0,14,-7.529,-10.095828923110334
fine,1.125,2.511886431509581,viable,10715.314024078101,42.138592876725056,0.25361272955314235,1.3168863974837322e-06,0,14,-7.529,-10.262329577150652
fine,1.125,3.1622776601683795,viable,11310.127242442613,41.57091534486312,0.3162387735334213,1.630317551879745e-06,0,14,-7.529,-10.430786636121155
fine,1.125,3.981071705534973,viable,11970.201902571927,41.00751140225611,0.3944606762409515,2.01840607329377e-06,0,14,-7.529,-10.603388938007317
fine,1.125,5.011872336272725,viable,12685.734932381323,40.44845205376646,0.49202571922108723,2.498665142341077e-06,0,14,-7.529,-10.778550600167064
fine,1.125,6.309573444801933,viable,13504.862074127417,39.89341267353552,0.6141913159554169,3.0937053710317746e-06,0,14,-7.529,-10.953615126578734
fine,1.125,7.943282347242818,viable,14458.82023266372,39.342574310495586,0.7675006981991997,3.831468133201216e-06,0,14,-7.529,-11.130935848800839
fine,1.125,10.0,viable,15429.20557931528,38.79618591768974,0.9579443114255136,4.7429111493856884e-06,0,14,-7.529,-11.30785530927147
fine,1.15,0.1,viable,1457.99050867221,55.345292860820905,0.010469708840942778,7.073117473503091e-08,9,14,-8.1,-9.22685748909305
fine,1.15,0.12589254117941673,viable,1561.7493835829464,54.63353169130868,0.013177062501975386,8.789162511167487e-08,10,14,-8.0,-9.217450395524247
fine,1.15,0.15848931924611134,viable,1671.8634426213075,53.946512412807124,0.01658570326489451,1.0924971263356896e-07,10,14,-7.897,-9.210900962798815
fine,1.15,0.19952623149688797,viable,1794.4585172571228,53.25614200773998,0.02087995012617276,1.3577574607722888e-07,11,14,-7.83,-9.20090579857743
fine,1.15,0.251188643150958,viable,1927.8193304849945,52.57200154342456,0.026285846511756965,1.6873365831432e-07,12,14,-7.721,-9.199168495007902
fine,1.15,0.31622776601683794,viable,2072.618453408433,51.8939752288503,0.033089422441624765,2.096769072231393e-07,11,14,-7.634,-9.19750336302996
fine,1.15,0.3981071705534973,viable,2230.368362563366,51.22195306290677,0.04165334435747044,2.605398887963764e-07,10,14,-7.561,-9.19612223264447
fine,1.15,0.5011872336272724,viable,2402.3755897672777,50.55583021164978,0.05243272863961635,3.237212493539464e-07,8,14,-7.529,-9.210133234773759
fine,1.15,0.6309573444801934,viable,2590.08444522841,49.89550678554622,0.06600016141747779,4.0219814453526186e-07,6,14,-7.529,-9.26355267859524
fine,1.15,0.7943282347242815,viable,2795.076854543628,49.24092591284079,0.08307591158940401,4.996656476709944e-07,5,14,-7.529,-9.35526566582825
fine,1.15,1.0,viable,3008.44632856745,48.59453400530356,0.1044815040447105,6.205740831793144e-07,4,14,-7.529,-9.482902323333253
fine,1.15,1.2589254117941675,viable,3217.5156547150154,47.95049624945592,0.1311446744219188,7.701373216571784e-07,3,14,-7.529,-9.654462240152734
fine,1.15,1.584893192461114,viable,3421.838954840127,47.312010848230564,0.1643354282388094,9.551508691349423e-07,0,14,-7.529,-10.089359164665655
fine,1.15,1.9952623149688797,viable,3600.6279388759117,46.67764976328215,0.20531203714541743,1.1833219027753003e-06,0,14,-7.529,-10.250912331087692
fine,1.15,2.511886431509581,viable,3766.3430165139316,46.0502466501822,0.25606425130451066,1.4651086925128297e-06,0,14,-7.529,-10.41665976084036
fine,1.15,3.1622776601683795,viable,3951.8178695933766,45.428060118837266,0.31951179186299694,1.8141526222246099e-06,0,14,-7.529,-10.586907177315462
fine,1.15,3.981071705534973,viable,4136.396539762705,44.81031202814734,0.39830708158695244,2.245452257789439e-06,0,14,-7.529,-10.759748728393035
fine,1.15,5.011872336272725,viable,4370.129430101712,44.19777634279853,0.4975377667406493,2.780959622676998e-06,0,14,-7.529,-10.936662587449597
fine,1.15,6.309573444801933,viable,4622.732440647786,43.59023368863291,0.6214800696059838,3.443892660981194e-06,0,14,-7.529,-11.112647385146268
fine,1.15,7.943282347242818,viable,4848.493319486986,42.98770214147396,0.7743952316254388,4.261041197962979e-06,0,14,-7.529,-11.287487754011062
fine,1.15,10.0,viable,4999.941031868424,42.389991467459254,0.9605365510939591,5.263623142781663e-06,0,14,-7.529,-11.458851838035395
fine,1.175,0.1,viable,662.7781066064399,60.654363425996394,0.010696733055317612,7.921090192421822e-08,9,14,-8.1,-9.302778110528598
fine,1.175,0.12589254117941673,viable,704.8375002660312,59.86705987633911,0.013463701224220517,9.841820379161812e-08,10,14,-8.0,-9.29215866615065
fine,1.175,0.15848931924611134,viable,751.039133395917,59.08296246391843,0.01694942628298012,1.2227574129668495e-07,10,14,-7.897,-9.283737839924477
fine,1.175,0.19952623149688797,viable,800.5257169854738,58.31307217353299,0.021337396356789103,1.519264842171895e-07,11,14,-7.772,-9.279030053350699
fine,1.175,0.251188643150958,viable,853.8655374965409,57.55048139047858,0.02685984451771613,1.8875490286224025e-07,10,14,-7.675,-9.276418188647304
fine,1.175,0.31622776601683794,viable,911.5524718858304,56.79512936245601,0.03381107738993816,2.3449856356655987e-07,9,14,-7.596,-9.274338714023374
fine,1.175,0.3981071705534973,viable,973.9821886171661,56.0469444832421,0.04256046062981091,2.913120082214168e-07,7,14,-7.529,-9.274678287586287
fine,1.175,0.5011872336272724,viable,1041.5984718095544,55.30573039233389,0.053572682452576834,3.618685023500655e-07,6,14,-7.529,-9.309607878048043
fine,1.175,0.6309573444801934,viable,1114.8349033107877,54.57179434610282,0.06743226264424089,4.494890369370315e-07,5,14,-7.529,-9.381564945980584
fine,1.175,0.7943282347242815,viable,1189.8598390366576,53.84352280131565,0.08479409187835218,5.581010845993178e-07,4,14,-7.529,-9.488511456603995
fine,1.175,1.0,viable,1260.273341107734,53.12487977224122,0.10640335985438958,6.924746512095393e-07,3,14,-7.529,-9.626589295598436
fine,1.175,1.2589254117941675,viable,1327.301943241074,52.41010980745386,0.1332869192362644,8.586091009188178e-07,2,14,-7.529,-9.807064042928483
fine,1.175,1.584893192461114,viable,1380.4484564255424,51.70227585095688,0.16639732175352953,1.063345133226656e-06,0,14,-7.529,-10.24310675014934
fine,1.175,1.9952623149688797,viable,1431.4441599023985,51.003068946656064,0.20753397116828626,1.3164569186445224e-06,0,14,-7.529,-10.405538151840737
fine,1.175,2.511886431509581,viable,1489.022580043434,50.30808903362072,0.25895920467879313,1.629897377790748e-06,0,14,-7.529,-10.573053687480478
fine,1.175,3.1622776601683795,viable,1543.5493089104878,49.620687928566554,0.322768252154196,2.017142861744081e-06,0,14,-7.529,-10.74313294315153
fine,1.175,3.981071705534973,viable,1617.688725374064,48.9394604326776,0.40328735874158866,2.4982669272096706e-06,0,14,-7.529,-10.918475260218925
fine,1.175,5.011872336272725,viable,1694.1208841722096,48.26430506173551,0.5036522917581502,3.093445270446094e-06,0,14,-7.529,-11.095323806506773
fine,1.175,6.309573444801933,viable,1753.9891173988867,47.59524362488321,0.6270156056655563,3.826141154589553e-06,0,14,-7.529,-11.26849302650184
fine,1.175,7.943282347242818,viable,1766.6359942006122,46.93213865652979,0.7750075359520722,4.720739206596576e-06,0,14,-7.529,-11.435956148648199
fine,1.175,10.0,viable,1707.4576368130527,46.273612783096496,0.9477747094296545,5.803289300296918e-06,0,14,-7.529,-11.59436499742173
fine,1.2000000000000002,0.1,viable,329.6325295847066,66.67826779306552,0.010926584609276794,8.895938685061103e-08,9,14,-8.0,-9.385697534049783
fine,1.2000000000000002,0.12589254117941673,viable,348.85821757960986,65.77257626040023,0.013755181785497521,1.1046742390226685e-07,10,14,-7.897,-9.376413985868767
fine,1.2000000000000002,0.15848931924611134,viable,369.2844600020379,64.8866315460026,0.01731595492353548,1.3719128646897647e-07,10,14,-7.83,-9.364418786217485
fine,1.2000000000000002,0.19952623149688797,viable,390.8562000400249,64.02158668470292,0.021797212779700155,1.7040085999040406e-07,10,14,-7.721,-9.359426664989035
fine,1.2000000000000002,0.251188643150958,viable,414.3504439932516,63.15403772316586,0.02743778054381821,2.1160146402359416e-07,9,14,-7.634,-9.355950969380432
fine,1.2000000000000002,0.31622776601683794,viable,439.58170119014346,62.296947941135265,0.03453735197669601,2.6275702269741564e-07,7,14,-7.561,-9.35436011194685
fine,1.2000000000000002,0.3981071705534973,viable,466.6962088944087,61.449963632895795,0.043472945680719965,3.2626938473449865e-07,5,14,-7.529,-9.366177706716856
fine,1.2000000000000002,0.5011872336272724,viable,495.850804975433,60.61277902318807,0.05471879503821937,4.051186860773374e-07,5,14,-7.529,-9.421104030770943
fine,1.2000000000000002,0.6309573444801934,viable,525.2832920003574,59.78509351881201,0.0688082662724045,5.028489243200659e-07,4,14,-7.529,-9.509872095935375
fine,1.2000000000000002,0.7943282347242815,viable,552.3347071249923,58.96581687981949,0.0863441337126306,6.236902229443191e-07,3,14,-7.529,-9.629215329485149
fine,1.2000000000000002,1.0,viable,577.1233823900109,58.15677272971698,0.10815601553737574,7.731004223029427e-07,2,14,-7.529,-9.776332353772192
fine,1.2000000000000002,1.2589254117941675,viable,595.3166043757566,57.35655508412662,0.13501188606645914,9.571689893534522e-07,1,14,-7.529,-9.961894951233184
fine,1.2000000000000002,1.584893192461114,viable,612.2971313865969,56.56505650051713,0.16837358856871726,1.1846345850413727e-06,0,14,-7.529,-10.400204659231344
fine,1.2000000000000002,1.9952623149688797,viable,631.5282919993102,55.781907922551,0.21007389333677165,1.4663084077128508e-06,0,14,-7.529,-10.564479096794225
fine,1.2000000000000002,2.511886431509581,viable,649.2062412229924,55.00598977312165,0.2618133590255497,1.8141731459270077e-06,0,14,-7.529,-10.731891068801733
fine,1.2000000000000002,3.1622776601683795,viable,674.7915231733018,54.23935429413972,0.32712150795955325,2.2463881819904585e-06,0,14,-7.529,-10.904557814834414
fine,1.2000000000000002,3.981071705534973,viable,700.5460919558114,53.48000027358069,0.4084856370436846,2.780867661309503e-06,0,14,-7.529,-11.079467342068682
fine,1.2000000000000002,5.011872336272725,viable,718.2431942584477,52.72929823031802,0.5083717544855175,3.438533375498444e-06,0,14,-7.529,-11.253059315975088
fine,1.2000000000000002,6.309573444801933,viable,713.5761712033333,51.98557235900125,0.6275513236085889,4.239949524946805e-06,0,14,-7.529,-11.418474609321377
fine,1.2000000000000002,7.943282347242818,viable,604.3343061729756,51.24586572718215,0.7441349750862507,5.158092840660105e-06,0,14,-7.529,-11.54832477146676
fine,1.2000000000000002,10.0,viable,334.29522145714463,50.51782589686126,0.793320097963246,6.057643972489081e-06,0,14,-7.529,-11.583108654304723
fine,1.225,0.1,viable,178.36827629170853,73.64835528642288,0.01116141220470128,1.0037030387804921e-07,9,14,-8.0,-9.469885309182411
fine,1.225,0.12589254117941673,viable,187.5225284550475,72.61442759661918,0.014050429303273345,1.245763353871051e-07,10,14,-7.897,-9.458222034608255
fine,1.225,0.15848931924611134,viable,197.31033113444127,71.58820495713769,0.017686208108706948,1.5460259153181172e-07,8,14,-7.772,-9.450105603937326
fine,1.225,0.19952623149688797,viable,207.80241285780642,70.57130032842451,0.022262395319599063,1.9185098723091812e-07,8,14,-7.675,-9.443455058511102
fine,1.225,0.251188643150958,viable,218.81120467896574,69.5850283553483,0.028022185465322754,2.3812828735427652e-07,6,14,-7.596,-9.44007348125216
fine,1.225,0.31622776601683794,viable,230.7327135065364,68.59820522848281,0.03527136581918802,2.9550466539661285e-07,5,14,-7.529,-9.440129101867694
fine,1.225,0.3981071705534973,viable,243.4402861681294,67.62683146487802,0.04439464473179313,3.66710848272613e-07,5,14,-7.529,-9.473317906581833
fine,1.225,0.5011872336272724,viable,256.30384482532236,66.66559073975975,0.05583478973583378,4.5493535249130293e-07,4,14,-7.529,-9.54678831754918
fine,1.225,0.6309573444801934,viable,267.9028753023661,65.71733403878,0.07008248370798278,5.640062429655091e-07,3,14,-7.529,-9.649973691900309
fine,1.225,0.7943282347242815,viable,278.20931181898874,64.7838914519383,0.08780808908346222,6.988265242613106e-07,2,14,-7.529,-9.779997296553129
fine,1.225,1.0,viable,285.5306104210194,63.86054511533246,0.10966791030272618,8.649214545020009e-07,1,14,-7.529,-9.933355300960239
fine,1.225,1.2589254117941675,viable,291.3403835954327,62.948841647980196,0.13674049975835093,1.0698739634379093e-06,0,14,-7.529,-10.124395284015186
fine,1.225,1.584893192461114,viable,298.18610693325064,62.04881074515356,0.17058944952449276,1.323602732093418e-06,0,14,-7.529,-10.564808311214872
fine,1.225,1.9952623149688797,viable,304.10335394499185,61.16005452415151,0.21257949437037368,1.6368557806541973e-06,0,14,-7.529,-10.72902152546668
fine,1.225,2.511886431509581,viable,313.41428402960355,60.282059943219224,0.26553704363504804,2.0257763849594216e-06,0,14,-7.529,-10.898841448818924
fine,1.225,3.1622776601683795,viable,322.8510755476958,59.41523115394887,0.3315705831936117,2.50675240635722e-06,0,14,-7.529,-11.07099965971481
fine,1.225,3.981071705534973,viable,328.70190627927764,58.558623658981894,0.4127174952316387,3.09855702818233e-06,0,14,-7.529,-11.242792456661078
fine,1.225,5.011872336272725,viable,325.01608209735485,57.71190653702263,0.5098645605169301,3.820356223391278e-06,0,14,-7.529,-11.40933817709603
fine,1.225,6.309573444801933,viable,308.748844355188,56.8659090260013,0.6233479755433481,4.693109601644463e-06,0,14,-7.529,-11.565352988846083
fine,1.225,7.943282347242818,viable,149.08020250902086,56.04032772581035,0.6439757252524027,5.454298116245582e-06,0,14,-7.529,-11.573228946966013
fine,1.225,10.0,viable,156.8092350200845,55.22427630315008,0.8072689505118271,6.75658710467796e-06,0,14,-7.529,-11.752119614290123
fine,1.25,0.1,viable,104.11520753031506,81.93759418753643,0.011400549091612443,1.1405964517185598e-07,7,14,-7.897,-9.564647201310018
fine,1.25,0.12589254117941673,viable,108.87035152119303,80.70965743613101,0.014350366479359031,1.4142406103440232e-07,7,14,-7.83,-9.550700375241084
fine,1.25,0.15848931924611134,viable,113.906687416079,79.5008418477039,0.01806283476040854,1.7535360499666117e-07,7,14,-7.721,-9.541869805182818
fine,1.25,0.19952623149688797,viable,119.25294712208557,78.31074151486916,0.022735370884510952,2.1742431299539847e-07,6,14,-7.634,-9.534122546826675
fine,1.25,0.251188643150958,viable,124.93015003433891,77.1389538241749,0.028616033479926625,2.6958907420215886e-07,5,14,-7.529,-9.53120318526329
fine,1.25,0.31622776601683794,viable,130.9603340008241,75.98508088118194,0.03601684425779363,3.342687745220122e-07,4,14,-7.529,-9.544413394419008
fine,1.25,0.3981071705534973,viable,137.13113208779743,74.84866561019032,0.045310893916163816,4.1440581899896317e-07,3,14,-7.529,-9.599003061095585
fine,1.25,0.5011872336272724,viable,142.64865215859166,73.7292254044064,0.05689907443097222,5.134467077271555e-07,3,14,-7.529,-9.689171840149232
fine,1.25,0.6309573444801934,viable,147.46631126890495,72.62641784110713,0.07132645165378325,6.357928921327924e-07,2,14,-7.529,-9.805166657842687
fine,1.25,0.7943282347242815,viable,150.95088569090706,71.53976931242312,0.08917537031360273,7.866026865790449e-07,1,14,-7.529,-9.943501498578495
fine,1.25,1.0,viable,152.79710167539997,70.46906850827384,0.11115843787413186,9.722243693888078e-07,0,14,-7.529,-10.102280352319923
fine,1.25,1.2589254117941675,viable,155.07933646928427,69.41190364391048,0.13862002267292495,1.2017741113244567e-06,0,14,-7.529,-10.29759118080525
fine,1.25,1.584893192461114,viable,157.16977503804395,68.37162453754786,0.17277102146027953,1.4852752060002467e-06,0,14,-7.529,-10.738953298686107
fine,1.25,1.9952623149688797,viable,160.5345311042577,67.34625148691009,0.2157061910793383,1.8366741100727259e-06,0,14,-7.529,-10.905141140657081
fine,1.25,2.511886431509581,viable,164.23729291341067,66.33542804227943,0.2693602689165981,2.2713170002087657e-06,0,14,-7.529,-11.074634360336654
fine,1.25,3.1622776601683795,viable,166.4331435248832,65.33870002701292,0.3354892664800901,2.8063723310407262e-06,0,14,-7.529,-11.244115004214073
fine,1.25,3.981071705534973,viable,165.0951732275632,64.35556261746456,0.41554471502788387,3.4610731072810677e-06,0,14,-7.529,-11.410866830576577
fine,1.25,5.011872336272725,viable,154.9896723477792,63.37175631867354,0.5074781148293499,4.247649614497282e-06,0,14,-7.529,-11.566162478930302
fine,1.25,6.309573444801933,viable,73.42823582845979,62.41117873878465,0.523179983471734,4.932951564433756e-06,0,14,-7.529,-11.573751293103559
fine,1.25,7.943282347242818,viable,76.65830419526114,61.4701013737573,0.6558062263206133,6.107200968669792e-06,0,14,-7.529,-11.7516037493316
fine,1.25,10.0,viable,79.8630448400116,60.541907049596944,0.8214346306477277,7.558972961601511e-06,0,14,-7.529,-11.928654626619382
fine,1.2750000000000001,0.1,viable,65.2661310590384,91.89372433134224,0.011644856903657788,1.306614919096996e-07,7,14,-7.897,-9.66643311986801
fine,1.2750000000000001,0.12589254117941673,viable,67.88008053516374,90.4327354226524,0.014656830607671712,1.6185047926309304e-07,6,14,-7.772,-9.651825719907212
fine,1.2750000000000001,0.15848931924611134,viable,70.64145677793594,88.99445584719956,0.018447599787249875,2.0048264555420708e-07,5,14,-7.675,-9.641667737937322
fine,1.2750000000000001,0.19952623149688797,viable,73.52637535365272,87.59399689125758,0.023218403576077865,2.483777482567504e-07,4,14,-7.596,-9.634163639530831
fine,1.2750000000000001,0.251188643150958,viable,76.62136416961916,86.19477484009506,0.029222257341500756,3.0763837456327315e-07,4,14,-7.529,-9.634082159784585
fine,1.2750000000000001,0.31622776601683794,viable,79.86401541290638,84.82659856289843,0.036776670233404585,3.8107164179493855e-07,3,14,-7.529,-9.671221013911799
fine,1.2750000000000001,0.3981071705534973,viable,82.78042977322717,83.47543843393623,0.046210317660558345,4.717630554906342e-07,3,14,-7.529,-9.746426464880413
fine,1.2750000000000001,0.5011872336272724,viable,85.23815888025102,82.14651483952196,0.05795879706901415,5.836998513397228e-07,2,14,-7.529,-9.851597699810327
fine,1.2750000000000001,0.6309573444801934,viable,87.04363774529084,80.83934191812148,0.07253200367011552,7.216765078427831e-07,1,14,-7.529,-9.978144915080401
fine,1.2750000000000001,0.7943282347242815,viable,87.61008561169879,79.55740993905636,0.09043148159938164,8.912340615078545e-07,0,14,-7.529,-10.122750416799766
fine,1.2750000000000001,1.0,viable,88.18882736800396,78.29232583075907,0.11272516522742627,1.1005050819168668e-06,0,14,-7.529,-10.287177935275354
fine,1.2750000000000001,1.2589254117941675,viable,88.99472626249583,77.04850960458032,0.14057544533049474,1.35912461947306e-06,0,14,-7.529,-10.485658867989594
fine,1.2750000000000001,1.584893192461114,viable,89.97607812887948,75.82484359768671,0.1753525360339477,1.67866994635628e-06,0,14,-7.529,-10.928308355310765
fine,1.2750000000000001,1.9952623149688797,viable,91.51022253901856,74.62106711184902,0.21901044388624757,2.074210519628798e-06,0,14,-7.529,-11.094628508957793
fine,1.2750000000000001,2.511886431509581,viable,92.56056853773813,73.43638503704142,0.273109280785083,2.5616374621800194e-06,0,14,-7.529,-11.262370700217234
fine,1.2750000000000001,3.1622776601683795,viable,92.08367583042698,72.27012236626251,0.3391041475288493,3.1591340406703027e-06,0,14,-7.529,-11.428291384099499
fine,1.2750000000000001,3.981071705534973,viable,85.8848550940402,71.12033975411691,0.41428417030161224,3.875379769185802e-06,0,14,-7.529,-11.582095641403088
fine,1.2750000000000001,5.011872336272725,viable,39.60040723106809,69.95144275097687,0.4254584803406173,4.493698636533548e-06,0,14,-7.529,-11.58961382618503
fine,1.2750000000000001,6.309573444801933,viable,41.08255723598588,68.84332168257856,0.5333687504825207,5.5589768383536885e-06,0,14,-7.529,-11.766300941118292
fine,1.2750000000000001,7.943282347242818,viable,42.544568487022175,67.75232213442452,0.6682112422365349,6.875329319257548e-06,0,14,-7.529,-11.942500833630426
fine,1.2750000000000001,10.0,viable,43.98047546447063,66.67826902091178,0.8365937825622312,8.50157971074343e-06,0,14,-7.529,-12.117596129075318
fine,1.3,0.1,viable,43.594237373724845,103.74099043052354,0.01189501059178996,1.5067927853251087e-07,6,14,-7.83,-9.775028246679433
fine,1.3,0.12589254117941673,viable,45.12860938520126,102.02721167266303,0.01497086480945059,1.8651966965687463e-07,4,14,-7.721,-9.760795527650583
fine,1.3,0.15848931924611134,viable,46.73931818891873,100.33640831454704,0.018841780786292568,2.308720865115339e-07,4,14,-7.634,-9.750338128099594
fine,1.3,0.19952623149688797,viable,48.43092785941929,98.6688788288319,0.02371307594771162,2.85756032863458e-07,3,14,-7.529,-9.741364614467239
fine,1.3,0.251188643150958,viable,50.20791742715425,97.02494140935869,0.029842974677715222,3.536699535149709e-07,3,14,-7.529,-9.761299068029384
fine,1.3,0.31622776601683794,viable,51.92628203159408,95.40277544135733,0.037529441906339514,4.375949749238435e-07,2,14,-7.529,-9.821868609573063
fine,1.3,0.3981071705534973,viable,53.28926373617553,93.80796864201102,0.04709962583859735,5.410837746277485e-07,2,14,-7.529,-9.916341379207505
fine,1.3,0.5011872336272724,viable,54.31114947321729,92.23620086729055,0.0589999793741361,6.686197943109615e-07,1,14,-7.529,-10.034859191232956
fine,1.3,0.6309573444801934,viable,54.636616781786074,90.68728580318462,0.07365811373790575,8.252889096680363e-07,0,14,-7.529,-10.169845782695731
fine,1.3,0.7943282347242815,viable,54.691684307038244,89.15777116408206,0.09182678061976937,1.0181234020365546e-06,0,14,-7.529,-10.321244548440816
fine,1.3,1.0,viable,54.887216474997885,87.65858004068149,0.11453293209614883,1.2562749252265294e-06,0,14,-7.529,-10.491260495829918
fine,1.3,1.2589254117941675,viable,54.88239450244095,86.18332025746155,0.14269904016594823,1.549567454810586e-06,0,14,-7.529,-10.691216645194572
fine,1.3,1.584893192461114,viable,55.504079898845454,84.7328912736458,0.17825563476346587,1.912929008517667e-06,0,14,-7.529,-11.134783851470836
fine,1.3,1.9952623149688797,viable,56.02031698862728,83.30571780952312,0.22251870342231467,2.3609361952308985e-06,0,14,-7.529,-11.30012717557456
fine,1.3,2.511886431509581,viable,55.725046452307,81.90134122911275,0.276726383522169,2.9102828152751425e-06,0,14,-7.529,-11.464731202095077
fine,1.3,3.1622776601683795,viable,53.08338761024645,80.5171241853202,0.3404253369377688,3.574810387842795e-06,0,14,-7.529,-11.621742028138279
fine,1.3,3.981071705534973,viable,23.22969319451576,79.07996740220824,0.3464343001795377,4.1336221116221465e-06,0,14,-7.529,-11.627349377125883
fine,1.3,5.011872336272725,viable,23.98004837909646,77.75232313689173,0.4344407472811349,5.108820961349821e-06,0,14,-7.529,-11.801666969356829
fine,1.3,6.309573444801933,viable,24.693482160232765,76.44700354468625,0.5443706540245473,6.31255820744479e-06,0,14,-7.529,-11.976062249129075
fine,1.3,7.943282347242818,viable,25.360775878326788,75.1636189048952,0.68154050424216,7.797895953037162e-06,0,14,-7.529,-12.149969550402076
fine,1.3,10.0,viable,25.966982889808513,73.90168163739474,0.8524667409438428,9.629902023172466e-06,0,14,-7.529,-12.32264794635234
fine,1.3250000000000002,0.1,viable,30.761233415817074,116.61395552509647,0.012151634277644565,1.7303506003669502e-07,3,14,-7.772,-9.882605875205462
fine,1.3250000000000002,0.12589254117941673,viable,31.714901483258902,114.8177904153158,0.015292996493196036,2.1442570087589857e-07,3,14,-7.634,-9.869960630189516
fine,1.3250000000000002,0.15848931924611134,viable,32.71462145714564,113.00601415595679,0.019246073250650253,2.6561427721656585e-07,3,14,-7.561,-9.858873701410628
fine,1.3250000000000002,0.19952623149688797,viable,33.76330966297003,111.18317660499598,0.024220380003916644,3.2890350012006277e-07,3,14,-7.529,-9.861181854882023
fine,1.3250000000000002,0.251188643150958,viable,34.83724706388382,109.37241754375292,0.03047632809052642,4.071929429020644e-07,2,14,-7.529,-9.907867459342672
fine,1.3250000000000002,0.31622776601683794,viable,35.71485400749138,107.5749896322975,0.03828480156509271,5.037812691220278e-07,1,14,-7.529,-9.990967355091193
fine,1.3250000000000002,0.3981071705534973,viable,36.38299519289087,105.77452048070766,0.04801073694762318,6.22748770727777e-07,0,14,-7.529,-10.10326474446883
fine,1.3250000000000002,0.5011872336272724,viable,36.72255544640406,103.9831667788178,0.06006290353705566,7.69070697113447e-07,0,14,-7.529,-10.23381022796962
fine,1.3250000000000002,0.6309573444801934,viable,36.52624254973128,102.20830377969037,0.0748627845651917,9.485340720470553e-07,0,14,-7.529,-10.376828796765743
fine,1.3250000000000002,0.7943282347242815,viable,36.38016899126967,100.450422786011,0.09332607303278004,1.1697829122889353e-06,0,14,-7.529,-10.53493628248107
fine,1.3250000000000002,1.0,viable,36.241626301361414,98.71129686598579,0.11633014878182392,1.442417095176406e-06,0,14,-7.529,-10.710055956686094
fine,1.3250000000000002,1.2589254117941675,viable,36.299558635776314,96.99351458492345,0.1451729673600727,1.779077038219097e-06,0,14,-7.529,-10.91297138942021
fine,1.3250000000000002,1.584893192461114,viable,36.46613815098416,95.30048817855173,0.18127160192624,2.194587954392797e-06,0,14,-7.529,-11.355627719228435
fine,1.3250000000000002,1.9952623149688797,viable,36.33227314485257,93.62755782110808,0.22585057423880356,2.7049909794594543e-06,0,14,-7.529,-11.519169383278031
fine,1.3250000000000002,2.511886431509581,viable,35.49343570497194,91.97520019785087,0.2799948301088255,3.3285489388624602e-06,0,14,-7.529,-11.680688391470264
fine,1.3250000000000002,3.1622776601683795,viable,32.5804334008153,90.3404797012115,0.3418360158531185,4.07567601526766e-06,0,14,-7.529,-11.831110418869093
fine,1.3250000000000002,3.981071705534973,viable,15.13305328155878,88.60664034722276,0.3544050003665071,4.743740972164963e-06,0,14,-7.529,-11.860078115712563
fine,1.3250000000000002,5.011872336272725,viable,15.495853911088714,87.04114140162744,0.444111034657464,5.856049362903553e-06,0,14,-7.529,-12.032408178293636
fine,1.3250000000000002,6.309573444801933,viable,15.829796164085645,85.50007300374318,0.5561078174621642,7.227306781917299e-06,0,14,-7.529,-12.20436568426045
fine,1.3250000000000002,7.943282347242818,viable,16.14593675684362,83.98437984236296,0.6959620383907544,8.917979038738917e-06,0,14,-7.529,-12.376245788439471
fine,1.3250000000000002,10.0,viable,16.423709012603982,82.49392955043788,0.8702586993007951,1.1001183932587274e-05,0,14,-7.529,-12.547110257452417
fine,1.35,0.1,viable,22.508998378698724,126.78395711063217,0.012416094426079292,1.922245570084529e-07,3,14,-7.721,-9.963191121650683
fine,1.35,0.12589254117941673,viable,23.14978283113514,125.41582847002529,0.015624773209388076,2.3930652922620057e-07,3,14,-7.596,-9.954469231927456
fine,1.35,0.15848931924611134,viable,23.83469299840356,123.96341991825466,0.019662120017306044,2.976791658538306e-07,3,14,-7.529,-9.948467043689627
fine,1.35,0.19952623149688797,viable,24.532069643944325,122.48293405463073,0.024742204684862344,3.7015497383573454e-07,2,14,-7.529,-9.975080175741269
fine,1.35,0.251188643150958,viable,25.188913477709885,120.94300659063607,0.031114118434487685,4.5989057207928825e-07,1,14,-7.529,-10.047087631944606
fine,1.35,0.31622776601683794,viable,25.66435080998896,119.33694395254692,0.039049508830217385,5.706241267619007e-07,0,14,-7.529,-10.15139213052072
fine,1.35,0.3981071705534973,viable,25.956540502389256,117.678506193144,0.04891753615559603,7.071715830322478e-07,0,14,-7.529,-10.281147109935311
fine,1.35,0.5011872336272724,viable,25.904740743005245,115.97692119542556,0.06107803929181513,8.750068156532268e-07,0,14,-7.529,-10.424034752460296
fine,1.35,0.6309573444801934,viable,25.693646402342193,114.23697698286617,0.07614028272133104,1.0815463306283202e-06,0,14,-7.529,-10.577737055967878
fine,1.35,0.7943282347242815,viable,25.547912793421133,112.46791219444673,0.0949642129127674,1.3363832436421822e-06,0,14,-7.529,-10.74467165686557
fine,1.35,1.0,viable,25.303556255452477,110.67479102861455,0.11831595603016037,1.6499541350325865e-06,0,14,-7.529,-10.927432269435887
fine,1.35,1.2589254117941675,viable,25.343459858828634,108.86833316152432,0.14779065385016749,2.0379254201223665e-06,0,14,-7.529,-11.134658430449607
fine,1.35,1.584893192461114,viable,25.322314750192124,107.05346606326316,0.18447811622604593,2.515681764917726e-06,0,14,-7.529,-11.578127974879349
fine,1.35,1.9952623149688797,viable,24.91520038308297,105.23305349555301,0.22939023711402695,3.100716674244318e-06,0,14,-7.529,-11.741992735732806
fine,1.35,2.511886431509581,viable,23.37979845817919,103.40352187884605,0.28195687794571284,3.8068376663626366e-06,0,14,-7.529,-11.898424285108447
fine,1.35,3.1622776601683795,viable,10.206393395730531,101.36690806884019,0.2894094237631843,4.426929309363031e-06,0,14,-7.529,-11.93265309933797
fine,1.35,3.981071705534973,viable,10.419375722091686,99.57737914487552,0.36283067377382694,5.465526928308952e-06,0,14,-7.529,-12.10413676933742
fine,1.35,5.011872336272725,viable,10.609293552906632,97.80183139851316,0.4545425673145258,6.74520209798434e-06,0,14,-7.529,-12.276112043095546
fine,1.35,6.309573444801933,viable,10.772999866633626,96.0408737606002,0.5689837165016035,8.321169470498138e-06,0,14,-7.529,-12.447040905929319
fine,1.35,7.943282347242818,viable,10.900142824572098,94.29749680082011,0.7115330976245691,1.0260970406799159e-05,0,14,-7.529,-12.617697225932075
fine,1.35,10.0,viable,11.01253800956735,92.57380539330029,0.8893374976213929,1.2649444330086122e-05,0,14,-7.529,-12.787534959564324
