v,g_D,lambda_Phi,m_A_prime,m_rho,beta_lambda,alpha,beta_H,Tn,Tp,Tr,f_peak_est,eternal_inflation,status,failure_reason
0.01,0.3,7.694077382840025e-05,0.003,0.00017543178027757712,0.000307763095313601,,,,,,,,numerical_failure,Tn invalid: nan
0.01,0.39999999999999997,0.0002431708407416106,0.004,0.0003118787204934704,0.0009726833629664424,,,,,,,,numerical_failure,Tn invalid: nan
0.01,0.5,0.0005936788104043229,0.005,0.0004873105007710476,0.0023747152416172916,31490442051061.863,16.658783046281652,5.974733169326237e-07,3.73520857629262e-07,0.000884829406086379,1.7105233839791192e-09,False,viable,
0.01,0.6,0.001231052381254404,0.006,0.0007017271211103085,0.004924209525017616,512381.0049999411,36.45664580334085,5.272248132683309e-05,3.966971121652629e-05,0.0010613472675584281,4.492228098931431e-09,False,viable,
0.01,0.7,0.0022806765180492464,0.006999999999999999,0.0009551285815112532,0.009122706072196986,216.7547770070023,68.34614307801701,0.00033650357208674775,0.0002817611823182243,0.0010823633640353258,8.58882436265389e-09,False,viable,
0.01,0.7999999999999999,0.0038907334518657696,0.008,0.0012475148819738816,0.015562933807463078,9.315797976992577,135.50553229039508,0.0007588070310950276,0.0006850386916400044,0.0012276959089633,,True,physical_failure,eternal inflation occurs
0.01,0.8999999999999999,0.006232202680100418,0.009,0.001578886022498194,0.02492881072040167,1.7260826492024643,174.60375720131083,0.0012767344158742776,0.0011704706969723575,0.0015039912172693055,3.052656700830295e-08,False,viable,
0.01,1.0,0.009498860966469166,0.01,0.0019492420030841904,0.037995443865876666,0.5950327292307744,255.46661296040438,0.0018050238980640578,0.0016943917539472243,0.0019041722375626928,5.656116010869505e-08,False,viable,
0.01,1.0999999999999999,0.0139072823410075,0.011,0.0023585828237318697,0.05562912936403,0.3109204954989964,363.08709952727725,0.002298276013350765,0.002191267722418438,0.002344712128654506,9.901179619036635e-08,False,viable,
0.01,1.2,0.019696838100070464,0.012,0.002806908484441234,0.07878735240028185,0.20389869004234543,493.0567459560535,0.0027562864751878077,0.002655955187164154,0.0027820711238067146,1.5953717122194205e-07,False,viable,
0.01,1.2999999999999998,0.027129696806332572,0.012999999999999998,0.0032942189852122805,0.10851878722533029,,,,,,,,numerical_failure,Tn invalid: nan
0.01,1.4,0.03649082428878794,0.013999999999999999,0.0038205143260450127,0.14596329715515177,,,0.003596246448120421,,,,,numerical_failure,Tp invalid: nan
0.01,1.5,0.04808798364275016,0.015,0.004385794506939428,0.19235193457100064,,,,,,,,numerical_failure,Tn invalid: nan
0.01333521432163324,0.3,7.694077382840025e-05,0.004000564296489972,0.00023394203888271622,0.000307763095313601,,,,,,,,numerical_failure,Tn invalid: nan
0.01333521432163324,0.39999999999999997,0.0002431708407416106,0.005334085728653295,0.00041589695801371774,0.0009726833629664424,,,,,,,,numerical_failure,Tn invalid: nan
0.01333521432163324,0.5,0.0005936788104043229,0.00666760716081662,0.000649838996896434,0.0023747152416172916,44304003047359.016,16.362353859079803,7.3437219815445e-07,4.5734971578102677e-07,0.001179937912391057,2.2421036113877664e-09,False,viable,
0.01333521432163324,0.6,0.001231052381254404,0.008001128592979944,0.0009357681555308649,0.004924209525017616,600621.0186282324,35.815422933239915,6.814461934490464e-05,5.079069548691551e-05,0.0014139513668348497,5.885800950578268e-09,False,viable,
0.01333521432163324,0.7,0.0022806765180492464,0.009334650025143268,0.0012736844339170104,0.009122706072196986,219.6792359360988,67.17781200028128,0.00044202020698656537,0.00036871387677142527,0.0014211170525639278,1.1096024809355603e-08,False,viable,
0.01333521432163324,0.7999999999999999,0.0038907334518657696,0.01066817145730659,0.001663587832054871,0.015562933807463078,9.728173775989172,132.80793620147335,0.0010042328884185942,0.0009012581863946052,0.0016311003183381897,2.5183448132327777e-08,False,viable,
0.01333521432163324,0.8999999999999999,0.006232202680100418,0.012001692889469916,0.002105478349944446,0.02492881072040167,1.758475490705457,172.38291964986274,0.0016931492591289936,0.001551174122060651,0.0019990692244303944,4.0070375796283264e-08,False,viable,
0.01333521432163324,1.0,0.009498860966469166,0.01333521432163324,0.002599355987585736,0.037995443865876666,0.6045920214020781,251.73308106663228,0.002398272679006216,0.00224945841481036,0.0025317401324794447,7.412354318103548e-08,False,viable,
0.01333521432163324,1.0999999999999999,0.0139072823410075,0.014668735753796562,0.00314522074497874,0.05562912936403,0.314592668314054,357.8649212640954,0.003057071248492117,0.0029130547145115055,0.003119223134929188,1.2982619439421438e-07,False,viable,
0.01333521432163324,1.2,0.019696838100070464,0.01600225718595989,0.0037430726221234596,0.07878735240028185,0.2058311322225731,485.92201466429685,0.003668780983990572,0.0035334307666103726,0.0037026972993845146,2.0925774358974502e-07,False,viable,
0.01333521432163324,1.2999999999999998,0.027129696806332572,0.017335778618123212,0.004392911619019892,0.10851878722533029,,,,,,,,numerical_failure,Tn invalid: nan
0.01333521432163324,1.4,0.03649082428878794,0.018669300050286535,0.0050947377356680415,0.14596329715515177,,,0.004790281403370911,,,,,numerical_failure,Tp invalid: nan
0.01333521432163324,1.5,0.04808798364275016,0.020002821482449862,0.005848550972067906,0.19235193457100064,,,,,,,,numerical_failure,Tn invalid: nan
0.01778279410038923,0.3,7.694077382840025e-05,0.005334838230116768,0.0003119667227340878,0.000307763095313601,,,,,,,,numerical_failure,Tn invalid: nan
0.01778279410038923,0.39999999999999997,0.0002431708407416106,0.007113117640155691,0.0005546075070828227,0.0009726833629664424,,,,,,,,numerical_failure,Tn invalid: nan
0.01778279410038923,0.5,0.0005936788104043229,0.008891397050194615,0.0008665742298169106,0.0023747152416172916,62860511030804.82,16.066908393113973,9.008860750590779e-07,5.588100454175001e-07,0.0015734707768116747,2.9389165350302326e-09,False,viable,
0.01778279410038923,0.6,0.001231052381254404,0.010669676460233537,0.0012478668909363512,0.004924209525017616,670584.1943789868,35.33615501294207,8.803244972047528e-05,6.565164296422567e-05,0.0018787071539605276,7.718804192523637e-09,False,viable,
0.01778279410038923,0.7,0.0022806765180492464,0.01244795587027246,0.0016984854904411445,0.009122706072196986,226.70034051690521,66.15037648658982,0.0005804733326155101,0.0004833476520968426,0.0018775890046783667,1.4441231203512016e-08,False,viable,
0.01778279410038923,0.7999999999999999,0.0038907334518657696,0.014226235280311382,0.002218430028331291,0.015562933807463078,9.671857414206844,132.88736564854275,0.0013290087676607791,0.0012023315691613993,0.0021731227274960985,3.358243885225675e-08,False,viable,
0.01778279410038923,0.8999999999999999,0.006232202680100418,0.016004514690350306,0.0028077005046067897,0.02492881072040167,1.8005162236469867,170.17270484763006,0.0022452374261039566,0.0020554579245252464,0.002658998634939738,5.262653419577539e-08,False,viable,
0.01778279410038923,1.0,0.009498860966469166,0.01778279410038923,0.0034662969192676423,0.037995443865876666,0.6153632769900013,248.0259149237298,0.0031863682393563574,0.002986140323923644,0.003366493370118995,9.711170460773168e-08,False,viable,
0.01778279410038923,1.0999999999999999,0.0139072823410075,0.01956107351042815,0.004194219272313847,0.05562912936403,0.3182951326869633,353.04041480246434,0.0040662543502722566,0.003873269405751862,0.004150313161490634,1.7041587565103511e-07,False,viable,
0.01778279410038923,1.2,0.019696838100070464,0.021339352920467073,0.004991467563745405,0.07878735240028185,0.20770474201973324,478.97675844481563,0.004883243263978513,0.004700867931200438,0.004927972129005329,2.745420100515092e-07,False,viable,
0.01778279410038923,1.2999999999999998,0.027129696806332572,0.023117632330505993,0.0058580417935623135,0.10851878722533029,,,,,,,,numerical_failure,Tn invalid: nan
0.01778279410038923,1.4,0.03649082428878794,0.02489591174054492,0.006793941961764578,0.14596329715515177,,,0.0063806729305032036,,,,,numerical_failure,Tp invalid: nan
0.01778279410038923,1.5,0.04808798364275016,0.026674191150583844,0.007799168068352195,0.19235193457100064,,,,,,,,numerical_failure,Tn invalid: nan
0.023713737056616554,0.3,7.694077382840025e-05,0.007114121116984966,0.0004160143108876594,0.000307763095313601,,,,,,,,numerical_failure,Tn invalid: nan
0.023713737056616554,0.39999999999999997,0.0002431708407416106,0.009485494822646622,0.0007395809971336167,0.0009726833629664424,,,,,,,,numerical_failure,Tn invalid: nan
0.023713737056616554,0.5,0.0005936788104043229,0.011856868528308277,0.0011555953080212762,0.0023747152416172916,89981441156358.42,15.772417059295663,1.1029155398432776e-06,6.812709536191339e-07,0.002098254238617587,3.848417511774868e-09,False,viable,
0.023713737056616554,0.6,0.001231052381254404,0.014228242233969932,0.0016640572435506376,0.004924209525017616,739925.3749901761,34.7969390683005,0.00011366416459896155,8.446268641658562e-05,0.0024772053969536524,1.0025356239349084e-08,False,viable,
0.023713737056616554,0.7,0.0022806765180492464,0.016599615939631586,0.002264966803721701,0.009122706072196986,238.07411985420532,65.10219310234788,0.0007620927299847307,0.0006330710589223761,0.0024893479318798773,1.8848551211114854e-08,False,viable,
0.023713737056616554,0.7999999999999999,0.0038907334518657696,0.018970989645293243,0.0029583239885344666,0.015562933807463078,9.76988310406749,132.10807262433374,0.0017587922782756843,0.0015969921552827242,0.0028930472731165885,,True,physical_failure,eternal inflation occurs
0.023713737056616554,0.8999999999999999,0.006232202680100418,0.021342363350954897,0.0037441287979889334,0.02492881072040167,1.8463113652676648,167.93956042026537,0.002977136158047941,0.0027230735993016976,0.0035369586400135207,6.908436132729465e-08,False,viable,
0.023713737056616554,1.0,0.009498860966469166,0.023713737056616554,0.004622381232085105,0.037995443865876666,0.6257380835066546,244.6743335101331,0.004233219190407843,0.003965432606591824,0.004477681700569049,1.2742521823516445e-07,False,viable,
0.023713737056616554,1.0999999999999999,0.0139072823410075,0.026085110762278207,0.005593081290822975,0.05562912936403,0.322225901629667,347.89354174682785,0.005408387792987552,0.005148640018948774,0.005521015204248519,2.2341263250807845e-07,False,viable,
0.023713737056616554,1.2,0.019696838100070464,0.028456484467939865,0.00665622897420255,0.07878735240028185,0.2094910864791126,472.3408110759237,0.006499561391024411,0.006254379946263371,0.006558959188464953,3.6038052928027485e-07,False,viable,
0.023713737056616554,1.2999999999999998,0.027129696806332572,0.030827858173601515,0.0078118242822238235,0.10851878722533029,,,,,,,,numerical_failure,Tn invalid: nan
0.023713737056616554,1.4,0.03649082428878794,0.03319923187926317,0.009059867214886804,0.14596329715515177,,,0.008498959029588336,,,,,numerical_failure,Tp invalid: nan
0.023713737056616554,1.5,0.04808798364275016,0.03557060558492483,0.010400357772191485,0.19235193457100064,,,,,,,,numerical_failure,Tn invalid: nan
0.03162277660168379,0.3,7.694077382840025e-05,0.009486832980505138,0.0005547639996553498,0.000307763095313601,,,,,,,,numerical_failure,Tn invalid: nan
0.03162277660168379,0.39999999999999997,0.0002431708407416106,0.012649110640673516,0.0009862471104983995,0.0009726833629664424,,,,,,,,numerical_failure,Tn invalid: nan
0.03162277660168379,0.5,0.0005936788104043229,0.015811388300841896,0.0015410111101537495,0.0023747152416172916,130001920683305.44,15.478847900709525,1.3473907111229594e-06,8.286477932529155e-07,0.0027980625597432487,5.037241893441927e-09,False,viable,
0.03162277660168379,0.6,0.001231052381254404,0.018973665961010275,0.0022190559986213993,0.004924209525017616,787961.5335352584,34.26115857310208,0.0001466789328220609,0.00010859349460321797,0.0032354165387735757,1.289225834525752e-08,False,viable,
0.03162277660168379,0.7,0.0022806765180492464,0.022135943621178652,0.0030203817759013483,0.009122706072196986,252.9126772231024,64.06394178196706,0.0010002665444542626,0.0008288648244333751,0.003308680298858469,2.4652741156349513e-08,False,viable,
0.03162277660168379,0.7999999999999999,0.0038907334518657696,0.02529822128134703,0.003944988441993598,0.015562933807463078,10.021753300631076,130.774482655724,0.0023275488215654446,0.002115179859697607,0.0038539845922264883,5.861783015761295e-08,False,viable,
0.03162277660168379,0.8999999999999999,0.006232202680100418,0.028460498941515408,0.004992875996898147,0.02492881072040167,1.8973480472639812,165.67695464983956,0.003947318068725639,0.0036066073567260033,0.004705426904416339,9.067365993391129e-08,False,viable,
0.03162277660168379,1.0,0.009498860966469166,0.03162277660168379,0.006164044440614998,0.037995443865876666,0.6373839411472678,240.97395880241376,0.005623698097063316,0.005263019298511296,0.005953503237978742,1.6687719866206207e-07,False,viable,
0.03162277660168379,1.0999999999999999,0.0139072823410075,0.03478505426185217,0.007458493773144146,0.05562912936403,0.32615155534607143,342.8616461868188,0.007193255603675735,0.006843967557772379,0.007344398478243939,2.92932540830404e-07,False,viable,
0.03162277660168379,1.2,0.019696838100070464,0.03794733192202055,0.008876223994485597,0.07878735240028185,0.21128109933188252,465.7424193545694,0.008650648424797649,0.008320997645119451,0.008729445024358238,4.7300193315947607e-07,False,viable,
0.03162277660168379,1.2999999999999998,0.027129696806332572,0.04110960958218892,0.010417235104639343,0.10851878722533029,,,,,,,,numerical_failure,Tn invalid: nan
0.03162277660168379,1.4,0.03649082428878794,0.044271887242357304,0.012081527103605393,0.14596329715515177,,,0.01132031752645563,,,,,numerical_failure,Tp invalid: nan
0.03162277660168379,1.5,0.04808798364275016,0.04743416490252569,0.013869099991383745,0.19235193457100064,,,,,,,,numerical_failure,Tn invalid: nan
0.042169650342858224,0.3,7.694077382840025e-05,0.012650895102857466,0.0007397896833330559,0.000307763095313601,,,,,,,,numerical_failure,Tn invalid: nan
0.042169650342858224,0.39999999999999997,0.0002431708407416106,0.016867860137143288,0.001315181659258766,0.0009726833629664424,,,,,,,,numerical_failure,Tn invalid: nan
0.042169650342858224,0.5,0.0005936788104043229,0.021084825171429112,0.002054971342591822,0.0023747152416172916,189654718796651.0,15.186166336576434,1.6424090902973275e-06,1.0054620441482582e-06,0.0037312692924063966,6.5902440847057455e-09,False,viable,
0.042169650342858224,0.6,0.001231052381254404,0.025301790205714932,0.0029591587333322234,0.004924209525017616,816271.7984814199,33.728797285036194,0.00018917725579913007,0.00013952567861463228,0.004193850786154602,1.6452041045622727e-08,False,viable,
0.042169650342858224,0.7,0.0022806765180492464,0.029518755240000756,0.00402774383147997,0.009122706072196986,271.0550746059843,63.035396510755966,0.0013125114045815206,0.0010847974192052055,0.00440567900049991,3.230049036402923e-08,False,viable,
0.042169650342858224,0.7999999999999999,0.0038907334518657696,0.033735720274286576,0.005260726637035064,0.015562933807463078,10.364567280722028,129.0677129770046,0.0030802499708389363,0.002796374281123337,0.005134327002520636,7.707844318626906e-08,False,viable,
0.042169650342858224,0.8999999999999999,0.006232202680100418,0.0379526853085724,0.006658107149997501,0.02492881072040167,1.9489231368796769,163.47944995213484,0.005233235031341523,0.004776932491396887,0.006259864995344561,1.1903943083248376e-07,False,viable,
0.042169650342858224,1.0,0.009498860966469166,0.042169650342858224,0.008219885370367289,0.037995443865876666,0.6487206572385869,237.48433237861377,0.007470499049458825,0.006986341747810205,0.007916561607722191,2.1871559085969522e-07,False,viable,
0.042169650342858224,1.0999999999999999,0.0139072823410075,0.04638661537714404,0.009946061298144416,0.05562912936403,0.3301499345259751,337.830015779602,0.009566809669982792,0.009096875878672745,0.00976938935148021,3.839941973647655e-07,False,viable,
0.042169650342858224,1.2,0.019696838100070464,0.050603580411429865,0.011836634933328894,0.07878735240028185,0.21306170428189392,459.1818889844888,0.011513354673649332,0.011070089435148993,0.011617745343534304,6.207493607975398e-07,False,viable,
0.042169650342858224,1.2999999999999998,0.027129696806332572,0.054820545445715685,0.013891606275920712,0.10851878722533029,,,,,,,,numerical_failure,Tn invalid: nan
0.042169650342858224,1.4,0.03649082428878794,0.05903751048000151,0.01611097532591988,0.14596329715515177,,,0.015077824820757249,,,,,numerical_failure,Tp invalid: nan
0.042169650342858224,1.5,0.04808798364275016,0.06325447551428734,0.0184947420833264,0.19235193457100064,,,,,,,,numerical_failure,Tn invalid: nan
0.05623413251903491,0.3,7.694077382840025e-05,0.016870239755710472,0.0009865253980179487,0.000307763095313601,,,,,,,,numerical_failure,Tn invalid: nan
0.05623413251903491,0.39999999999999997,0.0002431708407416106,0.022493653007613964,0.0017538229298096864,0.0009726833629664424,,,,,,,,numerical_failure,Tn invalid: nan
0.05623413251903491,0.5,0.0005936788104043229,0.028117066259517456,0.0027403483278276354,0.0023747152416172916,279514853419847.8,14.894334873375215,1.997375779167276e-06,1.2168985763891005e-06,0.004975716249493807,8.619938296589513e-09,False,viable,
0.05623413251903491,0.6,0.001231052381254404,0.033740479511420944,0.003946101592071795,0.004924209525017616,846282.1181983488,33.199838888890554,0.00024384870098388543,0.00017914608664589508,0.0054335822443726265,2.098274177094225e-08,False,viable,
0.05623413251903491,0.7,0.0022806765180492464,0.039363892763324436,0.005371082722542164,0.009122706072196986,290.28589654286,62.03724111259134,0.0017217388594405263,0.0014197610529503642,0.005865366072951,4.232524417726483e-08,False,viable,
0.05623413251903491,0.7999999999999999,0.0038907334518657696,0.04498730601522793,0.007015291719238746,0.015562933807463078,10.74290360204899,127.25384731930944,0.0040764471822394436,0.0036957507461233847,0.006841424635769084,1.0127357536804793e-07,False,viable,
0.05623413251903491,0.8999999999999999,0.006232202680100418,0.05061071926713141,0.008878728582161537,0.02492881072040167,2.0021452252599476,161.3089250242723,0.0069374997090183126,0.006326449547474733,0.008327563887073784,1.562772754783224e-07,False,viable,
0.05623413251903491,1.0,0.009498860966469166,0.05623413251903491,0.010961393311310541,0.037995443865876666,0.6602758173328446,234.0306525432254,0.009923228769049195,0.009273395395744434,0.010526496200360723,2.8663970614512604e-07,False,viable,
0.05623413251903491,1.0999999999999999,0.0139072823410075,0.061857545770938396,0.013263285906685752,0.05562912936403,0.3341098146544863,332.9028514112622,0.01272302562183225,0.012091345491464279,0.012994887540998432,5.035783989264173e-07,False,viable,
0.05623413251903491,1.2,0.019696838100070464,0.06748095902284189,0.01578440636828718,0.07878735240028185,0.21354127900875466,452.5964614713587,0.01532258698401109,0.014726547477426194,0.01545662179061588,8.155125944844195e-07,False,viable,
0.05623413251903491,1.2999999999999998,0.027129696806332572,0.07310437227474538,0.01852475469611481,0.10851878722533029,,,,,,,,numerical_failure,Tn invalid: nan
0.05623413251903491,1.4,0.03649082428878794,0.07872778552664887,0.021484330890168657,0.14596329715515177,,,0.02008157101750308,,,,,numerical_failure,Tp invalid: nan
0.05623413251903491,1.5,0.04808798364275016,0.08435119877855236,0.02466313495044872,0.19235193457100064,,,,,,,,numerical_failure,Tn invalid: nan
0.07498942093324558,0.3,7.694077382840025e-05,0.022496826279973674,0.001315552761630388,0.000307763095313601,,,,,,,,numerical_failure,Tn invalid: nan
0.07498942093324558,0.39999999999999997,0.0002431708407416106,0.029995768373298228,0.00233876046512069,0.0009726833629664424,,,,,,,,numerical_failure,Tn invalid: nan
0.07498942093324558,0.5,0.0005936788104043229,0.03749471046662279,0.003654313226751078,0.0023747152416172916,416390138366890.06,14.603312775179235,2.4231471793645446e-06,1.4688563311749508e-06,0.006635206269068827,1.1271425061563798e-08,False,viable,
0.07498942093324558,0.6,0.001231052381254404,0.04499365255994735,0.005262211046521552,0.004924209525017616,871044.6606780445,32.74591269178018,0.00031413432337678,0.00023108029367616159,0.007059486973705431,2.6891492147087712e-08,False,viable,
0.07498942093324558,0.7,0.0022806765180492464,0.052492594653271905,0.0071624539244321125,0.009122706072196986,312.5776433888845,61.05201734908406,0.002257906114778657,0.0018575784191374872,0.007816879728417403,5.551864993912263e-08,False,viable,
0.07498942093324558,0.7999999999999999,0.0038907334518657696,0.059991536746596456,0.00935504186048276,0.015562933807463078,11.134852943801532,125.36138526940022,0.005395046357307623,0.004883933345714571,0.009115455130007015,1.3294843071639104e-07,False,viable,
0.07498942093324558,0.8999999999999999,0.006232202680100418,0.06749047883992101,0.01183997485467349,0.02492881072040167,2.0571937916943783,159.16525809359428,0.009196013527379832,0.008377813436624809,0.011078001693115676,2.0516562186592393e-07,False,viable,
0.07498942093324558,1.0,0.009498860966469166,0.07498942093324558,0.014617252907004313,0.037995443865876666,0.671995169769594,230.57629316436135,0.013180354784801096,0.0123077685761654,0.013995488966415016,3.758129738610956e-07,False,viable,
0.07498942093324558,1.0999999999999999,0.0139072823410075,0.08248836302657013,0.017686876017475216,0.05562912936403,0.33397981574274077,327.89605145632095,0.016918953695438513,0.01606945155608137,0.017269842200642406,6.611572168184748e-07,False,viable,
0.07498942093324558,1.2,0.019696838100070464,0.0899873051198947,0.02104884418608621,0.07878735240028185,0.21036029885013705,445.74902425232204,0.02039050414733439,0.019587756032463575,0.02054534099252399,1.0726311035140742e-06,False,viable,
0.07498942093324558,1.2999999999999998,0.027129696806332572,0.09748624721321925,0.024703157412837278,0.10851878722533029,,,,,,,,numerical_failure,Tn invalid: nan
0.07498942093324558,1.4,0.03649082428878794,0.10498518930654381,0.02864981569772845,0.14596329715515177,,,0.026744126165059393,,,,,numerical_failure,Tp invalid: nan
0.07498942093324558,1.5,0.04808798364275016,0.11248413139986838,0.0328888190407597,0.19235193457100064,,,,,,,,numerical_failure,Tn invalid: nan
0.1,0.3,7.694077382840025e-05,0.03,0.0017543178027757712,0.000307763095313601,,,,,,,,numerical_failure,Tn invalid: nan
0.1,0.39999999999999997,0.0002431708407416106,0.04,0.0031187872049347042,0.0009726833629664424,,,,,,,,numerical_failure,Tn invalid: nan
0.1,0.5,0.0005936788104043229,0.05,0.004873105007710476,0.0023747152416172916,627329582724957.4,14.313055681213882,2.9321657648405794e-06,1.7679870859758166e-06,0.008848161285451009,1.473394805762645e-08,False,viable,
0.1,0.6,0.001231052381254404,0.06,0.007017271211103085,0.004924209525017616,945846.2295481265,32.221113315657135,0.0004044329623741959,0.00029625638954799505,0.009238957617549875,3.463442483461499e-08,False,viable,
0.1,0.7,0.0022806765180492464,0.06999999999999999,0.009551285815112533,0.009122706072196986,337.1354731092704,60.079260186782335,0.002960166962243141,0.0024296293946095724,0.010418680418579846,7.28306364992239e-08,False,viable,
0.1,0.7999999999999999,0.0038907334518657696,0.08,0.012475148819738817,0.015562933807463078,11.541477793828452,123.39553762016918,0.0071406639352348915,0.006453730460492012,0.012145013490636732,1.7439000148081832e-07,False,viable,
0.1,0.8999999999999999,0.006232202680100418,0.09,0.015788860224981938,0.02492881072040167,2.1140312431388306,157.04833671259166,0.012188754607332031,0.011093279065431207,0.014736375514054377,2.6962474968296126e-07,False,viable,
0.1,1.0,0.009498860966469166,0.1,0.019492420030841905,0.037995443865876666,0.6749239771411645,227.1343577883158,0.01750432843859556,0.016333435715628727,0.01858130972634312,4.933275218625991e-07,False,viable,
0.1,1.0999999999999999,0.0139072823410075,0.10999999999999999,0.0235858282373187,0.05562912936403,0.32843340024683887,322.8777268459453,0.022496266816485967,0.02135449762619343,0.02292578976493626,8.69350577200676e-07,False,viable,
0.1,1.2,0.019696838100070464,0.12,0.02806908484441234,0.07878735240028185,0.2024474972653344,438.90403030466985,0.02713166864039254,0.02605212346721977,0.027280960604093223,1.4152143991593149e-06,False,viable,
0.1,1.2999999999999998,0.027129696806332572,0.12999999999999998,0.03294218985212281,0.10851878722533029,,,,,,,,numerical_failure,Tn invalid: nan
0.1,1.4,0.03649082428878794,0.13999999999999999,0.03820514326045013,0.14596329715515177,,,0.03561542345744849,,,,,numerical_failure,Tp invalid: nan
0.1,1.5,0.04808798364275016,0.15000000000000002,0.043857945069394284,0.19235193457100064,,,,,,,,numerical_failure,Tn invalid: nan
0.1333521432163324,0.3,7.694077382840025e-05,0.04000564296489972,0.0023394203888271623,0.000307763095313601,,,,,,,,numerical_failure,Tn invalid: nan
0.1333521432163324,0.39999999999999997,0.0002431708407416106,0.053340857286532956,0.004158969580137177,0.0009726833629664424,,,,,,,,numerical_failure,Tn invalid: nan
0.1333521432163324,0.5,0.0005936788104043229,0.0666760716081662,0.00649838996896434,0.0023747152416172916,956438506014761.4,14.023515171587064,3.538578170884936e-06,2.121715329732375e-06,0.011799167797740718,1.92540863592986e-08,False,viable,
0.1333521432163324,0.6,0.001231052381254404,0.08001128592979943,0.00935768155530865,0.004924209525017616,1048343.6453146236,31.711120890477673,0.0005203629826638839,0.0003798678005284885,0.012155099058227457,4.485330995688908e-08,False,viable,
0.1333521432163324,0.7,0.0022806765180492464,0.09334650025143268,0.012736844339170104,0.009122706072196986,364.9035296116333,59.11378951296342,0.0038796763283817644,0.003176483691235065,0.013892751886319209,9.563710717693727e-08,False,viable,
0.1333521432163324,0.7999999999999999,0.0038907334518657696,0.10668171457306591,0.01663587832054871,0.015562933807463078,11.967124480052972,121.34841615437608,0.009452121833384538,0.008526943284445665,0.016180960374382845,2.2904091620621145e-07,False,viable,
0.1333521432163324,0.8999999999999999,0.006232202680100418,0.12001692889469916,0.021054783499444455,0.02492881072040167,2.160172133923638,154.9488682203446,0.016153142931186002,0.014686989958104026,0.019582154949684377,3.5498386838418606e-07,False,viable,
0.1333521432163324,1.0,0.009498860966469166,0.1333521432163324,0.02599355987585736,0.037995443865876666,0.6673325061473158,223.63094555113602,0.023243506685042437,0.021671307404418153,0.024625818081924065,6.480184031430887e-07,False,viable,
0.1333521432163324,1.0999999999999999,0.0139072823410075,0.14668735753796563,0.0314522074497874,0.05562912936403,0.31433246015569716,317.7038677371371,0.029907584314263717,0.028372193872206165,0.030378702948765237,1.145341418920512e-06,False,viable,
0.1333521432163324,1.2,0.019696838100070464,0.16002257185959887,0.0374307262212346,0.07878735240028185,0.19132833697454354,431.78478235688544,0.03609880393341418,0.03464395540546713,0.036193896396350754,1.8676761408534939e-06,False,viable,
0.1333521432163324,1.2999999999999998,0.027129696806332572,0.1733577861812321,0.04392911619019892,0.10851878722533029,,,,,,,,numerical_failure,Tn invalid: nan
0.1333521432163324,1.4,0.03649082428878794,0.18669300050286536,0.050947377356680416,0.14596329715515177,,,0.047428810326535134,,,,,numerical_failure,Tp invalid: nan
0.1333521432163324,1.5,0.04808798364275016,0.20002821482449862,0.05848550972067906,0.19235193457100064,,,,,,,,numerical_failure,Tn invalid: nan
0.1778279410038923,0.3,7.694077382840025e-05,0.05334838230116769,0.003119667227340878,0.000307763095313601,,,,,,,,numerical_failure,Tn invalid: nan
0.1778279410038923,0.39999999999999997,0.0002431708407416106,0.07113117640155692,0.005546075070828227,0.0009726833629664424,,,,,,,,numerical_failure,Tn invalid: nan
0.1778279410038923,0.5,0.0005936788104043229,0.08891397050194615,0.008665742298169106,0.0023747152416172916,1476638880924769.5,13.734637228139945,4.2583259498685065e-06,2.5382293171708593e-06,0.015734372620380903,2.5198524357957768e-08,False,viable,
0.1778279410038923,0.6,0.001231052381254404,0.10669676460233538,0.012478668909363512,0.004924209525017616,1191008.340856021,31.199998009583396,0.0006690939672065723,0.00048654651100721015,0.016073229822792565,5.849144272060691e-08,False,viable,
0.1778279410038923,0.7,0.0022806765180492464,0.12447955870272459,0.016984854904411446,0.009122706072196986,395.2334208329047,58.16670539797997,0.005083243401703558,0.004152079409619863,0.018524795691981285,1.25945535573505e-07,False,viable,
0.1778279410038923,0.7999999999999999,0.0038907334518657696,0.14226235280311383,0.02218430028331291,0.015562933807463078,12.41124395536384,119.23720875763877,0.01251388945347791,0.01126482335263018,0.02155716527714709,3.0141028849884024e-07,False,viable,
0.1778279410038923,0.8999999999999999,0.006232202680100418,0.16004514690350305,0.028077005046067895,0.02492881072040167,2.1707053376228806,152.85648871665103,0.0214035433532094,0.01944155402790004,0.025942985176683475,4.6765190583758277e-07,False,viable,
0.1778279410038923,1.0,0.009498860966469166,0.1778279410038923,0.034662969192676425,0.037995443865876666,0.642348584163393,220.08364248286227,0.030858276879599352,0.02874804027401859,0.03254427340014484,8.522063989739097e-07,False,viable,
0.1778279410038923,1.0999999999999999,0.0139072823410075,0.1956107351042815,0.04194219272313846,0.05562912936403,0.2992694319150147,312.52042914277916,0.03975834638375688,0.037692359070068994,0.04024186732808091,1.5080354689264943e-06,False,viable,
0.1778279410038923,1.2,0.019696838100070464,0.21339352920467075,0.049914675637454047,0.07878735240028185,0.18143352735333831,424.83464756357137,0.04802849381585775,0.04606930359217802,0.048030153003013575,2.4642921260688205e-06,False,viable,
0.1778279410038923,1.2999999999999998,0.027129696806332572,0.23117632330505994,0.05858041793562314,0.10851878722533029,,,,,,,,numerical_failure,Tn invalid: nan
0.1778279410038923,1.4,0.03649082428878794,0.24895911740544918,0.06793941961764578,0.14596329715515177,,,0.06316047641546843,,,,,numerical_failure,Tp invalid: nan
0.1778279410038923,1.5,0.04808798364275016,0.2667419115058384,0.07799168068352196,0.19235193457100064,,,,,,,,numerical_failure,Tn invalid: nan
0.23713737056616552,0.3,7.694077382840025e-05,0.07114121116984966,0.004160143108876593,0.000307763095313601,,,,,,,,numerical_failure,Tn invalid: nan
0.23713737056616552,0.39999999999999997,0.0002431708407416106,0.0948549482264662,0.007395809971336166,0.0009726833629664424,,,,,,,,numerical_failure,Tn invalid: nan
0.23713737056616552,0.5,0.0005936788104043229,0.11856868528308276,0.011555953080212759,0.0023747152416172916,2310262841017853.5,13.446365969755902,5.109187344160248e-06,3.0264381386731744e-06,0.02098201288714491,3.306118210179271e-08,False,viable,
0.23713737056616552,0.6,0.001231052381254404,0.14228242233969932,0.016640572435506373,0.004924209525017616,1371195.9476042325,30.69907347087053,0.0008597665472402002,0.0006230534884508269,0.02132064266420923,7.672939113498423e-08,False,viable,
0.23713737056616552,0.7,0.0022806765180492464,0.16599615939631585,0.022649668037217005,0.009122706072196986,428.53507596892786,57.230528037251815,0.0066580891392752145,0.00542537795632467,0.0246990163174481,1.6634459403995145e-07,False,viable,
0.23713737056616552,0.7999999999999999,0.0038907334518657696,0.1897098964529324,0.029583239885344663,0.015562933807463078,12.789612346392657,117.0656513698276,0.016571463420616633,0.014879216857380055,0.028672666795889284,3.9751131478029757e-07,False,viable,
0.23713737056616552,0.8999999999999999,0.006232202680100418,0.21342363350954893,0.03744128797988933,0.02492881072040167,2.1359168919758473,150.76491789659485,0.028354402733387997,0.025730054157736652,0.034239848662247954,6.154841371549108e-07,False,viable,
0.23713737056616552,1.0,0.009498860966469166,0.23713737056616552,0.046223812320851036,0.037995443865876666,0.6158676437388849,216.53084626551333,0.040964935171322006,0.0381300905240323,0.042990181879354716,1.1190842392708222e-06,False,viable,
0.23713737056616552,1.0999999999999999,0.0139072823410075,0.260851107622782,0.055930812908229745,0.05562912936403,0.2848277589093805,307.36144110790065,0.052850157894776706,0.050070251052173234,0.05330782909677637,1.9867430550459803e-06,False,viable,
0.23713737056616552,1.2,0.019696838100070464,0.28456484467939863,0.0665622897420255,0.07878735240028185,0.17332253742662526,418.0567094645653,0.06390014159807345,0.06126284428213744,0.06376046994382706,3.248481926712667e-06,False,viable,
0.23713737056616552,1.2999999999999998,0.027129696806332572,0.30827858173601513,0.07811824282223823,0.10851878722533029,,,,,,,,numerical_failure,Tn invalid: nan
0.23713737056616552,1.4,0.03649082428878794,0.3319923187926317,0.09059867214886802,0.14596329715515177,,,0.08410833934436654,,,,,numerical_failure,Tp invalid: nan
0.23713737056616552,1.5,0.04808798364275016,0.3557060558492483,0.10400357772191483,0.19235193457100064,,,,,,,,numerical_failure,Tn invalid: nan
0.31622776601683794,0.3,7.694077382840025e-05,0.09486832980505137,0.005547639996553499,0.000307763095313601,,,,,,,,numerical_failure,Tn invalid: nan
0.31622776601683794,0.39999999999999997,0.0002431708407416106,0.12649110640673517,0.009862471104983997,0.0009726833629664424,,,,,,,,numerical_failure,Tn invalid: nan
0.31622776601683794,0.5,0.0005936788104043229,0.15811388300841897,0.015410111101537496,0.0023747152416172916,3665758888657909.0,13.158636154244618,6.110753086497246e-06,3.5958661245985043e-06,0.0279797924412668,4.3565443509405594e-08,False,viable,
0.31622776601683794,0.6,0.001231052381254404,0.18973665961010275,0.022190559986213994,0.004924209525017616,1597809.2321780846,30.200468598408747,0.001104023117776265,0.0007971807900147028,0.028342497975427986,1.0132811324773329e-07,False,viable,
0.31622776601683794,0.7,0.0022806765180492464,0.22135943621178655,0.03020381775901349,0.009122706072196986,465.2476840362856,56.30514434037081,0.008718035455416787,0.007086586869627972,0.03292996636404606,2.207130656353545e-07,False,viable,
0.31622776601683794,0.7999999999999999,0.0038907334518657696,0.25298221281347033,0.039449884419935986,0.015562933807463078,12.968830511788592,114.85100429226237,0.02195365348296137,0.0196499680163314,0.03798847501030847,5.221974087570046e-07,False,viable,
0.31622776601683794,0.8999999999999999,0.006232202680100418,0.2846049894151541,0.049928759968981475,0.02492881072040167,2.0613041989983962,148.68309249911246,0.03755789036817695,0.0340464362499102,0.045034804463626725,8.065570930962589e-07,False,viable,
0.31622776601683794,1.0,0.009498860966469166,0.31622776601683794,0.061640444406149984,0.037995443865876666,0.5898701477822769,213.02302906413217,0.054376539072635365,0.05057029135925244,0.056785292809456094,1.4692854219362526e-06,False,viable,
0.31622776601683794,1.0999999999999999,0.0139072823410075,0.3478505426185217,0.07458493773144147,0.05562912936403,0.2743311813729591,302.34909755057515,0.0702540982032553,0.06651387071295678,0.07066962705390796,2.612547569387291e-06,False,viable,
0.31622776601683794,1.2,0.019696838100070464,0.3794733192202055,0.08876223994485598,0.07878735240028185,0.16607593749833527,411.29551437103373,0.08501307319150678,0.08146220457971515,0.08465212556212778,4.283248649985052e-06,False,viable,
0.31622776601683794,1.2999999999999998,0.027129696806332572,0.4110960958218893,0.10417235104639344,0.10851878722533029,,,,,,,,numerical_failure,Tn invalid: nan
0.31622776601683794,1.4,0.03649082428878794,0.4427188724235731,0.12081527103605395,0.14596329715515177,,,0.11199313921897637,,,,,numerical_failure,Tp invalid: nan
0.31622776601683794,1.5,0.04808798364275016,0.4743416490252569,0.13869099991383746,0.19235193457100064,,,0.12460746429029916,,,,,numerical_failure,Tp invalid: nan
0.4216965034285822,0.3,7.694077382840025e-05,0.12650895102857465,0.007397896833330558,0.000307763095313601,,,,,,,,numerical_failure,Tn invalid: nan
0.4216965034285822,0.39999999999999997,0.0002431708407416106,0.16867860137143287,0.013151816592587658,0.0009726833629664424,,,,,,,,numerical_failure,Tn invalid: nan
0.4216965034285822,0.5,0.0005936788104043229,0.2108482517142911,0.020549713425918218,0.0023747152416172916,5904183736456967.0,12.871377165524223,7.2843065620342885e-06,4.256488216625434e-06,0.037311387674162845,5.7447380840715954e-08,False,viable,
0.4216965034285822,0.6,0.001231052381254404,0.2530179020571493,0.029591587333322233,0.004924209525017616,1879220.2569977776,29.70564555764099,0.001416677835353761,0.0010192036875115618,0.03773596542968401,1.3413790717913986e-07,False,viable,
0.4216965034285822,0.7,0.0022806765180492464,0.29518755240000755,0.040277438314799706,0.009122706072196986,505.6622826888892,55.39236020653959,0.011411557266176707,0.00925345347166041,0.04390191751443746,2.926092373103382e-07,False,viable,
0.4216965034285822,0.7999999999999999,0.0038907334518657696,0.33735720274286574,0.05260726637035063,0.015562933807463078,12.869642101935192,112.60204273297347,0.02910609977742324,0.02594513413021651,0.05006938233103062,6.819542886143531e-07,False,viable,
0.4216965034285822,0.8999999999999999,0.006232202680100418,0.379526853085724,0.06658107149997501,0.02492881072040167,1.9975747147702572,146.63482032287334,0.04974355964420236,0.045046383019019816,0.05927238864164896,1.056940581169325e-06,False,viable,
0.4216965034285822,1.0,0.009498860966469166,0.4216965034285822,0.08219885370367287,0.037995443865876666,0.5723044734852446,209.58719531827796,0.07217952906843396,0.06706712686811492,0.07510067911610109,1.9282158316267882e-06,False,viable,
0.4216965034285822,1.0999999999999999,0.0139072823410075,0.4638661537714404,0.09946061298144417,0.05562912936403,0.26231465249020636,297.3160091657121,0.09337841595820277,0.0883475966581832,0.09364544238690631,3.4418135558253192e-06,False,viable,
0.4216965034285822,1.2,0.019696838100070464,0.5060358041142986,0.11836634933328893,0.07878735240028185,0.1545000721391084,404.2898503537344,0.11308382969469133,0.10830234986885995,0.11226292947474283,5.669117276739343e-06,False,viable,
0.4216965034285822,1.2999999999999998,0.027129696806332572,0.5482054544571568,0.13891606275920712,0.10851878722533029,,,0.13154711847517692,,,,,numerical_failure,Tp invalid: nan
0.4216965034285822,1.4,0.03649082428878794,0.5903751048000151,0.16110975325919882,0.14596329715515177,,,0.149089821812186,,,,,numerical_failure,Tp invalid: nan
0.4216965034285822,1.5,0.04808798364275016,0.6325447551428733,0.18494742083326396,0.19235193457100064,,,0.1656866481999511,,,,,numerical_failure,Tp invalid: nan
0.5623413251903491,0.3,7.694077382840025e-05,0.16870239755710473,0.009865253980179487,0.000307763095313601,,,,,,,,numerical_failure,Tn invalid: nan
0.5623413251903491,0.39999999999999997,0.0002431708407416106,0.22493653007613962,0.017538229298096862,0.0009726833629664424,,,,,,,,numerical_failure,Tn invalid: nan
0.5623413251903491,0.5,0.0005936788104043229,0.28117066259517454,0.027403483278276353,0.0023747152416172916,9661960902564916.0,12.584510790077275,8.652576262427929e-06,5.018472191920427e-06,0.04975512720991812,7.571933622096291e-08,False,viable,
0.5623413251903491,0.6,0.001231052381254404,0.33740479511420945,0.03946101592071795,0.004924209525017616,2233677.6048601912,29.19794067770454,0.0018165612890425216,0.0013001338588241064,0.05026240203864421,1.7753995874081032e-07,False,viable,
0.5623413251903491,0.7,0.0022806765180492464,0.3936389276332443,0.05371082722542164,0.009122706072196986,550.4832803304319,54.48609809171501,0.014932236001751425,0.012077216212477754,0.05852614633836385,3.8765183742651804e-07,False,viable,
0.5623413251903491,0.7999999999999999,0.0038907334518657696,0.44987306015227924,0.07015291719238745,0.015562933807463078,12.547247552138389,110.33055557585668,0.038668043172791766,0.03424965709361528,0.06570811286120275,8.843297409092324e-07,False,viable,
0.5623413251903491,0.8999999999999999,0.006232202680100418,0.5061071926713141,0.08878728582161535,0.02492881072040167,1.945796671787233,144.625763765859,0.06587988466832616,0.05959562714652689,0.07807555609115482,1.3849849111638556e-06,False,viable,
0.5623413251903491,1.0,0.009498860966469166,0.5623413251903491,0.10961393311310541,0.037995443865876666,0.5507756376839209,206.14971599557921,0.09579509352968509,0.08893209201545486,0.09924205556940129,2.5359656115805503e-06,False,viable,
0.5623413251903491,1.0999999999999999,0.0139072823410075,0.6185754577093839,0.1326328590668575,0.05562912936403,0.24042789053642324,292.0309688295788,0.12407400154645838,0.11731209004223318,0.12380427832807223,4.5624714704828266e-06,False,viable,
0.5623413251903491,1.2,0.019696838100070464,0.6748095902284189,0.1578440636828718,0.07878735240028185,0.13079332411884956,396.44748213591186,0.15026279576265192,0.14392002865008888,0.1484113261367012,7.572395915125392e-06,False,viable,
0.5623413251903491,1.2999999999999998,0.027129696806332572,0.7310437227474537,0.18524754696114806,0.10851878722533029,,,0.17464904879856813,,,,,numerical_failure,Tp invalid: nan
0.5623413251903491,1.4,0.03649082428878794,0.7872778552664886,0.21484330890168657,0.14596329715515177,,,0.19814544260325512,,,,,numerical_failure,Tp invalid: nan
0.5623413251903491,1.5,0.04808798364275016,0.8435119877855236,0.24663134950448717,0.19235193457100064,,,0.22069184341858322,,,,,numerical_failure,Tp invalid: nan
0.7498942093324559,0.3,7.694077382840025e-05,0.22496826279973675,0.013155527616303883,0.000307763095313601,,,,,,,,numerical_failure,Tn invalid: nan
0.7498942093324559,0.39999999999999997,0.0002431708407416106,0.2999576837329823,0.0233876046512069,0.0009726833629664424,,,,,,,,numerical_failure,Tn invalid: nan
0.7498942093324559,0.5,0.0005936788104043229,0.37494710466622794,0.03654313226751078,0.0023747152416172916,1.6081981200139126e+16,12.297950030173865,1.0239321011097683e-05,5.891811892277036e-06,0.06634890506052896,9.956321085001397e-08,False,viable,
0.7498942093324559,0.6,0.001231052381254404,0.4499365255994735,0.05262211046521553,0.004924209525017616,2643102.6243097517,28.718044830966956,0.0023275838286076485,0.0016606735966837878,0.06695959656650237,2.3470730769794397e-07,False,viable,
0.7498942093324559,0.7,0.0022806765180492464,0.5249259465327191,0.07162453924432113,0.009122706072196986,593.4210667945863,53.5909515718771,0.019532359856109845,0.01575688015604324,0.07780254081288931,5.113525179859968e-07,False,viable,
0.7498942093324559,0.7999999999999999,0.0038907334518657696,0.5999153674659646,0.0935504186048276,0.015562933807463078,12.286629480313067,108.05731383254626,0.0511534614564582,0.04520402614827111,0.08630397987614485,1.148305982213413e-06,False,viable,
0.7498942093324559,0.8999999999999999,0.006232202680100418,0.6749047883992102,0.11839974854673492,0.02492881072040167,1.9067637863939026,142.65042433414973,0.08723895295783694,0.0788360796406121,0.10293840976144789,1.823416609153373e-06,False,viable,
0.7498942093324559,1.0,0.009498860966469166,0.7498942093324559,0.14617252907004313,0.037995443865876666,0.5078123603697922,202.57055532711377,0.12707620310564635,0.11787852683289586,0.1306235626093041,3.362487321790387e-06,False,viable,
0.7498942093324559,1.0999999999999999,0.0139072823410075,0.8248836302657013,0.17686876017475217,0.05562912936403,0.08884745772932896,280.48024167597424,0.16413911389055363,0.1549211190166233,0.1582531581372638,6.616315933987566e-06,False,viable,
0.7498942093324559,1.2,0.019696838100070464,0.899873051198947,0.21048844186086213,0.07878735240028185,0.05414462591231534,381.64642561196155,0.19940604499057935,0.19060461975181223,0.19313388307597168,1.101282588900541e-05,False,viable,
0.7498942093324559,1.2999999999999998,0.027129696806332572,0.9748624721321925,0.24703157412837282,0.10851878722533029,,,0.23247371919647108,,,,,numerical_failure,Tp invalid: nan
0.7498942093324559,1.4,0.03649082428878794,1.0498518930654381,0.28649815697728453,0.14596329715515177,,,0.26384908172183946,,,,,numerical_failure,Tp invalid: nan
0.7498942093324559,1.5,0.04808798364275016,1.124841313998684,0.3288881904075971,0.19235193457100064,,,0.2939498307624751,,,,,numerical_failure,Tp invalid: nan
1.0,0.3,7.694077382840025e-05,0.3,0.017543178027757712,0.000307763095313601,,,,,,,,numerical_failure,Tn invalid: nan
1.0,0.39999999999999997,0.0002431708407416106,0.39999999999999997,0.031187872049347042,0.0009726833629664424,,,,,,,,numerical_failure,Tn invalid: nan
1.0,0.5,0.0005936788104043229,0.5,0.04873105007710476,0.0023747152416172916,2.725787046675835e+16,12.011597939945773,1.2068702076290071e-05,6.885827438900262e-06,0.08847674070828859,,True,physical_failure,eternal inflation occurs
1.0,0.6,0.001231052381254404,0.6,0.07017271211103085,0.004924209525017616,3153363.0129511887,28.234766590301774,0.0029800721414386788,0.0021181168441044384,0.08925723735998697,3.10809611525927e-07,False,viable,
1.0,0.7,0.0022806765180492464,0.7,0.09551285815112531,0.009122706072196986,631.4332974388327,52.708486364679175,0.025540590486562702,0.020550873146700194,0.10305853399651063,6.745665345992495e-07,False,viable,
1.0,0.7999999999999999,0.0038907334518657696,0.7999999999999999,0.12475148819738817,0.015562933807463078,12.100728344126274,105.79258928324009,0.06760452678630385,0.05965079356933138,0.11348542437582268,1.500872970113555e-06,False,viable,
1.0,0.8999999999999999,0.006232202680100418,0.8999999999999999,0.15788860224981938,0.02492881072040167,1.8271524260852299,140.67237734695937,0.11548620531875134,0.10426133815538832,0.13519499083086423,2.4276555386040755e-06,False,viable,
1.0,1.0,0.009498860966469166,1.0,0.19492420030841903,0.037995443865876666,0.19067404850063674,195.2135239847763,0.16761463854658482,0.1551659740231939,0.16208570486092658,4.717569287086337e-06,False,viable,
1.0,1.0999999999999999,0.0139072823410075,1.0999999999999999,0.23585828237318698,0.05562912936403,0.08843830413532223,275.89637935953704,0.21815675009916394,0.2057577598603854,0.2101634442476666,8.67365734029362e-06,False,viable,
1.0,1.2,0.019696838100070464,1.2,0.2806908484441234,0.07878735240028185,0.05342842628254729,375.45121068126264,0.26526419118018507,0.2534142385919589,0.2567333402703084,1.4463189859839729e-05,False,viable,
1.0,1.2999999999999998,0.027129696806332572,1.2999999999999998,0.32942189852122805,0.10851878722533029,,,0.3094300960081963,,,,,numerical_failure,Tp invalid: nan
1.0,1.4,0.03649082428878794,1.4,0.38205143260450125,0.14596329715515177,,,0.3513274773164883,,,,,numerical_failure,Tp invalid: nan
1.0,1.5,0.04808798364275016,1.5,0.43857945069394283,0.19235193457100064,,,0.3915143063550971,,,,,numerical_failure,Tp invalid: nan
1.333521432163324,0.3,7.694077382840025e-05,0.4000564296489972,0.023394203888271622,0.000307763095313601,,,,,,,,numerical_failure,Tn invalid: nan
1.333521432163324,0.39999999999999997,0.0002431708407416106,0.5334085728653295,0.04158969580137177,0.0009726833629664424,,,,,,,,numerical_failure,Tn invalid: nan
1.333521432163324,0.5,0.0005936788104043229,0.666760716081662,0.0649838996896434,0.0023747152416172916,4.7107432680525416e+16,11.725345792541475,1.4164390084799704e-05,8.00850611272613e-06,0.11798420497823082,,True,physical_failure,eternal inflation occurs
1.333521432163324,0.6,0.001231052381254404,0.8001128592979944,0.09357681555308649,0.004924209525017616,3780953.700558548,27.75271046591854,0.0038124466109954076,0.0026986341789214515,0.11899929406407869,4.1486726182140017e-07,False,viable,
1.333521432163324,0.7,0.0022806765180492464,0.9334650025143267,0.12736844339170103,0.009122706072196986,657.9022147854391,51.83359458236225,0.03338489741448821,0.02679101740445877,0.13573581294658327,8.985685704490589e-07,False,viable,
1.333521432163324,0.7999999999999999,0.0038907334518657696,1.066817145730659,0.16635878320548708,0.015562933807463078,11.992062192419095,103.53993910550228,0.08933342923892003,0.07869744026129968,0.14941015947411984,1.9921121607697365e-06,False,viable,
1.333521432163324,0.8999999999999999,0.006232202680100418,1.2001692889469915,0.21054783499444454,0.02492881072040167,1.591067862718853,138.59980871427524,0.15220865092645847,0.1377926233976936,0.17482183142558463,3.6154321626565337e-06,False,viable,
1.333521432163324,1.0,0.009498860966469166,1.333521432163324,0.2599355987585736,0.037995443865876666,0.19113993362897877,192.07871114880956,0.22243644972086912,0.20572503725370211,0.21492050177900826,6.1771535580201384e-06,False,viable,
1.333521432163324,1.0999999999999999,0.0139072823410075,1.4668735753796562,0.31452207449787395,0.05562912936403,0.08754031094909463,271.3151823362949,0.2899272838260905,0.2732483340812239,0.2790415423538277,1.1376716550867287e-05,False,viable,
1.333521432163324,1.2,0.019696838100070464,1.6002257185959887,0.37430726221234595,0.07878735240028185,0.052447460852007674,369.2477788467272,0.35285220161206693,0.33689482827589845,0.34122783469050033,1.9003899175666295e-05,False,viable,
1.333521432163324,1.2999999999999998,0.027129696806332572,1.733577861812321,0.4392911619019892,0.10851878722533029,,,0.41184234256514335,,,,,numerical_failure,Tp invalid: nan
1.333521432163324,1.4,0.03649082428878794,1.8669300050286535,0.5094737735668041,0.14596329715515177,,,0.4677920639977917,,,,,numerical_failure,Tp invalid: nan
1.333521432163324,1.5,0.04808798364275016,2.000282148244986,0.5848550972067905,0.19235193457100064,,,0.5214487883657377,,,,,numerical_failure,Tp invalid: nan
1.7782794100389228,0.3,7.694077382840025e-05,0.5334838230116768,0.031196672273408776,0.000307763095313601,,,,,,,,numerical_failure,Tn invalid: nan
1.7782794100389228,0.39999999999999997,0.0002431708407416106,0.7113117640155691,0.05546075070828227,0.0009726833629664424,,,,,,,,numerical_failure,Tn invalid: nan
1.7782794100389228,0.5,0.0005936788104043229,0.8891397050194614,0.08665742298169105,0.0023747152416172916,8.313164204770043e+16,11.439071177377969,1.6548350191897383e-05,9.265661013131167e-06,0.15733233823994489,,True,physical_failure,eternal inflation occurs
1.7782794100389228,0.6,0.001231052381254404,1.0669676460233537,0.1247866890936351,0.004924209525017616,4544813.093917689,27.27930693292535,0.004873322837413273,0.0034368877603099452,0.15868810728323504,6.452839791265517e-07,False,viable,
1.7782794100389228,0.7,0.0022806765180492464,1.2447955870272458,0.16984854904411445,0.009122706072196986,677.8305077872056,50.970799666927746,0.043622421902252614,0.03491368468252868,0.1782116221512485,1.3556814017297405e-06,False,viable,
1.7782794100389228,0.7999999999999999,0.0038907334518657696,1.4226235280311381,0.22184300283312908,0.015562933807463078,11.627831526382215,101.29577143129609,0.11801996553065315,0.10379676677746147,0.19566629447777273,2.961879616894773e-06,False,viable,
1.7782794100389228,0.8999999999999999,0.006232202680100418,1.6004514690350302,0.28077005046067893,0.02492881072040167,0.6683079941148408,135.33124049179435,0.20101934192789553,0.18105032152485317,0.20576350925867776,4.164309301635394e-06,False,viable,
1.7782794100389228,1.0,0.009498860966469166,1.7782794100389228,0.3466296919267642,0.037995443865876666,0.1905888134592512,188.9512857543565,0.2951539909671237,0.2727192437523832,0.2848762431322793,8.091489166506097e-06,False,viable,
1.7782794100389228,1.0999999999999999,0.0139072823410075,1.9561073510428149,0.4194219272313846,0.05562912936403,0.08619523604577578,266.73841762611517,0.3852754608477063,0.3628384539830051,0.370416463633655,1.4929460468855713e-05,False,viable,
1.7782794100389228,1.2,0.019696838100070464,2.1339352920467074,0.4991467563745404,0.07878735240028185,0.051189680261207404,363.0463395884789,0.4693313115874359,0.4478413240860592,0.45346569434549755,2.49847335045301e-05,False,viable,
1.7782794100389228,1.2999999999999998,0.027129696806332572,2.3117632330505993,0.5858041793562313,0.10851878722533029,,,0.5481311548195221,,,,,numerical_failure,Tp invalid: nan
1.7782794100389228,1.4,0.03649082428878794,2.4895911740544916,0.6793941961764578,0.14596329715515177,,,0.622854686765584,,,,,numerical_failure,Tp invalid: nan
1.7782794100389228,1.5,0.04808798364275016,2.667419115058384,0.7799168068352195,0.19235193457100064,,,0.6944964863049644,,,,,numerical_failure,Tp invalid: nan
2.371373705661655,0.3,7.694077382840025e-05,0.7114121116984965,0.04160143108876593,0.000307763095313601,,,,,,,,numerical_failure,Tn invalid: nan
2.371373705661655,0.39999999999999997,0.0002431708407416106,0.948549482264662,0.07395809971336165,0.0009726833629664424,,,,,,,,numerical_failure,Tn invalid: nan
2.371373705661655,0.5,0.0005936788104043229,1.1856868528308275,0.1155595308021276,0.0023747152416172916,1.5004991521706397e+17,11.152635586270776,1.9239246129873698e-05,1.0659885629924112e-05,0.2098028984651467,,True,physical_failure,eternal inflation occurs
2.371373705661655,0.6,0.001231052381254404,1.422824223396993,0.16640572435506373,0.004924209525017616,5490900.211432422,26.805280154107436,0.006224139950334503,0.0043713175042581634,0.21160370109598678,8.485603878461238e-07,False,viable,
2.371373705661655,0.7,0.0022806765180492464,1.6599615939631585,0.22649668037217005,0.009122706072196986,701.954100209951,50.11570629370966,0.05697785651478141,0.04547750557703989,0.23416844817596977,1.758191402225085e-06,False,viable,
2.371373705661655,0.7999999999999999,0.0038907334518657696,1.897098964529324,0.2958323988534466,0.015562933807463078,10.24542473764867,99.04197670471149,0.15540881810884294,0.1368442525471242,0.25059391874711934,3.7225166573711644e-06,False,viable,
2.371373705661655,0.8999999999999999,0.006232202680100418,2.134236335095489,0.3744128797988933,0.02492881072040167,0.6749192610201116,133.5530820913391,0.2661042456431449,0.23941157826272774,0.27236018396425293,5.463686031885837e-06,False,viable,
2.371373705661655,1.0,0.009498860966469166,2.371373705661655,0.4622381232085104,0.037995443865876666,0.18908299897525072,185.83538557305698,0.39159492453585365,0.36147912797530735,0.37747332649460263,1.060405929817136e-05,False,viable,
2.371373705661655,1.0999999999999999,0.0139072823410075,2.60851107622782,0.5593081290822974,0.05562912936403,0.08440648801824918,262.1656324166963,0.5119408452633744,0.4817496257894934,0.49160853338848726,1.960075831816898e-05,False,viable,
2.371373705661655,1.2,0.019696838100070464,2.845648446793986,0.6656228974202549,0.07878735240028185,0.050031466035647544,356.9094813441325,0.624243005176046,0.5952965821811571,0.6026067159851728,3.283445509349992e-05,False,viable,
2.371373705661655,1.2999999999999998,0.027129696806332572,3.082785817360151,0.7811824282223823,0.10851878722533029,,,0.7295022670850672,,,,,numerical_failure,Tp invalid: nan
2.371373705661655,1.4,0.03649082428878794,3.319923187926317,0.9059867214886802,0.14596329715515177,,,0.8292975747523751,,,,,numerical_failure,Tp invalid: nan
2.371373705661655,1.5,0.04808798364275016,3.5570605584924824,1.0400357772191484,0.19235193457100064,,,0.9249549277595263,,,,,numerical_failure,Tp invalid: nan
3.1622776601683795,0.3,7.694077382840025e-05,0.9486832980505138,0.05547639996553499,0.000307763095313601,,,,,,,,numerical_failure,Tn invalid: nan
3.1622776601683795,0.39999999999999997,0.0002431708407416106,1.2649110640673518,0.09862471104983997,0.0009726833629664424,,,,,,,,numerical_failure,Tn invalid: nan
3.1622776601683795,0.5,0.0005936788104043229,1.5811388300841898,0.15410111101537496,0.0023747152416172916,2.7752602673012758e+17,10.865881428813395,2.2250405868563634e-05,1.2189290005668922e-05,0.27977205917243086,,True,physical_failure,eternal inflation occurs
3.1622776601683795,0.6,0.001231052381254404,1.8973665961010275,0.22190559986213995,0.004924209525017616,6656553.168047242,26.335149169923966,0.007942441683415818,0.005554719365078963,0.28214638488375865,1.116768752666582e-06,False,viable,
3.1622776601683795,0.7,0.0022806765180492464,2.2135943621178655,0.3020381775901349,0.009122706072196986,731.3952827208749,49.2713027126257,0.07439360340445425,0.059214057911549406,0.30804290382450417,2.284619310853611e-06,False,viable,
3.1622776601683795,0.7999999999999999,0.0038907334518657696,2.5298221281347035,0.3944988441993599,0.015562933807463078,4.279011897853748,96.3684368241502,0.2052890475943332,0.17993225354078937,0.2727389595833827,3.948037835489188e-06,False,viable,
3.1622776601683795,0.8999999999999999,0.006232202680100418,2.846049894151541,0.4992875996898148,0.02492881072040167,0.6784453440075437,131.79809935589049,0.352208151617296,0.3165327665436038,0.36028441371654457,7.170515199080167e-06,False,viable,
3.1622776601683795,1.0,0.009498860966469166,3.1622776601683795,0.6164044440614999,0.037995443865876666,0.18661137873472897,182.72806748798587,0.5194915198359387,0.4790538077891454,0.49999012125156483,1.3899226208929823e-05,False,viable,
3.1622776601683795,1.0999999999999999,0.0139072823410075,3.478505426185217,0.7458493773144147,0.05562912936403,0.08298593523171469,257.66729155688495,0.6802204116048629,0.6396022222655097,0.6524776923767295,2.5714743644563105e-05,False,viable,
3.1622776601683795,1.2,0.019696838100070464,3.794733192202055,0.8876223994485598,0.07878735240028185,0.048897259810025996,350.8284741155592,0.8302508959067502,0.7912606105117032,0.8007607626117453,4.314451971285207e-05,False,viable,
3.1622776601683795,1.2999999999999998,0.027129696806332572,4.110960958218893,1.0417235104639344,0.10851878722533029,,,0.9708563108815618,,,,,numerical_failure,Tp invalid: nan
3.1622776601683795,1.4,0.03649082428878794,4.427188724235731,1.2081527103605396,0.14596329715515177,,,1.1041365941183354,,,,,numerical_failure,Tp invalid: nan
3.1622776601683795,1.5,0.04808798364275016,4.743416490252569,1.3869099991383746,0.19235193457100064,,,1.2318696694525342,,,,,numerical_failure,Tp invalid: nan
4.216965034285822,0.3,7.694077382840025e-05,1.2650895102857467,0.07397896833330558,0.000307763095313601,,,,,,,,numerical_failure,Tn invalid: nan
4.216965034285822,0.39999999999999997,0.0002431708407416106,1.6867860137143287,0.1315181659258766,0.0009726833629664424,,,,,,,,numerical_failure,Tn invalid: nan
4.216965034285822,0.5,0.0005936788104043229,2.108482517142911,0.20549713425918217,0.0023747152416172916,5.270928159379199e+17,10.57862830143108,2.5587299305336816e-05,1.384601591439851e-05,0.37307538917663857,,True,physical_failure,eternal inflation occurs
4.216965034285822,0.6,0.001231052381254404,2.5301790205714934,0.29591587333322233,0.004924209525017616,8098861.590607857,25.868992522930508,0.010125964324899197,0.007051910862977214,0.3761948291074033,1.4710097848003709e-06,False,viable,
4.216965034285822,0.7,0.0022806765180492464,2.9518755240000756,0.402774383147997,0.009122706072196986,767.5276059123144,48.43605781306338,0.0970940373934323,0.07706537974885284,0.4057646331798167,2.975254127613625e-06,False,viable,
4.216965034285822,0.7999999999999999,0.0038907334518657696,3.3735720274286574,0.5260726637035064,0.015562933807463078,4.379560421642146,94.24678989755364,0.2711280493074756,0.23716371989853877,0.3611893622979191,5.140692646695027e-06,False,viable,
4.216965034285822,0.8999999999999999,0.006232202680100418,3.7952685308572396,0.6658107149997501,0.02492881072040167,0.6784114258562162,130.06927938106116,0.4660988008719802,0.418428727525945,0.4762621854616698,9.413128562274927e-06,False,viable,
4.216965034285822,1.0,0.009498860966469166,4.216965034285822,0.8219885370367287,0.037995443865876666,0.18488844339928195,179.67599360748923,0.6891139292983938,0.6348312488326471,0.6623349343356479,1.8208989158786166e-05,False,viable,
4.216965034285822,1.0999999999999999,0.0139072823410075,4.638661537714404,0.9946061298144416,0.05562912936403,0.08158097929412092,253.2105033081251,0.9037624534183476,0.8491114908745467,0.8659234052253314,3.3731155742135415e-05,False,viable,
4.216965034285822,1.2,0.019696838100070464,5.060358041142987,1.1836634933328893,0.07878735240028185,0.047723325966327036,344.78545080446565,1.1041924855522836,1.0516657643346692,1.0639945158168724,5.6692799636324995e-05,False,viable,
4.216965034285822,1.2999999999999998,0.027129696806332572,5.482054544571568,1.3891606275920712,0.10851878722533029,0.0331562571643712,451.4107297222126,1.2920333614065023,1.2423465855190754,1.2525188577759068,8.76316593589813e-05,False,viable,
4.216965034285822,1.4,0.03649082428878794,5.903751048000151,1.611097532591988,0.14596329715515177,,,1.4700341447430996,,,,,numerical_failure,Tp invalid: nan
4.216965034285822,1.5,0.04808798364275016,6.325447551428733,1.8494742083326396,0.19235193457100064,,,1.6405947780050256,,,,,numerical_failure,Tp invalid: nan
5.623413251903491,0.3,7.694077382840025e-05,1.6870239755710472,0.09865253980179488,0.000307763095313601,,,,,,,,numerical_failure,Tn invalid: nan
5.623413251903491,0.39999999999999997,0.0002431708407416106,2.2493653007613963,0.17538229298096866,0.0009726833629664424,,,,,,,,numerical_failure,Tn invalid: nan
5.623413251903491,0.5,0.0005936788104043229,2.8117066259517456,0.2740348327827635,0.0023747152416172916,1.0304709744563027e+18,10.29066829102021,2.9244495357451147e-05,1.5614547370444475e-05,0.4974945648349805,,True,physical_failure,eternal inflation occurs
5.623413251903491,0.6,0.001231052381254404,3.3740479511420944,0.3946101592071795,0.004924209525017616,9889916.221628156,25.406851860978463,0.012897719457871047,0.008944102566643002,0.5015739064889824,1.9387971092768586e-06,False,viable,
5.623413251903491,0.7,0.0022806765180492464,3.9363892763324437,0.5371082722542164,0.009122706072196986,791.2238714302466,47.609946675009944,0.12666887242027755,0.1002528763351764,0.5318740758812629,3.856423971268996e-06,False,viable,
5.623413251903491,0.7999999999999999,0.0038907334518657696,4.498730601522793,0.7015291719238747,0.015562933807463078,4.464082404752562,92.15652692198262,0.35801072954041907,0.3125097404735861,0.4777963946314976,6.691425551283372e-06,False,viable,
5.623413251903491,0.8999999999999999,0.006232202680100418,5.061071926713142,0.8878728582161537,0.02492881072040167,0.6779006787550791,128.37658919319495,0.6167641376838507,0.5530589197800577,0.6294525010357019,1.2348916054392344e-05,False,viable,
5.623413251903491,1.0,0.009498860966469166,5.623413251903491,1.096139331131054,0.037995443865876666,0.18318022655863966,176.65689181335154,0.9140425951893947,0.8411723069897497,0.8772991169304986,2.384937833491165e-05,False,viable,
5.623413251903491,1.0999999999999999,0.0139072823410075,6.18575457709384,1.3263285906685753,0.05562912936403,0.08016917312056769,248.79552687761475,1.2007031070801666,1.1271581075508486,1.1490998922579085,4.423943986948124e-05,False,viable,
5.623413251903491,1.2,0.019696838100070464,6.748095902284189,1.578440636828718,0.07878735240028185,0.04678849175614637,338.83628086236683,1.4684720229550114,1.3977222318264555,1.4137922864752206,7.444439644705674e-05,False,viable,
5.623413251903491,1.2999999999999998,0.027129696806332572,7.310437227474537,1.852475469611481,0.10851878722533029,0.03241015968603576,443.77549447217746,1.7194159366710844,1.652444207745456,1.665673485189379,0.00011519559064162109,False,viable,
5.623413251903491,1.4,0.03649082428878794,7.8727785526648875,2.1484330890168657,0.14596329715515177,,,1.9571868881778127,,,,,numerical_failure,Tp invalid: nan
5.623413251903491,1.5,0.04808798364275016,8.435119877855236,2.4663134950448717,0.19235193457100064,,,2.1849353632742163,,,,,numerical_failure,Tp invalid: nan
7.498942093324558,0.3,7.694077382840025e-05,2.2496826279973674,0.1315552761630388,0.000307763095313601,,,,,,,,numerical_failure,Tn invalid: nan
7.498942093324558,0.39999999999999997,0.0002431708407416106,2.999576837329823,0.233876046512069,0.0009726833629664424,,,,,,,,numerical_failure,Tn invalid: nan
7.498942093324558,0.5,0.0005936788104043229,3.749471046662279,0.3654313226751078,0.0023747152416172916,2.0795098429083837e+18,10.001759967622093,3.320209516661549e-05,1.7469860230582854e-05,0.6634064283285601,,True,physical_failure,eternal inflation occurs
7.498942093324558,0.6,0.001231052381254404,4.499365255994735,0.5262211046521552,0.004924209525017616,12130258.080474632,24.947286280138318,0.016412299739030658,0.011331026244483584,0.6687083784214561,2.5531824865657847e-06,False,viable,
7.498942093324558,0.7,0.0022806765180492464,5.2492594653271905,0.7162453924432113,0.009122706072196986,757.4321073642785,46.792675427269614,0.1651507443312876,0.13035580020447457,0.6840841647774895,4.901009596686659e-06,False,viable,
7.498942093324558,0.7999999999999999,0.0038907334518657696,5.999153674659646,0.935504186048276,0.015562933807463078,4.529559925456431,90.09940271158712,0.4726326642730633,0.41166997026030394,0.6312797091654851,8.6926819404864e-06,False,viable,
7.498942093324558,0.8999999999999999,0.006232202680100418,6.749047883992102,1.1839974854673492,0.02492881072040167,0.6783395604133128,126.72223910298894,0.8160377988752344,0.7309200987666039,0.8319358934457679,1.620416513265085e-05,False,viable,
7.498942093324558,1.0,0.009498860966469166,7.498942093324558,1.4617252907004312,0.037995443865876666,0.18139822046406348,173.67079354899317,1.2122964580708224,1.1144564844264706,1.1618824546809803,3.123082299529613e-05,False,viable,
7.498942093324558,1.0999999999999999,0.0139072823410075,8.248836302657013,1.7686876017475215,0.05562912936403,0.07894689537609628,244.43603483267395,1.595113579521175,1.4961521588705813,1.5248452842953422,5.800105703220161e-05,False,viable,
7.498942093324558,1.2,0.019696838100070464,8.99873051198947,2.104884418608621,0.07878735240028185,0.046153065649694854,333.00600431272187,1.9529245769594068,1.857613898848799,1.878686263181137,9.765089086141315e-05,False,viable,
7.498942093324558,1.2999999999999998,0.027129696806332572,9.748624721321924,2.470315741283728,0.10851878722533029,0.03198865463870573,436.31985980293564,2.288164152138315,2.1979079081275366,2.215277937768777,0.0001512172005389562,False,viable,
7.498942093324558,1.4,0.03649082428878794,10.498518930654381,2.864981569772845,0.14596329715515177,,,2.6057320443672127,,,,,numerical_failure,Tp invalid: nan
7.498942093324558,1.5,0.04808798364275016,11.248413139986837,3.2888819040759705,0.19235193457100064,,,2.909866524765744,,,,,numerical_failure,Tp invalid: nan
10.0,0.3,7.694077382840025e-05,3.0,0.1754317802775771,0.000307763095313601,,,,,,,,numerical_failure,Tn invalid: nan
10.0,0.39999999999999997,0.0002431708407416106,3.9999999999999996,0.31187872049347043,0.0009726833629664424,,,,,,,,numerical_failure,Tn invalid: nan
10.0,0.5,0.0005936788104043229,5.0,0.4873105007710476,0.0023747152416172916,4.3458227598991636e+18,9.711620608271687,3.742168432557722e-05,1.9375493534438106e-05,0.8846485626704538,,True,physical_failure,eternal inflation occurs
10.0,0.6,0.001231052381254404,6.0,0.7017271211103084,0.004924209525017616,14866197.790470313,24.491312580636304,0.020863683860552193,0.014339601701367355,0.8904039387375879,3.3569584550716945e-06,False,viable,
10.0,0.7,0.0022806765180492464,7.0,0.9551285815112531,0.009122706072196986,320.58030986883495,45.98127840446865,0.21528001939636024,0.1694005682770644,0.7173601131199905,5.054714234936409e-06,False,viable,
10.0,0.7999999999999999,0.0038907334518657696,7.999999999999999,1.2475148819738817,0.015562933807463078,4.593278608026045,88.08119695711979,0.6238355888863492,0.5421402162506223,0.833735392324825,1.1287971340420512e-05,False,viable,
10.0,0.8999999999999999,0.006232202680100418,9.0,1.5788860224981938,0.02492881072040167,0.6789315417824849,125.1067235871659,1.0795587329019036,0.965859670430658,1.099441888533816,2.126818055635108e-05,False,viable,
10.0,1.0,0.009498860966469166,10.0,1.9492420030841904,0.037995443865876666,0.18005556640307538,170.72672859168847,1.6077332069111434,1.4763875939507518,1.5387781172230743,4.088704895651745e-05,False,viable,
10.0,1.0999999999999999,0.0139072823410075,10.999999999999998,2.35858282373187,0.05562912936403,0.07848912952998693,240.1842639326901,2.1190702663114145,1.9859217096165538,2.0237928929926343,7.59445754442578e-05,False,viable,
10.0,1.2,0.019696838100070464,12.0,2.8069084844412338,0.07878735240028185,0.04568147113330934,327.2565758357331,2.597115040594443,2.4687219564270393,2.4964451744980054,0.00012802207919397233,False,viable,
10.0,1.2999999999999998,0.027129696806332572,12.999999999999998,3.2942189852122805,0.10851878722533029,0.03176179676849237,429.0044911941777,3.0450351801128908,2.923381833588875,2.9463233297769067,0.00019830560873963774,False,viable,
10.0,1.4,0.03649082428878794,14.0,3.8205143260450125,0.14596329715515177,,,3.4692233314396734,,,,,numerical_failure,Tp invalid: nan
10.0,1.5,0.04808798364275016,15.0,4.385794506939428,0.19235193457100064,,,3.8753481061156942,,,,,numerical_failure,Tp invalid: nan
