v,g_D,lambda_Phi,beta_lambda,m_Aprime_GeV,m_rho_GeV,Tn,Tp,Treh,alpha,beta_H,eternal_inflation,f_peak_est,status,failure_reason
0.05,0.5,nan,0.0023747152416172916,0.025,0.002436552503855238,1.8445615906664177e-06,1.1260382821035272e-06,0.004424111203986187,238282153854667.78,15.013371989184064,False,7.328740305605014e-09,viable,
0.1,0.5,nan,0.0023747152416172916,0.05,0.004873105007710476,2.9321657648405794e-06,1.7679870859758166e-06,0.008848161285451009,627329582724957.4,14.313055681213882,False,1.3979029617679909e-08,viable,
0.173,0.5,nan,0.0023747152416172916,0.0865,0.008430471663339123,4.184120487004749e-06,2.4954429711997003e-06,0.015307199201535452,1415768804224572.5,13.762235703765668,False,2.3312670677155162e-08,viable,
0.3,0.5,nan,0.0023747152416172916,0.15,0.014619315023131426,5.915226590724876e-06,3.485124063077222e-06,0.0265439934009752,3365054265519828.5,13.211261951980191,False,3.947656839834225e-08,viable,
0.5,0.5,nan,0.0023747152416172916,0.25,0.02436552503855238,8.068968435788483e-06,4.6945067768341594e-06,0.0442394133325796,7886377376676976.0,12.701579045554467,False,6.488028202925641e-08,viable,
0.692,0.5,nan,0.0023747152416172916,0.346,0.03372188665335649,9.773002987792762e-06,5.636257906556384e-06,0.06122672767451405,1.3925178304261632e+16,12.377918465446669,False,8.87617220883353e-08,viable,
1.0,0.5,nan,0.0023747152416172916,0.5,0.04873105007710476,1.2068702076290071e-05,6.885827438900262e-06,0.08847674070828859,2.725787046675835e+16,12.011597939945773,True,nan,physical_failure,eternal_inflation
0.05,0.55,nan,0.003476820585251878,0.027500000000000004,0.0029482285296648387,3.6910966530121126e-05,2.5196978690860417e-05,0.0048652625792060655,1390052687.3753066,23.356653743576317,False,1.2538875417737385e-08,viable,
0.1,0.55,nan,0.003476820585251878,0.05500000000000001,0.005896457059329677,6.489163440578386e-05,4.341193338936434e-05,0.009728620773971181,2522136497.993763,22.359462535007424,False,2.4012499858338866e-08,viable,
0.173,0.55,nan,0.003476820585251878,0.09515,0.01020087071264034,0.00010092183081783833,6.677380054926412e-05,0.01674397923816549,3953760195.885042,21.619060946960644,False,4.012652585163835e-08,viable,
0.3,0.55,nan,0.003476820585251878,0.165,0.01768937117798903,0.0001565772396512451,0.00010237022698217731,0.028274346812345554,5819365807.206057,20.88285805503176,False,6.670859364478166e-08,viable,
0.5,0.55,nan,0.003476820585251878,0.275,0.029482285296648383,0.00023438142445239888,0.00015301881498467772,0.04508284410933199,7534698652.908299,20.264060447928497,False,1.0559228569007212e-07,viable,
0.692,0.55,nan,0.003476820585251878,0.3806,0.04080348285056136,0.0003022863861862595,0.00019567701236608226,0.060710359397099456,9265993259.151922,19.832132147442394,False,1.4097271096453662e-07,viable,
1.0,0.55,nan,0.003476820585251878,0.55,0.05896457059329677,0.0004023905010087089,0.0002588801490131141,0.08546444709932662,11878099248.8829,19.366519830313678,False,1.9655449415064e-07,viable,
0.05,0.59,nan,0.004604045096780631,0.0295,0.003392655706368033,0.0001636357714326228,0.00011820533809663224,0.004988654075820638,3172378.991950534,31.177517288128342,False,1.7162132465679578e-08,viable,
0.1,0.59,nan,0.004604045096780631,0.059,0.006785311412736066,0.00029892859408896743,0.00021525825269884489,0.009318391338290726,3511756.659610092,30.06977223212459,False,3.0930034249846804e-08,viable,
0.173,0.59,nan,0.004604045096780631,0.10206999999999998,0.011738588744033393,0.0004800402365951436,0.0003433160674803383,0.015575378321378725,4236213.090022929,29.15771673293932,False,5.0273138905822706e-08,viable,
0.3,0.59,nan,0.004604045096780631,0.177,0.020355934238208195,0.0007704034363464962,0.0005476984538791477,0.026579244690406418,5546313.36193205,28.265991829314885,False,8.458041988342805e-08,viable,
0.5,0.59,nan,0.004604045096780631,0.295,0.03392655706368033,0.0011919459758470321,0.0008412346767186096,0.0440441808144741,7514246.255655502,27.4332805384887,False,1.3947862669600061e-07,viable,
0.692,0.59,nan,0.004604045096780631,0.4082799999999999,0.046954354976133574,0.0015712977429672675,0.0011036633062742483,0.06087619141619699,9256428.141307777,26.90874317327996,False,1.9181689532332388e-07,viable,
1.0,0.59,nan,0.004604045096780631,0.59,0.06785311412736066,0.0021460549321976803,0.0014995866363532576,0.08781592244421298,11759985.534707593,26.323264488894438,False,2.7494498511257664e-07,viable,
0.05,0.65,nan,0.006782424201583147,0.0325,0.0041177737315153526,0.0007020975980859043,0.0005507157991012692,0.004879806091352896,6163.5320646047585,45.977909482630245,False,2.4756771861311704e-08,viable,
0.1,0.65,nan,0.006782424201583147,0.065,0.008235547463030705,0.0013252570349451143,0.0010336956659505393,0.009694197071475705,7734.289908797926,44.332305452329024,False,4.744119364118445e-08,viable,
0.173,0.65,nan,0.006782424201583147,0.11245,0.014247497111043117,0.0021865050653488505,0.001696336642545977,0.016734750641093966,9470.719068011105,43.03528438148874,False,7.983168989872538e-08,viable,
0.3,0.65,nan,0.006782424201583147,0.195,0.02470664238909211,0.0036096221517197243,0.002784875109691274,0.029002600985335674,11762.184159076802,41.753662961411926,False,1.3697359494897477e-07,viable,
0.5,0.65,nan,0.006782424201583147,0.325,0.04117773731515352,0.005739150690495356,0.0044049375707785445,0.04833497008387485,14496.288634515653,40.58610084292979,False,2.2755505715842213e-07,viable,
0.692,0.65,nan,0.006782424201583147,0.4498,0.05698998844417247,0.007702509545969414,0.005892440493106921,0.06688601186554202,16600.9990564213,39.85432334839345,False,3.132779930716991e-07,viable,
1.0,0.65,nan,0.006782424201583147,0.65,0.08235547463030704,0.010741754603450917,0.008185293518620677,0.09663486535726148,19425.669579223133,39.03124079270981,False,4.5115913462250707e-07,viable,
0.05,0.7,nan,0.009122706072196986,0.034999999999999996,0.004775642907556266,0.0015412225795855,0.001272101242927544,0.005219234127151383,282.36121668028176,62.443139823159306,False,3.596222316108355e-08,viable,
0.1,0.7,nan,0.009122706072196986,0.06999999999999999,0.009551285815112533,0.002960166962243141,0.0024296293946095724,0.010418680418579846,337.1354731092704,60.079260186782335,False,6.910157883794378e-08,viable,
0.173,0.7,nan,0.009122706072196986,0.12109999999999999,0.01652372446014468,0.004953645137093448,0.004047143257444695,0.01802212363754172,392.21452254655446,58.25680299803083,False,1.1655838823962419e-07,viable,
0.3,0.7,nan,0.009122706072196986,0.21,0.02865385744533759,0.008298547263157182,0.006748639326833245,0.031241365687614302,458.25634803730304,56.47371619555485,False,2.0026986600062884e-07,viable,
0.5,0.7,nan,0.009122706072196986,0.35,0.047756429075562656,0.013380382614462836,0.01083296744826019,0.052044880626204625,531.7485966629855,54.852757039071776,False,3.323431506258961e-07,viable,
0.692,0.7,nan,0.009122706072196986,0.48439999999999994,0.06609489784057872,0.01812226920817798,0.014629988671875451,0.07190097986314138,582.395770809099,53.839766003761724,False,4.56284705910812e-07,viable,
1.0,0.7,nan,0.009122706072196986,0.7,0.09551285815112531,0.025540590486562702,0.020550873146700194,0.10305853399651063,631.4332974388327,52.708486364679175,False,6.522233815023742e-07,viable,
0.05,0.8,nan,0.015562933807463084,0.04000000000000001,0.006237574409869409,0.0036357931885909996,0.0032979521415646925,0.006084869680727861,10.588513455890473,127.99281729388667,False,8.59457708203224e-08,viable,
0.1,0.8,nan,0.015562933807463084,0.08000000000000002,0.012475148819738819,0.007140663935234904,0.006453730460491668,0.012145013490636682,11.54147779383092,123.39553762011235,False,1.6546760438872018e-07,viable,
0.173,0.8,nan,0.015562933807463084,0.1384,0.021582007458148155,0.012182451523734289,0.010968966012097188,0.020973867767584118,12.367535288212967,119.44344763601578,False,2.7924680673113446e-07,viable,
0.3,0.8,nan,0.015562933807463084,0.24,0.03742544645921645,0.02085125484338601,0.0186750372980253,0.03608790539358979,12.944430779585662,115.2592489452644,False,4.758049481425522e-07,viable,
0.5,0.8,nan,0.015562933807463084,0.4,0.06237574409869409,0.03441851488793497,0.030579957486970368,0.05880596303058448,12.675334466904811,111.26132845596716,False,7.651935478588099e-07,viable,
0.692,0.8,nan,0.015562933807463084,0.5536,0.08632802983259262,0.04732196130626069,0.041835221542636775,0.080017243565225,12.383387547675222,108.69163876317599,False,1.0294579034103637e-06,viable,
1.0,0.8,nan,0.015562933807463084,0.8,0.12475148819738818,0.06760452678630394,0.05965079356933359,0.11348542437582286,12.100728344124411,105.7925892832543,False,1.4532719931727065e-06,viable,
0.05,0.9,nan,0.024928810720401682,0.045000000000000005,0.007894430112490972,0.006183371799273312,0.0056409871621713615,0.007411674467163197,1.9801964919257562,162.19176646077926,False,1.326730542083091e-07,viable,
0.1,0.9,nan,0.024928810720401682,0.09000000000000001,0.015788860224981945,0.01218875460733204,0.01109327906543153,0.014736375514054515,2.114031243138586,157.04833671253482,False,2.5594093108965943e-07,viable,
0.173,0.9,nan,0.024928810720401682,0.1557,0.02731472818921876,0.020835333353819024,0.018927246245351248,0.025255872462438426,2.1702957144028017,153.05681450583108,False,4.338954134653939e-07,viable,
0.3,0.9,nan,0.024928810720401682,0.27,0.04736658067494583,0.03567446682268522,0.032345545930003834,0.042833999376858306,2.075364251502179,149.0627043683901,False,7.359516321252729e-07,viable,
0.5,0.9,nan,0.024928810720401682,0.45,0.07894430112490972,0.05874139219404691,0.053160508961944374,0.06971472300834583,1.9576140702490619,145.43773549171135,False,1.1935807060275667e-06,viable,
0.692,0.9,nan,0.024928810720401682,0.6228,0.10925891275687503,0.08066374064993777,0.07291398427175588,0.09529612908563082,1.9178147753040125,143.1991125234049,False,1.6309882851265127e-06,viable,
1.0,0.9,nan,0.024928810720401682,0.9,0.15788860224981943,0.1154862053187515,0.10426133815536914,0.13519499083085665,1.8271524260866752,140.6723773468883,False,2.360402381863838e-06,viable,
0.005,0.55,nan,0.003476820585251878,0.0027500000000000003,0.0002948228529664838,5.441311101108907e-06,3.647065221884966e-06,0.0004866390314496367,316995892.4740577,26.147912078286595,False,1.3874436466004672e-09,viable,
0.007670637023171957,0.55,nan,0.003476820585251878,0.004218850362744576,0.00045229581824837863,7.799839680375662e-06,5.215288937774769e-06,0.0007465536772791152,419885287.9635368,25.57892024726982,False,2.097372119669727e-09,viable,
0.01176773446825126,0.55,nan,0.003476820585251878,0.006472253957538194,0.0006938794097763731,1.116009180094837e-05,7.443290230496931e-06,0.0011452810023017098,560516514.3694702,25.01383046558203,False,3.1538663983315925e-09,viable,
0.01805320393820497,0.55,nan,0.003476820585251878,0.009929262166012734,0.00106449941804947,1.5937231277161586e-05,1.0601393078820647e-05,0.001756947282048576,754367849.8047395,24.452618115560654,False,4.737779653751711e-09,viable,
0.027695914903053766,0.55,nan,0.003476820585251878,0.015232753196679572,0.0016330777294470537,2.2713364358225758e-05,1.5067079494955945e-05,0.0026952515148839047,1023955012.3203844,23.895256112339784,False,7.105828749871594e-09,viable,
0.042489062049196814,0.55,nan,0.003476820585251878,0.023368984127058248,0.0025053492986428323,3.230213187467884e-05,2.210494704106073e-05,0.004134546306957419,1223921393.7467144,23.578542645452668,False,1.0756202131506365e-08,viable,
0.0651836344868839,0.55,nan,0.003476820585251878,0.035850998967786145,0.0038435250172295194,4.58370400536424e-05,3.0647217862919355e-05,0.006342338392256061,1834143946.1520534,22.884465996142463,False,1.6017233999551975e-08,viable,
0.005,0.59,nan,0.004604045096780631,0.00295,0.00033926557063680327,2.155127355196673e-05,1.4792076674657232e-05,0.0005219684624183111,1550458.6085143383,34.10175761646883,False,1.944188706744133e-09,viable,
0.007670637023171957,0.59,nan,0.004604045096780631,0.004525675843671455,0.0005204766093628448,3.1498889673333806e-05,2.292827095733651e-05,0.0008006960746800173,1487254.4741560246,34.2465004682424,False,3.0134642896538397e-09,viable,
0.01176773446825126,0.59,nan,0.004604045096780631,0.006942963336268243,0.0007984774298947286,4.5983165763490584e-05,3.4146582571188665e-05,0.0012282216626105023,1673854.7545152532,33.832822938919094,False,4.576469619833053e-09,viable,
0.01805320393820497,0.59,nan,0.004604045096780631,0.01065139032354093,0.0012249661071835386,6.704449295815584e-05,4.878750774396211e-05,0.0018830245876160238,2219163.1636138987,32.87204650514752,False,6.826785184437153e-09,viable,
0.027695914903053766,0.59,nan,0.004604045096780631,0.01634058979280172,0.001879254074778576,9.762612600289326e-05,7.113426842815868e-05,0.0028688632981160693,2645597.5289106066,32.21103050820773,False,1.019572755547792e-08,viable,
0.042489062049196814,0.59,nan,0.004604045096780631,0.02506854660902612,0.00288301517638866,0.00014196603878094727,0.00010280168849646097,0.004293636313501527,3042985.5286255577,31.460977464192293,False,1.4904506503724844e-08,viable,
0.0651836344868839,0.59,nan,0.004604045096780631,0.038458344347261496,0.004422912590074695,0.00020615490433896792,0.00014968402517638005,0.0063219243681221695,3181963.794137071,30.827101419575342,False,2.1506936165291854e-08,viable,
0.005,0.65,nan,0.006782424201583147,0.0032500000000000003,0.0004117773731515352,8.37900947313072e-05,6.724576526961556e-05,0.000571802136618195,5226.852600029601,51.869727990720094,False,3.245747509175029e-09,viable,
0.007670637023171957,0.65,nan,0.006782424201583147,0.004985914065061772,0.000631718952760132,0.00012459646284984738,9.916250848187134e-05,0.0008575637279195664,5592.396371689926,50.60705676253008,False,4.772228112832944e-09,viable,
0.01176773446825126,0.65,nan,0.006782424201583147,0.00764902740436332,0.0009691373574562564,0.00018513981831821784,0.0001467252117799107,0.0012604995587751479,5445.93022261698,49.4967260302701,False,6.872287408566079e-09,viable,
0.01805320393820497,0.65,nan,0.006782424201583147,0.01173458255983323,0.0014867801789285985,0.0002748937616028392,0.00021812239936704205,0.001850989661269396,5184.789770798854,48.562860637474614,False,9.913588784480358e-09,viable,
0.027695914903053766,0.65,nan,0.006782424201583147,0.018002344686984948,0.002280910217161587,0.0004078400511515695,0.0003218555906850609,0.0027579147154379257,5390.121246793238,47.44745056700594,False,1.443768168283522e-08,viable,
0.042489062049196814,0.65,nan,0.006782424201583147,0.02761789033197793,0.00349920687165817,0.0006045923581929117,0.0004748299340807377,0.004163403767826479,5909.73875148565,46.368248288430884,False,2.1300237419443454e-08,viable,
0.0651836344868839,0.65,nan,0.006782424201583147,0.042369362416474536,0.005368229156295774,0.0008955101537123856,0.0007009543080148521,0.006336329519522777,6676.166123589842,45.34512790961287,False,3.17077545249026e-08,viable,
0.005,0.7,nan,0.009122706072196986,0.0034999999999999996,0.0004775642907556266,0.00017429510839243558,0.000145597117815023,0.0005778685706176929,247.14480428278978,70.4813790097205,False,4.457837453041685e-09,viable,
0.007670637023171957,0.7,nan,0.009122706072196986,0.005369445916220369,0.0007326444659229932,0.000261672090207681,0.00021801556739267395,0.0008478945350746646,227.7796137919382,68.89762848615533,False,6.42311080824048e-09,viable,
0.01176773446825126,0.7,nan,0.009122706072196986,0.008237414127775882,0.0011239699530261908,0.0003926387796029586,0.0003277455269013769,0.0012619751520821457,218.81439160849158,67.62319367265945,False,9.400082491204428e-09,viable,
0.01805320393820497,0.7,nan,0.009122706072196986,0.012637242756743477,0.001724313106923108,0.0005888222907896596,0.0004902510329443336,0.0019054463338781082,227.1985164409173,66.096531194205,False,1.3890455636200374e-08,viable,
0.027695914903053766,0.7,nan,0.009122706072196986,0.019387140432137635,0.002645315991501012,0.0008825131425185156,0.0007321440530756472,0.002901134719024029,245.5388860516228,64.54176573936365,False,2.0659151831654252e-08,viable,
0.042489062049196814,0.7,nan,0.009122706072196986,0.029742343434437768,0.004058251756479297,0.0013218881973242897,0.0010924818186642908,0.004438935302040523,271.55765775821425,63.00905615718477,False,3.086081568329252e-08,viable,
0.0651836344868839,0.7,nan,0.009122706072196986,0.045628544140818725,0.0062258752345205415,0.001978772412010797,0.001629778288181332,0.0067962484775984195,301.3868378413851,61.530133088297134,False,4.61499806054137e-08,viable,
0.005,0.8,nan,0.015562933807463084,0.004,0.0006237574409869409,0.0003863789711285173,0.0003483347310821954,0.0006254489164440586,9.393941405928821,179.91657957404072,False,1.2330980301550305e-08,viable,
0.007670637023171957,0.8,nan,0.015562933807463084,0.006136509618537566,0.0009569233840626851,0.0005861297033486496,0.0005287185133947277,0.0009463419558002228,9.263472153742047,261.15489218005905,False,2.719248552982208e-08,viable,
0.01176773446825126,0.8,nan,0.015562933807463084,0.00941418757460101,0.0014680423876260453,0.0008891192984508047,0.0007979841668572675,0.001441374667012414,9.64462684658183,133.4686724075027,False,2.1208509724187184e-08,viable,
0.01805320393820497,0.8,nan,0.015562933807463084,0.014442563150563976,0.002252164058022019,0.001348678419056587,0.0012206640271408596,0.0022059863664029866,9.666617251408084,132.89535904617367,False,3.2341154127372944e-08,viable,
0.027695914903053766,0.8,nan,0.015562933807463084,0.022156731922443013,0.0034551066011441795,0.0020457012054655066,0.0018594877956688881,0.0033772294343663357,9.881003090929083,131.5101006266275,False,4.900308523636638e-08,viable,
0.042489062049196814,0.8,nan,0.015562933807463084,0.03399124963935745,0.005300573722748471,0.0031029611487618488,0.002816902773159836,0.005173111297592358,10.374173781788173,129.0214936306029,False,7.364905343561394e-08,viable,
0.0651836344868839,0.8,nan,0.015562933807463084,0.05214690758950712,0.008131755408353362,0.004706857920222255,0.004263663392700515,0.00792676649145047,10.9468281446963,126.27122655467815,False,1.1047332755282621e-07,viable,
1.5848931924611136,0.55,nan,0.003476820585251878,0.8716912558536125,0.09345254652970882,0.0005735039937388769,0.00036676967428017377,0.132579623683144,17073928150.003819,18.7988470711673,False,3.083945446777145e-07,viable,
2.51188643150958,0.55,nan,0.003476820585251878,1.3815375373302692,0.14811230481309093,0.0008140525645451259,0.0005159138967370628,0.20780136495765805,26319926894.575317,18.22259460662678,False,5.605536685090171e-07,viable,
3.981071705534973,0.55,nan,0.003476820585251878,2.1895894380442353,0.2347421836179933,0.0011504618771276238,0.0007225870455708247,0.32735843614630145,42124374385.544266,17.653753513087622,False,8.623675614804997e-07,viable,
6.309573444801933,0.55,nan,0.003476820585251878,3.4702653946410638,0.3720412887996143,0.001618299056339005,0.0010070808201850035,0.5175869699393774,69771175286.39134,17.09075189477005,False,1.3341535084783633e-06,viable,
10.0,0.55,nan,0.003476820585251878,5.5,0.5896457059329676,0.002264954354760615,0.0013962043560069807,0.818915630289265,118347935684.8308,16.533508955021144,False,2.0622949379612866e-06,viable,
1.5848931924611136,0.59,nan,0.004604045096780631,0.935086983552057,0.10753993866774092,0.0031629555266546395,0.0021955557877691495,0.13909628355927783,16109578.294337317,25.59863887329072,False,4.434140808947715e-07,viable,
2.51188643150958,0.59,nan,0.004604045096780631,1.4820129945906522,0.17043931671218823,0.004650591267660256,0.0032074745320056367,0.22041701794524896,22301167.707651928,24.885691205440708,False,8.126923869678128e-07,viable,
3.981071705534973,0.59,nan,0.004604045096780631,2.348832306265634,0.27012811278487087,0.006820685520719536,0.004670551075784351,0.34931052503595017,31287738.20940378,24.176409983667213,False,1.2620246360397893e-06,viable,
6.309573444801933,0.59,nan,0.004604045096780631,3.7226483324331405,0.42812420704510973,0.009976762621060625,0.006781891849892618,0.5535090050961172,44370601.30202679,23.475962939727424,False,1.962222528093712e-06,viable,
10.0,0.59,nan,0.004604045096780631,5.8999999999999995,0.6785311412736066,0.014552059933849755,0.009817036754260421,0.8770003668495974,63690905.8099638,22.783189245416224,False,3.048288436932682e-06,viable,
1.5848931924611136,0.65,nan,0.006782424201583147,1.030180575099724,0.13052463110347756,0.016264658559847392,0.012333004294224662,0.1530846001625313,23737.347658590887,38.01649234644344,False,8.306789814485889e-07,viable,
2.51188643150958,0.65,nan,0.006782424201583147,1.6327261804812272,0.2068675992843997,0.024594119688706173,0.018552251868578045,0.2410224799366064,28485.800615287957,37.01265284398403,False,1.323594274246609e-06,viable,
3.981071705534973,0.65,nan,0.006782424201583147,2.5876966085977324,0.3278630498466187,0.03713706103752703,0.027865885786684592,0.37513079276159617,32841.745006126795,36.023415472740794,False,2.0228744900456904e-06,viable,
6.309573444801933,0.65,nan,0.006782424201583147,4.101222739121257,0.5196279157614446,0.05599449140532539,0.0417869607131342,0.5814369752157323,37483.13092433552,35.047480583074275,False,3.080239263018027e-06,viable,
10.0,0.65,nan,0.006782424201583147,6.5,0.8235547463030704,0.08429737646543876,0.062555339182246,0.9020730979123764,43241.36040731355,34.084606064268996,False,4.693964575730412e-06,viable,
1.5848931924611136,0.7,nan,0.009122706072196986,1.1094252347227795,0.15137767867622248,0.039198126086258236,0.03140651970647973,0.15985848808691502,670.2179355279168,51.31519165810516,False,1.2100942030145945e-06,viable,
2.51188643150958,0.7,nan,0.009122706072196986,1.7583205020567059,0.23991745242451087,0.06010153643315013,0.04794433896630352,0.24725522595141122,706.347100382918,49.94606887200348,False,1.8331182810404407e-06,viable,
3.981071705534973,0.7,nan,0.009122706072196986,2.786750193874481,0.3802435371002204,0.09206089613357178,0.07311187735039301,0.38401711890771956,760.1155535536877,48.60236437021114,False,2.795318838533989e-06,viable,
6.309573444801933,0.7,nan,0.009122706072196986,4.416701411361353,0.6026453934274741,0.14086697879710056,0.11136147520856615,0.5909442375157746,791.9505534841485,47.281981614972324,False,4.225068345725289e-06,viable,
10.0,0.7,nan,0.009122706072196986,7.0,0.9551285815112531,0.21528001939636024,0.1694005682770644,0.7173601131199905,320.58030986883495,45.98127840446865,False,5.0100834521607e-06,viable,
1.5848931924611136,0.8,nan,0.015562933807463084,1.267914553968891,0.1977177843934335,0.10558430686515073,0.09291988088110253,0.1757270172306704,11.79144395087988,102.19165167926292,False,2.651797706547237e-06,viable,
2.51188643150958,0.8,nan,0.015562933807463084,2.009509145207664,0.3133615705136469,0.16430872831502605,0.14461878180998786,0.2637549429254115,10.06378260107069,98.59595345615446,False,3.864748498175688e-06,viable,
3.981071705534973,0.8,nan,0.015562933807463084,3.1848573644279785,0.4966446198860022,0.2564602850439704,0.2244244726891821,0.3414732573567504,4.359767312257821,94.6687044832828,False,4.828389419494317e-06,viable,
6.309573444801933,0.8,nan,0.015562933807463084,5.047658755841547,0.7871286771297623,0.40009110674569587,0.3489407911831567,0.5341583329880225,4.491273384387129,91.32885857026452,False,7.361874599463386e-06,viable,
10.0,0.8,nan,0.015562933807463084,8.0,1.2475148819738817,0.6238355888863499,0.5421402162507314,0.8337353923248514,4.593278608022248,88.08119695714822,False,1.1190153175414396e-05,viable,
0.0025,0.45,nan,0.0015580506700251051,0.0011250000000000001,9.868037640613715e-05,1.3615184148273063e-09,7.210631336602495e-10,0.00019908741507827137,5.811417338257181e+21,10.214785700227935,True,nan,physical_failure,eternal_inflation
0.006163468250446161,0.45,nan,0.0015580506700251051,0.0027735607127007725,0.0002432853467685211,1.9510921536692586e-09,9.878798867081564e-10,0.0004908275833499898,6.093955397169454e+22,9.43695667189104,True,nan,physical_failure,eternal_inflation
0.015195336349703135,0.45,nan,0.0015580506700251051,0.006837901357366411,0.0005997926042426254,2.58854768320519e-09,1.2342748344376047e-09,0.0012100800873597237,9.238659488710839e+23,8.644838863773428,True,nan,physical_failure,eternal_inflation
0.037462389258498305,0.45,nan,0.0015580506700251051,0.01685807516632424,0.0014787210692407367,3.093485629848236e-09,1.3542110703591807e-09,0.0029833160757249577,2.355329298592025e+25,7.826889900485411,True,nan,physical_failure,eternal_inflation
0.09235929871224383,0.45,nan,0.0015580506700251051,0.041561684420509726,0.0036456201446124314,3.1756510290880194e-09,1.2145901365763712e-09,0.007355029576561735,1.3446792212836034e+27,6.960988271742963,True,nan,physical_failure,eternal_inflation
0.22770144209855508,0.45,nan,0.0015580506700251051,0.10246564894434979,0.008987865605802264,2.5422194288448957e-09,7.476080574175027e-10,0.018132996601618465,3.460847215431615e+29,5.991669907018604,True,nan,physical_failure,eternal_inflation
0.5613722435820998,0.45,nan,0.0015580506700251051,0.2526175096119449,0.022158569720255726,1.1986940362355262e-09,1.2881437577658685e-10,0.04470485983350611,1.450646574949141e+34,4.628327323139558,True,nan,physical_failure,eternal_inflation
1.384,0.45,nan,0.0015580506700251051,0.6228,0.05462945637843752,nan,nan,nan,nan,nan,nan,nan,not_fopt,non_finite_observable (no FOPT found / bracket fail)
0.0025,0.53,nan,0.0029980232791026644,0.001325,0.00013688551966658727,1.2420186385205015e-06,8.212610532339199e-07,0.00023447866284484088,6644899306.88344,23.330937083912318,False,5.742240630080233e-10,viable,
0.006163468250446161,0.53,nan,0.0029980232791026644,0.003266638172736466,0.0003374758217643337,2.5874171025616874e-06,1.7000999954822456e-06,0.0005780752505740189,13367175178.137949,22.23655580039008,False,1.4069378003080985e-09,viable,
0.015195336349703135,0.53,nan,0.0029980232791026644,0.008053528265342662,0.0008320086050950787,5.334261917764403e-06,3.4804760559745885e-06,0.0014251520788196683,28111902705.22457,21.15708327340826,False,3.3238212953151594e-09,viable,
0.037462389258498305,0.53,nan,0.0029980232791026644,0.019855066307004104,0.002051223448640607,1.0870460953827848e-05,7.037490065622483e-06,0.0035134173741916195,62122338998.18876,20.092152348212267,False,7.788609955266057e-09,viable,
0.09235929871224383,0.53,nan,0.0029980232791026644,0.048950428317489234,0.0050570602401068246,2.186728383741897e-05,1.4033117758368579e-05,0.00866128279349033,145114963302.65216,19.041318516570982,False,1.8203874863912975e-08,viable,
0.22770144209855508,0.53,nan,0.0029980232791026644,0.12068176431223421,0.012467612092196817,4.335217482281428e-05,2.7669955149216544e-05,0.021350285963536143,354471207308.4124,18.0235980811716,False,4.2918776809460065e-08,viable,
0.5613722435820998,0.53,nan,0.0029980232791026644,0.2975272890985129,0.030737492515653497,8.45375838732655e-05,5.291543130079067e-05,0.05255734461238934,973204926387.7888,16.96493259332499,False,1.0385060269650194e-07,viable,
1.384,0.53,nan,0.0029980232791026644,0.73352,0.07577982368742271,0.0001617636208153628,9.899873222617949e-05,0.12618163633497506,2639162234673.9707,15.919558033189672,False,2.46655424217667e-07,viable,
0.0025,0.6100000000000001,nan,0.0052607887449135395,0.0015250000000000003,0.00018132823733690685,1.9490721157171297e-05,1.3505463894357025e-05,0.00026983526793335406,159350.74495325075,39.62979957471192,False,1.1352149253325985e-09,viable,
0.006163468250446161,0.6100000000000001,nan,0.0052607887449135395,0.003759715632772159,0.0004470443334941566,4.411201108262516e-05,3.3739335651528236e-05,0.0006651038072851058,151011.05874594185,39.87896204841946,False,2.9093321801967045e-09,viable,
0.015195336349703135,0.6100000000000001,nan,0.0052607887449135395,0.009269155173318914,0.0011021374224132391,9.940237095029226e-05,7.540662804854332e-05,0.0016234596359366443,214845.30912869325,38.08691255945007,False,6.818090254895179e-09,viable,
0.037462389258498305,0.6100000000000001,nan,0.0052607887449135395,0.02285205744768397,0.002717195604269028,0.0002229431436614382,0.00016737199400015034,0.003703787238482702,239801.0896535778,36.30571797521043,False,1.4836272755956253e-08,viable,
0.09235929871224383,0.6100000000000001,nan,0.0052607887449135395,0.05633917221446874,0.006698939534865609,0.0004974814299186224,0.0003692628202501447,0.008566989857310744,289713.8000933739,34.560900577204734,False,3.26809265973725e-08,viable,
0.22770144209855508,0.6100000000000001,nan,0.0052607887449135395,0.13889787968011863,0.016515480453921098,0.0011039533136579813,0.0008114807671196293,0.020744889108277983,427100.9421326309,32.88918810879693,False,7.602496018114138e-08,viable,
0.5613722435820998,0.6100000000000001,nan,0.0052607887449135395,0.34243706858508094,0.04071705576744275,0.0024349802238476303,0.0017706859822996526,0.05095674829509258,685867.140041274,31.249155219825298,False,1.8518057415070366e-07,viable,
1.384,0.6100000000000001,nan,0.0052607887449135395,0.8442400000000001,0.10038331218971162,0.005335317462101836,0.0038357441979161417,0.12556226047816638,1148252.9694026425,29.64704083019853,False,4.5674324985683776e-07,viable,
0.0025,0.6900000000000001,nan,0.008612473235565344,0.0017250000000000002,0.0002320085294170958,7.984050385467922e-05,6.649760394023719e-05,0.00030377496143588504,434.4957386239562,68.62358394300826,False,2.229449228227071e-09,viable,
0.006163468250446161,0.6900000000000001,nan,0.008612473235565344,0.004252793092807852,0.0005719908819579897,0.00018761518800311568,0.00015617101816080555,0.0006958648041847285,393.18284302289015,65.77381502771118,False,5.02419231889151e-09,viable,
0.015195336349703135,0.6900000000000001,nan,0.008612473235565344,0.010484782081295163,0.001410179056197106,0.0004397503419215166,0.0003625613861706569,0.001596342823410589,374.8187659896525,62.5371385434903,False,1.1007797961693392e-08,viable,
0.037462389258498305,0.6900000000000001,nan,0.008612473235565344,0.025849048588363833,0.003476637536125999,0.0010279567907281312,0.0008424107179723743,0.0038614587952897367,440.47903527809825,59.61876093583385,False,2.5400261626020435e-08,viable,
0.09235929871224383,0.6900000000000001,nan,0.008612473235565344,0.06372791611144825,0.008571258028888784,0.00239599319977021,0.0019489424164794852,0.009485890868856681,560.1984532504811,56.75009215357817,False,5.942378491230189e-08,viable,
0.22770144209855508,0.6900000000000001,nan,0.008612473235565344,0.15711399504800302,0.0211314706909751,0.005567364893831648,0.0044942684244485415,0.02337385238354562,730.6193070412817,53.98796575708786,False,1.4118130910849376e-07,viable,
0.5613722435820998,0.6900000000000001,nan,0.008612473235565344,0.3873468480716489,0.052097259475623464,0.012893493091528896,0.010324414313651848,0.05758894679547526,967.0434424463134,51.31422612058145,False,3.4535290067617295e-07,viable,
1.384,0.6900000000000001,nan,0.008612473235565344,0.95496,0.12843992188530423,0.029753483359945213,0.023626987365740877,0.13982875770880204,1225.7402097455185,48.73365828792941,False,8.490273616941958e-07,viable,
0.0025,0.77,nan,0.01335655396030361,0.001925,0.0002889263959071541,0.0001654596458573425,0.00014825759158487194,0.0003205414904193279,20.85089572188428,126.64464431688316,False,4.355662281123138e-09,viable,
0.006163468250446161,0.77,nan,0.01335655396030361,0.0047458705528435445,0.0007123154671558328,0.0003981680136541779,0.00035423775207294974,0.0007329866447643676,17.331790016666705,118.89532343099063,False,9.570405094421592e-09,viable,
0.015195336349703135,0.77,nan,0.01335655396030361,0.011700408989271414,0.0017561335064466793,0.0009565990420225464,0.0008483526906273582,0.0017705607507993385,17.97306805254716,112.20594579927479,False,2.190897614264825e-08,viable,
0.037462389258498305,0.77,nan,0.01335655396030361,0.028846039729043694,0.004329549244211519,0.0022956353896953752,0.002025901085790566,0.0043438501238014385,20.136174244449144,105.50115315466257,False,5.0565472043554806e-08,viable,
0.09235929871224383,0.77,nan,0.01335655396030361,0.07111666000842774,0.010674015722176348,0.005500938661233951,0.004825022993893384,0.01068880452093066,23.083466015294828,98.98946394750395,False,1.1680970710662721e-07,viable,
0.22770144209855508,0.77,nan,0.01335655396030361,0.17533011041588742,0.02631558280335882,0.01315826365702958,0.011467678786863215,0.026298716429031505,26.65897807498865,92.87023326577071,False,2.7479061883995017e-07,viable,
0.5613722435820998,0.77,nan,0.01335655396030361,0.43225662755821687,0.06487810364019565,0.031406503141993426,0.027182206869957985,0.0633140764455147,28.43487878229043,87.08612872365508,False,6.465983998973771e-07,viable,
1.384,0.77,nan,0.01335655396030361,1.06568,0.1599496527742005,0.07478483025309753,0.06425410395358967,0.14901816308607016,27.930326584085304,81.65865607708156,False,1.5255673287652766e-06,viable,
0.0025,0.8500000000000001,nan,0.01983385916951179,0.002125,0.000352081836807082,0.00026050688448103694,0.00023676637732539602,0.0003522455979144203,3.8989406774839117,156.88462249414667,False,5.961956172071221e-09,viable,
0.006163468250446161,0.8500000000000001,nan,0.01983385916951179,0.005238948012879238,0.0008680180890876865,0.0006290678401956014,0.0005701907890847882,0.0008356681094967477,3.6137549772084614,151.49883184915325,False,1.3918301126544137e-08,viable,
0.015195336349703135,0.8500000000000001,nan,0.01983385916951179,0.012916035897247666,0.0021400007731619598,0.001518438606772907,0.001372226977521584,0.00203739124251911,3.859526196294753,146.4731533663013,False,3.291684991876613e-08,viable,
0.037462389258498305,0.8500000000000001,nan,0.01983385916951179,0.031843030869723565,0.005275930728525592,0.003662475488035225,0.003299714184749929,0.0049932320076582545,4.243505021409764,141.8176267842881,False,7.81373112385142e-08,viable,
0.09235929871224383,0.8500000000000001,nan,0.01983385916951179,0.07850540390540726,0.013007212614728305,0.008826425303934196,0.007928814067254125,0.012248648143057334,4.6953406099481505,137.61159494073638,False,1.861108142955993e-07,viable,
0.22770144209855508,0.8500000000000001,nan,0.01983385916951179,0.19354622578377184,0.032067816791072276,0.021249901300135175,0.019035174871033105,0.029869182963020918,5.062697351753902,133.94140620520997,False,4.5314910764660753e-07,viable,
0.5613722435820998,0.8500000000000001,nan,0.01983385916951179,0.47716640704478486,0.07905958826115933,0.05108930540818185,0.045643082565628844,0.07058455075158987,4.719245644292494,130.99500674478293,False,1.0890251080924753e-06,viable,
1.384,0.8500000000000001,nan,0.01983385916951179,1.1764000000000001,0.19491250485640055,0.1226900031781715,0.10935533147300885,0.1660978593365579,4.322262564655853,129.32755626562198,False,3.1700745154755835e-06,viable,
